merchant_id,status_conta,status_seller,dias_desde_ativacao,idade_loja_dias,gmv_ultimos_30d,gmv_ultimos_90d,numero_vendas_30d,numero_vendas_90d,usa_nuvem_marketing,usa_nuvem_chat,usa_concorrente
100001,ativo,no-seller,57,223,0,0,0,0,sim,sim,nao
100002,ativo,struggling-seller,5,44,126,235,1,2,nao,nao,nao
100003,ativo,no-seller,104,1540,0,0,0,0,sim,sim,nao
100004,ativo,tiny-seller,549,1365,910,2503,4,10,nao,nao,sim
100005,ativo,no-seller,162,226,0,0,0,0,nao,nao,nao
100006,ativo,struggling-seller,73,1157,192,993,1,5,nao,sim,nao
100007,ativo,no-seller,58,61,0,0,0,0,nao,nao,nao
100008,ativo,no-seller,469,2609,0,0,0,0,sim,nao,nao
100009,ativo,tiny-seller,298,438,1853,6797,5,19,nao,nao,nao
100010,ativo,no-seller,11,715,0,0,0,0,nao,sim,nao
100011,ativo,tiny-seller,150,301,775,3023,5,20,nao,nao,nao
100012,ativo,no-seller,543,2984,0,0,0,0,nao,nao,nao
100013,ativo,no-seller,314,3328,0,0,0,0,nao,nao,nao
100014,ativo,struggling-seller,778,1852,207,1027,1,5,nao,nao,nao
100015,cancelado,struggling-seller,264,456,166,351,2,4,nao,nao,sim
100016,ativo,struggling-seller,33,164,414,1261,2,6,nao,nao,nao
100017,cancelado,no-seller,173,394,0,0,0,0,nao,sim,nao
100018,ativo,no-seller,118,138,0,0,0,0,nao,nao,nao
100019,ativo,struggling-seller,34,53,0,237,0,1,nao,nao,nao
100020,ativo,no-seller,569,3023,0,0,0,0,nao,nao,nao
100021,ativo,no-seller,62,1395,0,0,0,0,nao,sim,nao
100022,ativo,tiny-seller,65,119,465,1536,3,9,sim,nao,nao
100023,ativo,no-seller,321,1100,0,0,0,0,nao,nao,nao
100024,ativo,no-seller,74,1477,0,0,0,0,sim,nao,nao
100025,ativo,struggling-seller,135,596,245,712,1,3,sim,nao,nao
100026,ativo,small-seller,14,102,12865,42199,44,144,nao,nao,sim
100027,ativo,no-seller,8,31,0,0,0,0,nao,nao,nao
100028,ativo,no-seller,4,34,0,0,0,0,nao,nao,nao
100029,ativo,no-seller,440,713,0,0,0,0,sim,nao,nao
100030,ativo,tiny-seller,215,2472,2028,4410,12,28,nao,nao,nao
100031,trial,struggling-seller,210,291,534,1508,2,6,nao,nao,nao
100032,ativo,no-seller,84,146,0,0,0,0,nao,sim,nao
100033,ativo,struggling-seller,549,1140,221,635,1,3,nao,nao,nao
100034,ativo,struggling-seller,181,202,80,308,1,4,nao,nao,nao
100035,ativo,no-seller,209,262,0,0,0,0,nao,nao,nao
100036,ativo,struggling-seller,89,357,361,912,2,5,nao,nao,nao
100037,churnado,struggling-seller,290,1058,191,1053,1,5,nao,nao,nao
100038,ativo,small-seller,735,778,12602,32702,49,120,nao,nao,nao
100039,ativo,small-seller,17,94,22602,53522,57,133,nao,nao,nao
100040,ativo,no-seller,652,1477,0,0,0,0,nao,nao,nao
100041,ativo,no-seller,240,1289,0,0,0,0,nao,nao,nao
100042,ativo,no-seller,723,1201,0,0,0,0,nao,nao,nao
100043,ativo,no-seller,398,1965,0,0,0,0,nao,nao,nao
100044,ativo,tiny-seller,3,359,2153,4856,8,18,nao,nao,nao
100045,ativo,tiny-seller,478,1339,1299,3052,5,11,nao,nao,nao
100046,ativo,small-seller,212,227,7535,18067,34,84,nao,nao,nao
100047,trial,no-seller,85,97,0,0,0,0,sim,nao,nao
100048,ativo,no-seller,765,871,0,0,0,0,nao,nao,nao
100049,ativo,struggling-seller,589,2742,415,1298,2,6,nao,nao,nao
100050,ativo,no-seller,379,661,0,0,0,0,sim,nao,sim
100051,ativo,no-seller,185,447,0,0,0,0,nao,nao,nao
100052,ativo,struggling-seller,276,3109,441,1202,2,5,nao,nao,nao
100053,ativo,no-seller,20,42,0,0,0,0,nao,nao,nao
100054,ativo,small-seller,282,1233,9288,24336,39,102,nao,sim,nao
100055,ativo,no-seller,484,795,0,0,0,0,nao,nao,nao
100056,ativo,no-seller,156,485,0,0,0,0,nao,nao,nao
100057,ativo,struggling-seller,189,1532,97,206,1,2,sim,sim,nao
100058,ativo,medium-seller,714,715,34082,80967,124,280,nao,sim,sim
100059,ativo,struggling-seller,155,1169,236,448,1,2,nao,nao,nao
100060,ativo,no-seller,61,758,0,0,0,0,nao,nao,nao
100061,ativo,no-seller,160,1064,0,0,0,0,nao,nao,nao
100062,ativo,struggling-seller,33,518,149,280,1,2,nao,sim,nao
100063,ativo,no-seller,7,108,0,0,0,0,sim,nao,nao
100064,ativo,no-seller,88,96,0,0,0,0,nao,nao,nao
100065,ativo,no-seller,442,846,0,0,0,0,nao,nao,sim
100066,ativo,struggling-seller,601,2164,0,261,0,1,nao,nao,nao
100067,ativo,no-seller,53,292,0,0,0,0,nao,nao,nao
100068,ativo,medium-seller,563,1837,49203,127390,72,188,nao,nao,nao
100069,ativo,struggling-seller,208,1521,167,537,1,3,nao,nao,sim
100070,cancelado,small-seller,60,501,16308,53649,34,113,nao,nao,nao
100071,ativo,tiny-seller,202,224,3050,7105,8,20,nao,nao,nao
100072,ativo,no-seller,193,2779,0,0,0,0,nao,nao,nao
100073,ativo,no-seller,242,273,0,0,0,0,nao,nao,nao
100074,ativo,tiny-seller,507,3277,816,3516,2,8,nao,nao,sim
100075,ativo,no-seller,407,929,0,0,0,0,nao,nao,nao
100076,ativo,no-seller,249,271,0,0,0,0,nao,sim,sim
100077,ativo,small-seller,764,3469,5096,18368,11,42,nao,nao,nao
100078,ativo,struggling-seller,174,1706,88,185,1,2,sim,nao,nao
100079,ativo,no-seller,176,462,0,0,0,0,nao,nao,nao
100080,ativo,no-seller,98,254,0,0,0,0,nao,sim,nao
100081,ativo,no-seller,22,1224,0,0,0,0,nao,nao,nao
100082,ativo,struggling-seller,50,1440,180,946,1,5,nao,nao,nao
100083,ativo,no-seller,40,943,0,0,0,0,nao,nao,nao
100084,ativo,no-seller,191,245,0,0,0,0,nao,nao,nao
100085,ativo,no-seller,279,587,0,0,0,0,nao,nao,nao
100086,ativo,tiny-seller,346,1450,662,1636,4,10,sim,nao,nao
100087,ativo,no-seller,268,1463,0,0,0,0,nao,nao,nao
100088,ativo,no-seller,35,41,0,0,0,0,nao,nao,nao
100089,ativo,no-seller,664,1232,0,0,0,0,nao,nao,nao
100090,ativo,no-seller,68,79,0,0,0,0,sim,nao,nao
100091,ativo,medium-seller,380,422,46110,158321,91,309,nao,nao,nao
100092,ativo,small-seller,62,1005,16545,40904,36,81,nao,nao,nao
100093,ativo,tiny-seller,600,718,1442,3100,6,13,nao,sim,nao
100094,ativo,no-seller,602,1681,0,0,0,0,nao,nao,sim
100095,ativo,struggling-seller,487,1445,462,921,2,4,nao,nao,sim
100096,ativo,no-seller,502,1168,0,0,0,0,nao,nao,nao
100097,ativo,no-seller,79,97,0,0,0,0,nao,nao,nao
100098,cancelado,struggling-seller,309,485,84,354,1,4,nao,nao,nao
100099,ativo,no-seller,383,1082,0,0,0,0,nao,nao,nao
100100,ativo,no-seller,381,444,0,0,0,0,nao,nao,nao
100101,ativo,struggling-seller,62,287,146,577,1,4,nao,nao,nao
100102,ativo,tiny-seller,142,340,2429,6541,9,25,nao,sim,nao
100103,ativo,small-seller,92,316,10158,31651,46,142,sim,nao,nao
100104,churnado,struggling-seller,159,2342,204,406,1,2,nao,sim,nao
100105,ativo,struggling-seller,112,261,232,927,1,4,nao,nao,nao
100106,ativo,struggling-seller,362,1094,0,144,0,1,nao,nao,nao
100107,ativo,medium-seller,353,498,72131,234206,166,521,sim,nao,nao
100108,ativo,small-seller,75,314,6535,17457,23,61,nao,nao,nao
100109,ativo,struggling-seller,330,3342,254,767,2,6,sim,nao,nao
100110,ativo,medium-seller,64,75,101193,323501,171,544,sim,sim,nao
100111,ativo,no-seller,516,1292,0,0,0,0,nao,sim,nao
100112,cancelado,struggling-seller,372,884,227,673,1,3,nao,nao,nao
100113,churnado,struggling-seller,10,114,207,1024,1,5,nao,nao,nao
100114,ativo,medium-seller,539,3466,37257,114065,85,246,sim,sim,nao
100115,ativo,tiny-seller,539,1980,1266,3124,3,8,nao,sim,nao
100116,ativo,medium-seller,770,886,123709,344007,222,610,nao,nao,nao
100117,ativo,no-seller,35,152,0,0,0,0,nao,sim,nao
100118,ativo,small-seller,528,1279,13890,30261,60,139,nao,nao,nao
100119,ativo,no-seller,41,368,0,0,0,0,nao,sim,nao
100120,ativo,struggling-seller,140,1699,0,110,0,1,nao,nao,nao
100121,ativo,no-seller,77,238,0,0,0,0,sim,nao,nao
100122,ativo,no-seller,511,1991,0,0,0,0,nao,sim,nao
100123,ativo,no-seller,314,440,0,0,0,0,nao,nao,nao
100124,ativo,struggling-seller,269,330,344,951,2,5,nao,nao,nao
100125,ativo,tiny-seller,340,1392,1289,3336,4,11,sim,nao,nao
100126,ativo,no-seller,10,151,0,0,0,0,nao,nao,nao
100127,ativo,no-seller,41,46,0,0,0,0,nao,nao,nao
100128,ativo,no-seller,47,96,0,0,0,0,nao,nao,nao
100129,churnado,no-seller,127,141,0,0,0,0,nao,nao,nao
100130,ativo,no-seller,421,442,0,0,0,0,nao,nao,nao
100131,ativo,no-seller,367,470,0,0,0,0,nao,nao,nao
100132,ativo,small-seller,222,318,4020,15410,19,66,nao,nao,nao
100133,ativo,no-seller,370,1006,0,0,0,0,nao,nao,nao
100134,ativo,medium-seller,39,346,98192,256438,261,738,sim,nao,nao
100135,ativo,struggling-seller,502,1201,103,213,1,2,nao,sim,nao
100136,ativo,tiny-seller,717,1281,2191,6478,9,27,nao,nao,nao
100137,ativo,no-seller,367,387,0,0,0,0,nao,nao,nao
100138,ativo,no-seller,657,3184,0,0,0,0,sim,nao,nao
100139,ativo,tiny-seller,601,710,560,2059,3,12,nao,nao,nao
100140,ativo,no-seller,141,149,0,0,0,0,nao,nao,nao
100141,ativo,struggling-seller,594,826,132,242,1,2,nao,nao,nao
100142,ativo,struggling-seller,40,43,111,563,1,5,nao,nao,nao
100143,ativo,struggling-seller,353,1387,91,378,1,4,nao,nao,nao
100144,ativo,no-seller,160,285,0,0,0,0,nao,nao,nao
100145,ativo,small-seller,92,577,9088,23886,31,81,nao,nao,nao
100146,ativo,struggling-seller,374,1542,0,160,0,1,nao,sim,nao
100147,ativo,tiny-seller,187,300,1124,3026,4,11,nao,nao,nao
100148,ativo,large-seller,306,1413,269740,639059,523,1358,nao,nao,nao
100149,ativo,no-seller,233,527,0,0,0,0,nao,nao,nao
100150,ativo,struggling-seller,151,2023,236,708,2,6,nao,nao,nao
100151,ativo,struggling-seller,574,626,272,759,1,3,nao,nao,nao
100152,ativo,medium-seller,76,227,76251,193689,138,381,nao,nao,nao
100153,ativo,small-seller,176,381,11230,34233,45,129,nao,nao,nao
100154,ativo,struggling-seller,248,811,0,171,0,1,nao,nao,nao
100155,churnado,small-seller,204,533,21634,50536,50,127,nao,nao,nao
100156,ativo,small-seller,406,3466,19684,65317,36,131,nao,nao,nao
100157,ativo,small-seller,479,2094,7290,17316,27,65,nao,nao,nao
100158,ativo,tiny-seller,88,618,1576,3432,8,19,nao,nao,sim
100159,ativo,struggling-seller,7,59,224,468,2,4,nao,nao,nao
100160,ativo,tiny-seller,425,870,3169,8357,12,29,nao,nao,sim
100161,ativo,no-seller,517,700,0,0,0,0,nao,nao,nao
100162,ativo,no-seller,734,1143,0,0,0,0,nao,sim,nao
100163,ativo,no-seller,467,613,0,0,0,0,nao,nao,nao
100164,ativo,no-seller,0,202,0,0,0,0,nao,nao,sim
100165,ativo,no-seller,70,3430,0,0,0,0,nao,nao,nao
100166,ativo,no-seller,746,993,0,0,0,0,nao,nao,nao
100167,ativo,small-seller,384,2540,5738,14999,15,41,nao,sim,sim
100168,ativo,struggling-seller,544,691,383,778,2,4,nao,nao,sim
100169,ativo,no-seller,38,45,0,0,0,0,nao,nao,nao
100170,ativo,no-seller,57,679,0,0,0,0,sim,nao,nao
100171,ativo,struggling-seller,688,783,128,367,1,3,sim,nao,nao
100172,ativo,no-seller,390,1000,0,0,0,0,nao,nao,nao
100173,ativo,no-seller,484,1491,0,0,0,0,nao,nao,nao
100174,ativo,no-seller,26,57,0,0,0,0,nao,nao,nao
100175,ativo,no-seller,460,1012,0,0,0,0,nao,sim,nao
100176,ativo,no-seller,617,1116,0,0,0,0,sim,sim,nao
100177,ativo,struggling-seller,53,166,147,425,1,3,nao,nao,nao
100178,ativo,no-seller,332,510,0,0,0,0,nao,nao,nao
100179,ativo,no-seller,480,3283,0,0,0,0,nao,nao,nao
100180,ativo,no-seller,759,2191,0,0,0,0,sim,nao,nao
100181,ativo,no-seller,42,115,0,0,0,0,nao,nao,nao
100182,ativo,small-seller,250,298,13340,30700,53,123,nao,sim,sim
100183,ativo,medium-seller,782,1094,30037,77349,59,157,nao,nao,nao
100184,trial,struggling-seller,33,35,262,854,2,6,sim,nao,nao
100185,ativo,no-seller,191,385,0,0,0,0,nao,nao,nao
100186,ativo,no-seller,82,1932,0,0,0,0,nao,nao,nao
100187,ativo,no-seller,57,713,0,0,0,0,nao,nao,sim
100188,ativo,struggling-seller,48,290,509,1332,2,5,nao,nao,nao
100189,ativo,no-seller,36,158,0,0,0,0,nao,nao,nao
100190,ativo,no-seller,99,188,0,0,0,0,nao,nao,nao
100191,ativo,tiny-seller,80,1181,2140,5624,8,23,nao,nao,nao
100192,ativo,no-seller,384,714,0,0,0,0,nao,nao,nao
100193,ativo,struggling-seller,730,1739,0,83,0,1,nao,nao,nao
100194,ativo,no-seller,417,719,0,0,0,0,sim,sim,nao
100195,ativo,tiny-seller,12,2188,1944,5552,6,16,nao,nao,nao
100196,ativo,no-seller,200,251,0,0,0,0,sim,nao,nao
100197,ativo,struggling-seller,27,148,135,251,1,2,nao,nao,nao
100198,churnado,no-seller,203,268,0,0,0,0,nao,nao,nao
100199,ativo,struggling-seller,96,190,252,692,1,3,nao,nao,nao
100200,ativo,struggling-seller,418,1872,430,863,3,6,nao,nao,nao
100201,ativo,struggling-seller,368,1695,404,1333,2,6,nao,nao,nao
100202,ativo,medium-seller,5,442,47613,115126,102,251,nao,nao,sim
100203,ativo,no-seller,118,3069,0,0,0,0,nao,nao,nao
100204,ativo,tiny-seller,356,632,1827,6230,7,22,nao,nao,nao
100205,ativo,struggling-seller,218,289,126,494,1,4,nao,nao,nao
100206,ativo,tiny-seller,6,59,2219,5788,9,24,nao,nao,nao
100207,ativo,tiny-seller,304,1254,2604,7379,9,26,nao,nao,nao
100208,ativo,small-seller,177,2759,9559,29667,35,102,nao,nao,nao
100209,ativo,no-seller,454,1273,0,0,0,0,nao,sim,sim
100210,ativo,no-seller,137,223,0,0,0,0,nao,nao,nao
100211,ativo,struggling-seller,586,608,0,123,0,1,nao,nao,nao
100212,ativo,no-seller,209,210,0,0,0,0,sim,nao,nao
100213,ativo,no-seller,705,1404,0,0,0,0,nao,nao,nao
100214,ativo,no-seller,52,157,0,0,0,0,nao,nao,nao
100215,ativo,no-seller,299,3257,0,0,0,0,nao,nao,nao
100216,cancelado,struggling-seller,52,78,0,273,0,1,nao,nao,nao
100217,ativo,no-seller,787,965,0,0,0,0,sim,nao,nao
100218,churnado,no-seller,335,2951,0,0,0,0,nao,nao,nao
100219,ativo,medium-seller,714,969,89732,289035,159,517,sim,nao,nao
100220,ativo,tiny-seller,40,51,4255,9224,9,21,nao,nao,nao
100221,ativo,no-seller,21,70,0,0,0,0,sim,nao,nao
100222,ativo,no-seller,12,75,0,0,0,0,sim,nao,nao
100223,ativo,struggling-seller,21,34,0,218,0,1,sim,nao,nao
100224,ativo,large-seller,67,108,315637,760157,514,1327,sim,sim,nao
100225,ativo,no-seller,322,3085,0,0,0,0,nao,nao,nao
100226,ativo,struggling-seller,291,1324,173,491,2,6,nao,nao,nao
100227,ativo,struggling-seller,1,64,272,773,1,3,sim,sim,nao
100228,ativo,no-seller,518,1686,0,0,0,0,nao,nao,nao
100229,ativo,no-seller,550,989,0,0,0,0,nao,nao,nao
100230,ativo,no-seller,549,1801,0,0,0,0,nao,nao,nao
100231,ativo,struggling-seller,223,263,433,1259,2,6,sim,sim,nao
100232,trial,struggling-seller,264,310,274,834,2,6,nao,nao,nao
100233,ativo,struggling-seller,56,608,360,800,2,4,nao,sim,sim
100234,ativo,small-seller,9,135,15987,37903,42,101,sim,nao,sim
100235,ativo,struggling-seller,25,51,0,220,0,1,nao,nao,nao
100236,churnado,top-seller,750,1609,1220436,2630843,1591,3739,sim,nao,nao
100237,ativo,no-seller,243,654,0,0,0,0,nao,nao,nao
100238,ativo,no-seller,14,50,0,0,0,0,nao,nao,nao
100239,ativo,medium-seller,12,72,84270,289380,202,668,nao,nao,nao
100240,ativo,no-seller,25,66,0,0,0,0,sim,nao,nao
100241,ativo,no-seller,61,268,0,0,0,0,nao,nao,nao
100242,ativo,no-seller,20,93,0,0,0,0,nao,nao,nao
100243,ativo,no-seller,151,2134,0,0,0,0,sim,nao,nao
100244,ativo,struggling-seller,44,208,0,263,0,1,nao,nao,nao
100245,ativo,struggling-seller,86,2825,210,982,1,5,nao,nao,nao
100246,ativo,small-seller,370,447,7591,26138,23,81,nao,nao,nao
100247,ativo,no-seller,49,73,0,0,0,0,sim,nao,nao
100248,ativo,struggling-seller,19,1765,198,823,1,4,nao,nao,nao
100249,ativo,large-seller,598,653,234255,552820,444,989,nao,nao,nao
100250,ativo,tiny-seller,81,133,3810,11570,9,30,nao,nao,nao
100251,ativo,no-seller,56,181,0,0,0,0,sim,nao,nao
100252,ativo,tiny-seller,90,302,747,3049,4,17,nao,nao,nao
100253,ativo,medium-seller,447,1378,104117,302359,239,649,nao,nao,nao
100254,ativo,medium-seller,400,2935,142870,488674,204,732,nao,nao,nao
100255,ativo,no-seller,654,1268,0,0,0,0,nao,nao,sim
100256,ativo,struggling-seller,55,315,142,464,2,6,nao,nao,nao
100257,ativo,no-seller,4,65,0,0,0,0,nao,nao,nao
100258,ativo,no-seller,38,351,0,0,0,0,nao,nao,sim
100259,ativo,struggling-seller,31,545,455,871,2,4,nao,nao,nao
100260,ativo,no-seller,502,767,0,0,0,0,sim,nao,nao
100261,ativo,struggling-seller,204,853,0,82,0,1,sim,nao,nao
100262,ativo,no-seller,134,470,0,0,0,0,nao,nao,nao
100263,ativo,no-seller,99,1212,0,0,0,0,sim,nao,nao
100264,churnado,struggling-seller,396,716,275,660,2,5,nao,nao,nao
100265,ativo,struggling-seller,57,93,271,509,1,2,sim,nao,nao
100266,ativo,tiny-seller,71,73,2758,7101,8,19,sim,nao,nao
100267,churnado,no-seller,12,84,0,0,0,0,nao,nao,nao
100268,ativo,no-seller,585,1042,0,0,0,0,nao,sim,nao
100269,ativo,struggling-seller,39,1200,380,792,2,4,nao,nao,nao
100270,ativo,small-seller,95,102,13604,40939,29,87,nao,nao,sim
100271,ativo,no-seller,413,1270,0,0,0,0,sim,nao,nao
100272,trial,no-seller,59,1965,0,0,0,0,nao,nao,nao
100273,ativo,no-seller,517,1902,0,0,0,0,nao,nao,nao
100274,ativo,no-seller,445,471,0,0,0,0,nao,nao,nao
100275,ativo,no-seller,92,1951,0,0,0,0,nao,nao,nao
100276,ativo,medium-seller,662,2138,44322,99414,165,381,nao,sim,nao
100277,ativo,no-seller,658,3126,0,0,0,0,nao,nao,nao
100278,ativo,no-seller,133,254,0,0,0,0,nao,nao,nao
100279,ativo,struggling-seller,383,2038,377,990,2,5,nao,nao,nao
100280,ativo,tiny-seller,614,2479,1700,5935,6,19,nao,nao,nao
100281,ativo,no-seller,487,666,0,0,0,0,nao,nao,nao
100282,ativo,tiny-seller,185,2287,880,3069,5,16,nao,nao,nao
100283,ativo,no-seller,75,208,0,0,0,0,nao,sim,sim
100284,ativo,struggling-seller,483,920,144,294,1,2,nao,nao,nao
100285,ativo,struggling-seller,499,1626,168,506,1,3,nao,sim,nao
100286,ativo,no-seller,392,3108,0,0,0,0,sim,nao,nao
100287,churnado,small-seller,543,1504,6758,20351,19,55,sim,sim,nao
100288,ativo,struggling-seller,444,640,531,1683,2,6,nao,nao,nao
100289,ativo,no-seller,333,338,0,0,0,0,nao,nao,nao
100290,ativo,struggling-seller,49,833,171,546,2,6,nao,sim,nao
100291,ativo,struggling-seller,717,927,159,302,1,2,nao,nao,nao
100292,ativo,no-seller,212,701,0,0,0,0,nao,nao,nao
100293,trial,no-seller,73,87,0,0,0,0,nao,nao,sim
100294,ativo,struggling-seller,32,81,218,617,2,6,nao,nao,sim
100295,ativo,no-seller,679,2101,0,0,0,0,nao,nao,nao
100296,churnado,no-seller,381,1382,0,0,0,0,nao,nao,nao
100297,churnado,no-seller,244,367,0,0,0,0,nao,nao,nao
100298,ativo,struggling-seller,54,57,114,212,1,2,nao,nao,nao
100299,ativo,no-seller,451,2377,0,0,0,0,sim,nao,nao
100300,ativo,struggling-seller,590,1562,294,928,2,6,nao,nao,nao
100301,ativo,struggling-seller,55,3356,0,189,0,1,sim,nao,nao
100302,ativo,no-seller,410,496,0,0,0,0,nao,sim,nao
100303,ativo,medium-seller,18,1443,63523,146016,110,256,nao,nao,nao
100304,ativo,tiny-seller,339,2045,1831,7543,6,24,nao,nao,nao
100305,ativo,no-seller,504,2455,0,0,0,0,sim,nao,nao
100306,ativo,struggling-seller,100,142,183,347,1,2,nao,nao,nao
100307,ativo,struggling-seller,49,655,453,1223,2,5,nao,nao,nao
100308,ativo,no-seller,709,3262,0,0,0,0,nao,nao,nao
100309,churnado,no-seller,52,102,0,0,0,0,nao,nao,nao
100310,ativo,struggling-seller,111,268,133,264,1,2,nao,nao,nao
100311,ativo,struggling-seller,727,2875,156,687,1,4,sim,nao,nao
100312,cancelado,struggling-seller,7,111,424,1347,2,6,nao,nao,nao
100313,ativo,struggling-seller,48,1197,143,540,1,4,nao,nao,nao
100314,ativo,struggling-seller,559,1495,332,993,2,6,nao,nao,nao
100315,ativo,struggling-seller,84,202,414,830,2,4,nao,nao,nao
100316,ativo,no-seller,17,139,0,0,0,0,nao,nao,nao
100317,ativo,no-seller,679,2343,0,0,0,0,nao,nao,nao
100318,ativo,struggling-seller,770,3459,179,556,2,6,nao,nao,nao
100319,ativo,no-seller,788,2580,0,0,0,0,nao,nao,nao
100320,ativo,small-seller,131,146,9335,20982,17,41,nao,sim,nao
100321,ativo,medium-seller,662,1605,35745,97390,81,224,nao,nao,nao
100322,ativo,no-seller,7,37,0,0,0,0,nao,nao,nao
100323,ativo,struggling-seller,74,1231,241,700,1,3,nao,nao,nao
100324,ativo,tiny-seller,649,695,1472,3489,5,11,sim,nao,nao
100325,ativo,no-seller,88,160,0,0,0,0,nao,nao,nao
100326,ativo,no-seller,258,907,0,0,0,0,nao,nao,nao
100327,ativo,tiny-seller,562,2775,1383,4013,7,21,nao,nao,sim
100328,ativo,no-seller,156,286,0,0,0,0,nao,nao,nao
100329,ativo,medium-seller,80,127,49995,146551,139,403,nao,nao,nao
100330,ativo,no-seller,211,229,0,0,0,0,sim,nao,nao
100331,ativo,no-seller,2,66,0,0,0,0,nao,nao,nao
100332,ativo,tiny-seller,9,163,4025,10017,9,24,sim,nao,sim
100333,ativo,no-seller,157,187,0,0,0,0,nao,nao,nao
100334,ativo,struggling-seller,149,750,378,1129,2,6,nao,nao,nao
100335,ativo,no-seller,105,1019,0,0,0,0,nao,nao,nao
100336,ativo,no-seller,178,691,0,0,0,0,nao,nao,nao
100337,ativo,no-seller,57,199,0,0,0,0,nao,nao,nao
100338,ativo,no-seller,513,865,0,0,0,0,nao,nao,nao
100339,ativo,no-seller,20,113,0,0,0,0,nao,nao,nao
100340,ativo,tiny-seller,493,1320,1700,5800,8,28,sim,nao,sim
100341,ativo,no-seller,613,3033,0,0,0,0,nao,nao,nao
100342,ativo,tiny-seller,221,2920,2250,5764,8,21,nao,nao,nao
100343,ativo,struggling-seller,48,63,114,423,1,4,nao,nao,nao
100344,ativo,no-seller,617,1060,0,0,0,0,nao,sim,nao
100345,ativo,no-seller,22,424,0,0,0,0,nao,nao,nao
100346,ativo,tiny-seller,294,315,585,2164,3,10,nao,sim,nao
100347,ativo,no-seller,80,156,0,0,0,0,nao,sim,nao
100348,ativo,no-seller,578,670,0,0,0,0,nao,nao,nao
100349,ativo,no-seller,494,1654,0,0,0,0,sim,nao,nao
100350,cancelado,struggling-seller,407,1599,192,546,2,6,nao,nao,nao
100351,ativo,no-seller,93,973,0,0,0,0,nao,nao,nao
100352,ativo,no-seller,311,344,0,0,0,0,sim,nao,nao
100353,ativo,struggling-seller,611,1280,0,263,0,1,nao,nao,nao
100354,ativo,no-seller,0,187,0,0,0,0,nao,sim,nao
100355,ativo,struggling-seller,102,399,180,423,2,5,nao,nao,nao
100356,ativo,no-seller,129,132,0,0,0,0,sim,sim,nao
100357,churnado,tiny-seller,550,3017,3046,7056,10,25,nao,nao,nao
100358,ativo,tiny-seller,58,169,1566,3928,7,17,nao,nao,nao
100359,ativo,struggling-seller,48,138,239,904,1,4,sim,sim,nao
100360,ativo,no-seller,43,2138,0,0,0,0,nao,nao,nao
100361,ativo,small-seller,281,775,12009,33114,31,93,sim,nao,nao
100362,ativo,no-seller,66,93,0,0,0,0,nao,nao,sim
100363,ativo,struggling-seller,132,282,154,316,1,2,nao,nao,nao
100364,ativo,struggling-seller,25,177,211,676,2,6,nao,nao,nao
100365,ativo,struggling-seller,307,1663,173,523,1,3,nao,nao,nao
100366,churnado,no-seller,7,38,0,0,0,0,nao,nao,nao
100367,ativo,struggling-seller,291,676,144,401,1,3,nao,nao,nao
100368,ativo,no-seller,81,2543,0,0,0,0,sim,nao,nao
100369,ativo,no-seller,277,1004,0,0,0,0,nao,nao,nao
100370,ativo,struggling-seller,85,479,189,411,1,2,nao,nao,sim
100371,ativo,struggling-seller,106,3452,183,546,1,3,sim,sim,nao
100372,ativo,tiny-seller,278,512,3693,9801,9,24,nao,nao,nao
100373,ativo,tiny-seller,187,463,1213,4476,5,20,nao,nao,sim
100374,ativo,no-seller,1,179,0,0,0,0,nao,nao,nao
100375,ativo,no-seller,661,1295,0,0,0,0,nao,nao,nao
100376,ativo,no-seller,627,1545,0,0,0,0,nao,nao,nao
100377,ativo,tiny-seller,35,411,551,2016,3,12,sim,nao,nao
100378,ativo,no-seller,5,33,0,0,0,0,sim,nao,nao
100379,ativo,tiny-seller,474,3475,1902,5877,10,29,nao,nao,nao
100380,ativo,tiny-seller,113,196,756,2199,5,14,nao,nao,sim
100381,churnado,struggling-seller,163,201,103,323,1,3,sim,nao,sim
100382,ativo,tiny-seller,158,529,1111,4117,5,18,sim,nao,nao
100383,ativo,no-seller,660,729,0,0,0,0,nao,nao,nao
100384,ativo,struggling-seller,68,326,221,633,1,3,nao,nao,nao
100385,ativo,no-seller,37,117,0,0,0,0,nao,nao,nao
100386,ativo,struggling-seller,19,1385,436,1090,2,5,nao,nao,nao
100387,ativo,no-seller,68,637,0,0,0,0,sim,nao,nao
100388,ativo,no-seller,8,145,0,0,0,0,nao,nao,nao
100389,ativo,struggling-seller,93,203,146,320,1,2,nao,nao,nao
100390,ativo,struggling-seller,272,1903,174,464,2,5,nao,nao,nao
100391,ativo,tiny-seller,54,415,3002,8732,9,27,nao,nao,nao
100392,ativo,struggling-seller,380,3462,431,907,2,4,nao,nao,nao
100393,ativo,medium-seller,530,839,43003,116169,112,289,nao,nao,nao
100394,ativo,no-seller,70,323,0,0,0,0,nao,nao,nao
100395,ativo,no-seller,582,763,0,0,0,0,nao,nao,nao
100396,ativo,no-seller,706,1916,0,0,0,0,nao,nao,sim
100397,ativo,no-seller,390,1803,0,0,0,0,sim,sim,nao
100398,ativo,tiny-seller,61,417,1479,5110,4,14,nao,nao,nao
100399,ativo,top-seller,770,3169,999694,2480434,1572,3938,nao,nao,nao
100400,ativo,tiny-seller,202,541,1977,5991,7,22,nao,sim,nao
100401,ativo,no-seller,12,307,0,0,0,0,nao,nao,nao
100402,ativo,tiny-seller,451,928,458,1787,2,8,sim,nao,nao
100403,ativo,tiny-seller,241,257,1083,2432,3,7,nao,nao,nao
100404,ativo,no-seller,12,58,0,0,0,0,nao,nao,sim
100405,ativo,no-seller,138,371,0,0,0,0,nao,nao,nao
100406,ativo,no-seller,395,2343,0,0,0,0,nao,nao,nao
100407,ativo,no-seller,544,2211,0,0,0,0,sim,nao,nao
100408,ativo,struggling-seller,33,48,126,378,1,3,nao,nao,nao
100409,ativo,tiny-seller,35,43,1544,3720,6,15,nao,nao,nao
100410,ativo,struggling-seller,67,477,211,428,1,2,nao,nao,nao
100411,ativo,no-seller,34,62,0,0,0,0,nao,sim,nao
100412,ativo,struggling-seller,423,1550,108,477,1,4,nao,nao,nao
100413,ativo,struggling-seller,6,179,84,254,1,3,sim,nao,nao
100414,churnado,small-seller,227,2950,14229,34089,49,126,nao,nao,nao
100415,ativo,tiny-seller,403,1320,2504,6725,9,26,nao,nao,nao
100416,cancelado,no-seller,322,370,0,0,0,0,nao,nao,nao
100417,ativo,tiny-seller,42,235,2182,6662,7,20,nao,nao,nao
100418,ativo,no-seller,29,41,0,0,0,0,nao,nao,nao
100419,ativo,no-seller,728,1191,0,0,0,0,nao,nao,nao
100420,ativo,no-seller,268,333,0,0,0,0,nao,nao,nao
100421,ativo,no-seller,44,707,0,0,0,0,nao,nao,nao
100422,ativo,no-seller,183,2227,0,0,0,0,nao,sim,nao
100423,ativo,medium-seller,46,238,60574,143468,112,271,nao,nao,nao
100424,ativo,no-seller,6,856,0,0,0,0,nao,nao,nao
100425,ativo,tiny-seller,9,52,353,1434,2,8,sim,nao,nao
100426,ativo,struggling-seller,181,1675,486,909,2,4,sim,nao,nao
100427,ativo,no-seller,107,413,0,0,0,0,nao,nao,nao
100428,ativo,struggling-seller,495,3349,578,1191,3,6,sim,nao,nao
100429,ativo,no-seller,59,136,0,0,0,0,nao,nao,sim
100430,trial,struggling-seller,26,92,481,1137,2,5,nao,nao,nao
100431,trial,struggling-seller,291,303,224,1207,1,5,sim,nao,nao
100432,ativo,no-seller,760,1840,0,0,0,0,sim,nao,nao
100433,ativo,struggling-seller,36,38,261,779,2,6,sim,nao,nao
100434,ativo,tiny-seller,161,261,1925,6725,9,29,nao,nao,nao
100435,ativo,no-seller,512,544,0,0,0,0,sim,nao,nao
100436,ativo,no-seller,50,285,0,0,0,0,nao,nao,nao
100437,ativo,struggling-seller,365,496,117,557,1,5,nao,sim,nao
100438,ativo,no-seller,73,152,0,0,0,0,nao,nao,nao
100439,ativo,no-seller,3,222,0,0,0,0,nao,nao,nao
100440,ativo,struggling-seller,180,219,139,457,1,3,nao,sim,nao
100441,ativo,small-seller,706,950,14334,31417,52,120,nao,sim,nao
100442,ativo,no-seller,238,263,0,0,0,0,nao,nao,nao
100443,ativo,no-seller,93,334,0,0,0,0,nao,nao,nao
100444,ativo,no-seller,30,43,0,0,0,0,sim,nao,nao
100445,ativo,no-seller,520,775,0,0,0,0,sim,nao,nao
100446,ativo,struggling-seller,545,1705,287,564,2,4,nao,nao,nao
100447,ativo,no-seller,79,1072,0,0,0,0,nao,nao,nao
100448,ativo,struggling-seller,49,282,109,424,1,4,sim,nao,nao
100449,ativo,struggling-seller,4,30,215,597,2,6,nao,nao,nao
100450,cancelado,no-seller,1,74,0,0,0,0,nao,nao,nao
100451,ativo,no-seller,54,2491,0,0,0,0,sim,nao,nao
100452,ativo,no-seller,27,44,0,0,0,0,nao,nao,nao
100453,ativo,no-seller,678,693,0,0,0,0,sim,nao,nao
100454,ativo,no-seller,147,418,0,0,0,0,nao,nao,nao
100455,ativo,no-seller,498,1325,0,0,0,0,nao,nao,nao
100456,ativo,tiny-seller,712,2161,2277,7297,9,26,nao,nao,nao
100457,ativo,small-seller,34,780,4390,8756,16,35,nao,nao,sim
100458,ativo,no-seller,79,523,0,0,0,0,nao,nao,nao
100459,ativo,small-seller,11,667,9435,31782,26,91,nao,nao,nao
100460,ativo,struggling-seller,586,785,0,167,0,1,nao,nao,nao
100461,ativo,struggling-seller,756,2570,212,387,1,2,nao,nao,nao
100462,ativo,tiny-seller,196,411,1683,4313,6,14,nao,nao,nao
100463,churnado,small-seller,174,182,13244,41917,38,121,nao,sim,nao
100464,ativo,tiny-seller,667,886,1423,3495,6,15,nao,nao,nao
100465,ativo,struggling-seller,69,1113,0,129,0,1,nao,nao,nao
100466,ativo,no-seller,88,3028,0,0,0,0,nao,nao,nao
100467,ativo,struggling-seller,113,3127,249,722,2,6,nao,nao,nao
100468,ativo,no-seller,30,371,0,0,0,0,nao,nao,nao
100469,ativo,medium-seller,100,152,38261,140476,100,333,sim,nao,nao
100470,trial,struggling-seller,0,1035,0,218,0,1,nao,nao,nao
100471,ativo,no-seller,798,2991,0,0,0,0,nao,nao,nao
100472,ativo,struggling-seller,323,391,181,598,2,6,nao,nao,nao
100473,ativo,struggling-seller,43,328,307,896,2,6,nao,nao,nao
100474,churnado,no-seller,172,300,0,0,0,0,nao,sim,nao
100475,ativo,struggling-seller,347,494,190,522,2,5,nao,nao,nao
100476,ativo,no-seller,467,1713,0,0,0,0,nao,nao,sim
100477,ativo,no-seller,630,836,0,0,0,0,nao,nao,nao
100478,ativo,medium-seller,332,1136,45532,155170,87,274,sim,nao,nao
100479,ativo,no-seller,41,2711,0,0,0,0,sim,nao,nao
100480,ativo,no-seller,82,2312,0,0,0,0,sim,nao,sim
100481,ativo,small-seller,413,417,13175,39107,49,132,nao,nao,nao
100482,ativo,tiny-seller,2,312,1339,4356,7,24,nao,nao,nao
100483,ativo,struggling-seller,485,3142,220,418,2,4,sim,nao,nao
100484,ativo,tiny-seller,118,550,1209,2818,4,9,sim,nao,nao
100485,ativo,no-seller,496,520,0,0,0,0,sim,nao,nao
100486,ativo,no-seller,234,348,0,0,0,0,nao,nao,nao
100487,ativo,no-seller,61,1194,0,0,0,0,nao,sim,nao
100488,ativo,tiny-seller,75,169,2896,8330,9,26,nao,nao,nao
100489,ativo,no-seller,126,438,0,0,0,0,nao,nao,nao
100490,ativo,medium-seller,5,2602,132996,304769,237,578,nao,nao,nao
100491,trial,struggling-seller,135,2948,131,433,1,3,nao,nao,nao
100492,ativo,tiny-seller,237,344,3499,10352,9,29,nao,nao,nao
100493,ativo,small-seller,56,1395,12227,42968,27,96,sim,nao,nao
100494,cancelado,no-seller,61,89,0,0,0,0,nao,nao,nao
100495,ativo,tiny-seller,328,1525,1920,4968,7,18,nao,nao,nao
100496,ativo,no-seller,709,1115,0,0,0,0,nao,nao,sim
100497,ativo,no-seller,22,69,0,0,0,0,nao,nao,nao
100498,ativo,struggling-seller,209,574,427,1180,2,5,nao,sim,nao
100499,ativo,struggling-seller,296,296,204,567,1,3,nao,nao,nao
100500,ativo,no-seller,151,2054,0,0,0,0,nao,nao,nao
100501,ativo,struggling-seller,44,234,329,1054,2,6,nao,sim,nao
100502,ativo,no-seller,166,680,0,0,0,0,nao,nao,sim
100503,churnado,tiny-seller,327,2926,1718,3449,5,11,nao,nao,nao
100504,ativo,no-seller,749,1180,0,0,0,0,nao,sim,nao
100505,ativo,no-seller,225,909,0,0,0,0,nao,sim,sim
100506,ativo,struggling-seller,71,171,78,152,1,2,nao,nao,nao
100507,ativo,tiny-seller,190,343,744,1637,3,7,nao,nao,nao
100508,ativo,small-seller,75,106,15376,41692,43,107,nao,nao,nao
100509,ativo,struggling-seller,140,1495,104,210,1,2,sim,sim,nao
100510,churnado,tiny-seller,294,523,2926,8598,7,20,nao,nao,nao
100511,ativo,medium-seller,382,1867,99195,338857,217,675,nao,nao,nao
100512,ativo,no-seller,78,984,0,0,0,0,nao,nao,nao
100513,ativo,tiny-seller,323,690,1489,5448,8,28,nao,nao,nao
100514,ativo,no-seller,192,590,0,0,0,0,nao,nao,nao
100515,churnado,tiny-seller,719,1284,1188,4007,3,10,nao,nao,nao
100516,ativo,no-seller,121,1439,0,0,0,0,nao,nao,nao
100517,ativo,no-seller,10,100,0,0,0,0,nao,nao,nao
100518,trial,no-seller,100,443,0,0,0,0,sim,nao,nao
100519,ativo,no-seller,16,200,0,0,0,0,nao,sim,sim
100520,ativo,struggling-seller,204,814,196,371,1,2,nao,nao,sim
100521,ativo,tiny-seller,196,651,2334,5987,6,16,nao,nao,nao
100522,ativo,medium-seller,263,430,51943,161843,118,384,sim,nao,nao
100523,ativo,struggling-seller,454,1172,162,346,1,2,nao,nao,nao
100524,ativo,struggling-seller,18,72,172,677,1,4,nao,nao,nao
100525,ativo,no-seller,595,1288,0,0,0,0,nao,nao,nao
100526,churnado,no-seller,414,1088,0,0,0,0,nao,nao,nao
100527,ativo,no-seller,236,559,0,0,0,0,nao,nao,sim
100528,ativo,no-seller,183,1134,0,0,0,0,nao,nao,nao
100529,ativo,no-seller,66,67,0,0,0,0,nao,nao,nao
100530,ativo,no-seller,87,209,0,0,0,0,nao,nao,sim
100531,ativo,large-seller,121,2316,223529,561252,488,1143,nao,nao,nao
100532,ativo,struggling-seller,552,562,324,770,2,5,nao,sim,nao
100533,ativo,no-seller,597,1811,0,0,0,0,sim,nao,nao
100534,ativo,no-seller,179,325,0,0,0,0,sim,nao,nao
100535,ativo,no-seller,312,1176,0,0,0,0,sim,nao,nao
100536,ativo,struggling-seller,263,428,236,512,2,4,nao,nao,nao
100537,ativo,no-seller,372,900,0,0,0,0,nao,nao,nao
100538,churnado,no-seller,219,2088,0,0,0,0,nao,sim,nao
100539,ativo,no-seller,94,1431,0,0,0,0,nao,nao,nao
100540,ativo,struggling-seller,437,657,125,263,1,2,nao,nao,nao
100541,ativo,struggling-seller,191,621,390,901,2,5,nao,nao,sim
100542,ativo,no-seller,175,188,0,0,0,0,nao,nao,nao
100543,ativo,small-seller,422,966,5088,16337,19,65,nao,nao,nao
100544,ativo,no-seller,17,120,0,0,0,0,sim,nao,nao
100545,ativo,struggling-seller,46,49,501,968,2,4,nao,nao,nao
100546,ativo,no-seller,512,764,0,0,0,0,nao,nao,nao
100547,churnado,small-seller,23,199,8039,19248,27,61,sim,nao,nao
100548,ativo,tiny-seller,34,56,962,3482,5,18,nao,nao,nao
100549,ativo,no-seller,55,1414,0,0,0,0,nao,nao,nao
100550,ativo,no-seller,371,3035,0,0,0,0,nao,nao,nao
100551,ativo,no-seller,25,33,0,0,0,0,nao,nao,nao
100552,churnado,tiny-seller,220,248,1859,4100,5,12,nao,nao,nao
100553,ativo,small-seller,164,1880,17046,41444,48,120,nao,nao,nao
100554,trial,no-seller,42,258,0,0,0,0,sim,nao,nao
100555,ativo,struggling-seller,76,100,295,924,2,6,sim,nao,nao
100556,ativo,tiny-seller,21,763,648,2314,2,7,nao,nao,sim
100557,ativo,medium-seller,91,91,140021,313820,291,689,nao,nao,nao
100558,ativo,struggling-seller,289,3443,590,1212,3,6,nao,nao,sim
100559,ativo,no-seller,703,1197,0,0,0,0,nao,nao,nao
100560,ativo,no-seller,53,725,0,0,0,0,nao,nao,nao
100561,cancelado,small-seller,612,3128,14503,32114,54,121,nao,nao,nao
100562,churnado,small-seller,40,101,13474,31298,48,121,nao,nao,nao
100563,ativo,no-seller,84,267,0,0,0,0,nao,nao,nao
100564,ativo,tiny-seller,450,1052,434,1158,3,8,nao,nao,nao
100565,ativo,no-seller,151,1318,0,0,0,0,sim,sim,nao
100566,ativo,no-seller,279,603,0,0,0,0,nao,nao,nao
100567,cancelado,no-seller,184,1558,0,0,0,0,nao,sim,nao
100568,ativo,small-seller,7,41,7073,19948,28,81,nao,nao,nao
100569,ativo,struggling-seller,374,484,515,1531,2,6,nao,sim,nao
100570,ativo,tiny-seller,10,388,1460,4471,4,13,nao,nao,nao
100571,ativo,tiny-seller,501,612,1919,5844,7,21,sim,nao,nao
100572,ativo,struggling-seller,63,117,181,837,1,5,nao,nao,nao
100573,ativo,no-seller,6,50,0,0,0,0,nao,nao,nao
100574,ativo,tiny-seller,299,322,415,1197,3,9,nao,nao,nao
100575,ativo,tiny-seller,95,303,1072,3729,4,13,nao,nao,nao
100576,churnado,struggling-seller,369,553,376,1031,2,6,nao,nao,nao
100577,ativo,no-seller,551,938,0,0,0,0,nao,nao,nao
100578,ativo,no-seller,19,125,0,0,0,0,nao,nao,nao
100579,trial,no-seller,75,190,0,0,0,0,nao,nao,sim
100580,trial,struggling-seller,425,1287,219,844,1,4,nao,nao,nao
100581,ativo,no-seller,32,270,0,0,0,0,nao,nao,nao
100582,ativo,struggling-seller,459,1010,343,949,2,6,nao,nao,nao
100583,ativo,struggling-seller,213,374,402,1211,2,6,sim,nao,nao
100584,ativo,small-seller,240,569,7234,19426,20,57,nao,sim,nao
100585,ativo,no-seller,363,3424,0,0,0,0,nao,nao,nao
100586,ativo,tiny-seller,618,2265,2088,5201,11,28,nao,sim,nao
100587,ativo,no-seller,26,92,0,0,0,0,nao,nao,nao
100588,ativo,struggling-seller,101,1379,218,411,1,2,nao,nao,sim
100589,ativo,tiny-seller,125,330,1586,3478,5,11,nao,nao,nao
100590,ativo,struggling-seller,71,623,0,155,0,1,nao,nao,nao
100591,ativo,medium-seller,348,422,81720,298704,200,717,nao,nao,nao
100592,ativo,no-seller,207,308,0,0,0,0,nao,nao,sim
100593,ativo,no-seller,129,1314,0,0,0,0,nao,nao,nao
100594,ativo,no-seller,81,302,0,0,0,0,sim,nao,nao
100595,ativo,tiny-seller,216,256,993,3967,6,23,nao,nao,nao
100596,ativo,large-seller,642,749,377737,957017,563,1432,nao,nao,nao
100597,ativo,no-seller,54,79,0,0,0,0,nao,sim,sim
100598,ativo,no-seller,189,471,0,0,0,0,nao,nao,nao
100599,ativo,small-seller,651,804,13951,41241,29,85,nao,nao,nao
100600,ativo,no-seller,10,44,0,0,0,0,nao,nao,nao
100601,ativo,no-seller,73,94,0,0,0,0,nao,nao,nao
100602,ativo,no-seller,7,244,0,0,0,0,nao,nao,nao
100603,ativo,small-seller,220,2389,5225,13062,20,54,nao,nao,nao
100604,ativo,tiny-seller,471,594,1576,3799,9,21,sim,nao,nao
100605,ativo,no-seller,3,125,0,0,0,0,nao,nao,nao
100606,ativo,no-seller,197,732,0,0,0,0,nao,nao,nao
100607,churnado,struggling-seller,514,1471,0,107,0,1,nao,nao,nao
100608,ativo,tiny-seller,27,40,938,3943,3,12,sim,nao,nao
100609,ativo,struggling-seller,13,282,186,593,2,6,nao,nao,nao
100610,ativo,no-seller,7,90,0,0,0,0,nao,nao,sim
100611,trial,struggling-seller,19,2602,190,533,1,3,nao,nao,nao
100612,ativo,no-seller,108,193,0,0,0,0,nao,nao,sim
100613,ativo,medium-seller,668,920,56361,147474,121,322,nao,sim,nao
100614,ativo,no-seller,62,382,0,0,0,0,nao,nao,nao
100615,ativo,no-seller,325,594,0,0,0,0,nao,nao,nao
100616,churnado,struggling-seller,169,221,127,352,1,3,nao,nao,nao
100617,ativo,tiny-seller,664,675,1844,4659,11,27,sim,nao,nao
100618,trial,no-seller,455,2812,0,0,0,0,sim,nao,nao
100619,ativo,struggling-seller,77,145,266,728,2,6,nao,sim,nao
100620,ativo,no-seller,144,147,0,0,0,0,nao,nao,nao
100621,ativo,tiny-seller,72,98,1813,4899,5,14,nao,sim,nao
100622,ativo,struggling-seller,330,2114,351,772,2,4,nao,nao,nao
100623,ativo,no-seller,25,2316,0,0,0,0,nao,nao,nao
100624,churnado,small-seller,84,149,6486,16489,29,70,nao,nao,nao
100625,ativo,struggling-seller,18,185,341,797,2,5,sim,nao,nao
100626,ativo,no-seller,67,939,0,0,0,0,sim,sim,sim
100627,ativo,no-seller,420,908,0,0,0,0,nao,nao,nao
100628,trial,no-seller,635,1722,0,0,0,0,nao,nao,nao
100629,ativo,no-seller,98,286,0,0,0,0,sim,sim,nao
100630,ativo,tiny-seller,129,2519,1468,5567,7,27,nao,nao,nao
100631,ativo,struggling-seller,60,110,170,505,1,3,sim,nao,nao
100632,ativo,no-seller,24,63,0,0,0,0,nao,nao,nao
100633,ativo,no-seller,343,786,0,0,0,0,nao,nao,nao
100634,ativo,tiny-seller,14,49,1035,2477,3,7,nao,nao,sim
100635,trial,no-seller,145,719,0,0,0,0,nao,nao,nao
100636,ativo,no-seller,12,43,0,0,0,0,nao,nao,nao
100637,ativo,tiny-seller,50,193,453,1682,2,7,nao,nao,nao
100638,ativo,struggling-seller,638,1745,225,884,1,4,nao,nao,sim
100639,ativo,no-seller,152,668,0,0,0,0,nao,sim,nao
100640,ativo,tiny-seller,500,3140,1881,5016,5,13,nao,nao,nao
100641,ativo,no-seller,485,3007,0,0,0,0,nao,nao,nao
100642,ativo,no-seller,51,169,0,0,0,0,nao,nao,nao
100643,ativo,no-seller,107,118,0,0,0,0,nao,nao,nao
100644,ativo,no-seller,298,317,0,0,0,0,sim,nao,nao
100645,ativo,no-seller,254,339,0,0,0,0,nao,nao,nao
100646,ativo,struggling-seller,42,327,183,584,1,3,nao,nao,nao
100647,ativo,struggling-seller,180,223,496,1173,2,5,nao,nao,nao
100648,ativo,no-seller,152,612,0,0,0,0,nao,nao,nao
100649,ativo,no-seller,565,812,0,0,0,0,nao,nao,nao
100650,ativo,no-seller,106,142,0,0,0,0,nao,nao,nao
100651,ativo,struggling-seller,94,98,0,178,0,1,nao,nao,sim
100652,ativo,medium-seller,581,3431,98088,271738,269,738,nao,sim,nao
100653,ativo,no-seller,500,1180,0,0,0,0,sim,nao,nao
100654,ativo,no-seller,134,241,0,0,0,0,sim,sim,nao
100655,ativo,tiny-seller,80,408,903,2829,3,10,nao,nao,nao
100656,ativo,no-seller,469,1304,0,0,0,0,nao,sim,nao
100657,ativo,no-seller,538,1798,0,0,0,0,nao,nao,nao
100658,ativo,no-seller,58,75,0,0,0,0,nao,nao,nao
100659,ativo,tiny-seller,425,2085,1215,3745,5,14,nao,nao,nao
100660,ativo,struggling-seller,46,62,531,1508,2,6,nao,nao,nao
100661,ativo,no-seller,691,983,0,0,0,0,nao,nao,nao
100662,ativo,no-seller,7,34,0,0,0,0,nao,nao,nao
100663,ativo,no-seller,31,70,0,0,0,0,nao,nao,nao
100664,ativo,no-seller,621,2004,0,0,0,0,sim,nao,nao
100665,ativo,no-seller,693,1540,0,0,0,0,nao,nao,nao
100666,ativo,small-seller,452,660,15771,45269,41,120,sim,nao,nao
100667,ativo,small-seller,4,152,14176,32942,35,84,nao,sim,nao
100668,ativo,no-seller,639,941,0,0,0,0,nao,nao,nao
100669,ativo,no-seller,88,324,0,0,0,0,sim,nao,sim
100670,ativo,no-seller,285,1054,0,0,0,0,nao,nao,sim
100671,ativo,no-seller,104,848,0,0,0,0,nao,nao,nao
100672,ativo,no-seller,41,77,0,0,0,0,nao,nao,nao
100673,churnado,struggling-seller,162,291,327,894,2,6,nao,nao,nao
100674,ativo,struggling-seller,634,1506,0,102,0,1,nao,nao,nao
100675,ativo,tiny-seller,424,632,3853,7897,12,27,nao,nao,nao
100676,ativo,struggling-seller,1,138,0,200,0,1,nao,nao,sim
100677,ativo,no-seller,250,1327,0,0,0,0,nao,nao,nao
100678,ativo,medium-seller,123,153,30657,100317,65,232,nao,nao,nao
100679,ativo,small-seller,137,251,5212,15616,16,50,nao,nao,sim
100680,ativo,struggling-seller,207,349,253,933,1,4,nao,nao,nao
100681,ativo,no-seller,739,2596,0,0,0,0,nao,nao,nao
100682,ativo,no-seller,217,366,0,0,0,0,nao,nao,sim
100683,ativo,struggling-seller,714,1127,583,1293,3,6,nao,nao,nao
100684,ativo,struggling-seller,530,2490,267,511,1,2,nao,nao,nao
100685,ativo,struggling-seller,146,1736,183,529,1,3,nao,nao,nao
100686,ativo,no-seller,202,1246,0,0,0,0,nao,nao,nao
100687,ativo,no-seller,46,153,0,0,0,0,nao,nao,nao
100688,ativo,no-seller,111,2595,0,0,0,0,nao,nao,nao
100689,ativo,no-seller,299,304,0,0,0,0,nao,nao,nao
100690,trial,no-seller,681,3002,0,0,0,0,nao,nao,sim
100691,ativo,no-seller,779,862,0,0,0,0,nao,nao,nao
100692,ativo,no-seller,351,1150,0,0,0,0,nao,nao,nao
100693,ativo,no-seller,22,57,0,0,0,0,nao,nao,sim
100694,ativo,no-seller,142,1983,0,0,0,0,sim,nao,nao
100695,churnado,tiny-seller,115,196,3419,10821,8,26,nao,nao,nao
100696,ativo,no-seller,83,549,0,0,0,0,nao,nao,nao
100697,ativo,struggling-seller,102,1225,310,929,2,6,sim,nao,nao
100698,cancelado,no-seller,118,2451,0,0,0,0,nao,nao,nao
100699,ativo,small-seller,108,1227,18356,43875,33,86,nao,nao,nao
100700,ativo,no-seller,340,1724,0,0,0,0,nao,nao,nao
100701,ativo,struggling-seller,195,354,348,995,2,6,nao,nao,nao
100702,ativo,tiny-seller,590,2990,2018,4763,12,30,nao,nao,nao
100703,ativo,struggling-seller,74,499,247,727,1,3,nao,nao,nao
100704,cancelado,struggling-seller,220,535,270,572,2,4,nao,nao,nao
100705,ativo,struggling-seller,208,250,410,1346,2,6,nao,nao,nao
100706,ativo,struggling-seller,41,79,482,1116,2,5,nao,nao,nao
100707,ativo,no-seller,104,2131,0,0,0,0,nao,nao,nao
100708,churnado,no-seller,57,2026,0,0,0,0,sim,nao,nao
100709,ativo,medium-seller,607,1025,88479,194976,262,595,nao,nao,nao
100710,ativo,tiny-seller,665,2197,2084,6254,7,19,nao,nao,nao
100711,ativo,tiny-seller,123,136,2126,6132,9,27,nao,nao,nao
100712,ativo,no-seller,551,1995,0,0,0,0,nao,nao,nao
100713,ativo,medium-seller,185,2461,28989,91520,101,335,sim,nao,nao
100714,churnado,no-seller,673,3236,0,0,0,0,sim,nao,nao
100715,ativo,tiny-seller,455,1059,944,3252,3,11,nao,nao,nao
100716,ativo,medium-seller,221,859,80565,216520,177,518,nao,nao,nao
100717,ativo,struggling-seller,162,217,440,1248,2,6,nao,nao,nao
100718,ativo,struggling-seller,416,1159,0,127,0,1,nao,nao,nao
100719,ativo,struggling-seller,602,2279,87,333,1,4,nao,nao,nao
100720,ativo,struggling-seller,412,2332,200,737,1,4,nao,nao,nao
100721,ativo,no-seller,224,493,0,0,0,0,nao,nao,nao
100722,ativo,no-seller,234,2865,0,0,0,0,nao,nao,nao
100723,ativo,no-seller,10,75,0,0,0,0,sim,nao,sim
100724,ativo,no-seller,126,235,0,0,0,0,nao,sim,nao
100725,ativo,small-seller,63,104,9349,37967,24,96,nao,nao,nao
100726,ativo,small-seller,540,3490,14865,52985,31,118,nao,nao,nao
100727,ativo,no-seller,86,89,0,0,0,0,nao,nao,nao
100728,ativo,no-seller,54,244,0,0,0,0,sim,nao,nao
100729,ativo,small-seller,527,3042,17887,62857,42,136,nao,nao,nao
100730,trial,no-seller,135,150,0,0,0,0,nao,nao,nao
100731,ativo,no-seller,231,1049,0,0,0,0,nao,nao,nao
100732,ativo,struggling-seller,112,217,368,1215,2,6,nao,nao,nao
100733,ativo,no-seller,272,537,0,0,0,0,sim,nao,nao
100734,ativo,no-seller,799,1473,0,0,0,0,nao,nao,nao
100735,ativo,no-seller,13,87,0,0,0,0,nao,nao,nao
100736,trial,struggling-seller,53,54,157,449,1,3,nao,nao,nao
100737,ativo,struggling-seller,439,1087,165,355,1,2,sim,nao,nao
100738,ativo,no-seller,12,37,0,0,0,0,sim,sim,nao
100739,ativo,struggling-seller,86,180,149,617,1,4,sim,sim,sim
100740,ativo,no-seller,103,522,0,0,0,0,nao,nao,nao
100741,ativo,no-seller,699,1097,0,0,0,0,nao,nao,nao
100742,ativo,no-seller,541,1625,0,0,0,0,nao,nao,nao
100743,ativo,no-seller,80,84,0,0,0,0,nao,nao,nao
100744,ativo,struggling-seller,114,144,0,99,0,1,nao,nao,nao
100745,ativo,small-seller,374,3214,8586,31654,25,88,nao,nao,nao
100746,ativo,medium-seller,101,144,78476,248977,217,657,nao,nao,nao
100747,ativo,small-seller,466,1694,6214,24919,25,95,sim,nao,nao
100748,ativo,no-seller,657,1694,0,0,0,0,nao,nao,nao
100749,ativo,struggling-seller,377,961,95,268,1,3,nao,nao,nao
100750,ativo,medium-seller,597,673,29204,89084,88,259,nao,nao,nao
100751,ativo,no-seller,444,1366,0,0,0,0,nao,nao,sim
100752,ativo,no-seller,193,2178,0,0,0,0,nao,nao,nao
100753,ativo,no-seller,403,2358,0,0,0,0,nao,nao,nao
100754,ativo,no-seller,412,1006,0,0,0,0,sim,nao,nao
100755,ativo,struggling-seller,10,355,0,197,0,1,nao,nao,nao
100756,ativo,no-seller,207,1261,0,0,0,0,sim,nao,nao
100757,ativo,no-seller,249,537,0,0,0,0,sim,nao,nao
100758,ativo,tiny-seller,37,82,1214,3211,4,10,nao,nao,nao
100759,ativo,no-seller,28,128,0,0,0,0,nao,nao,nao
100760,ativo,no-seller,43,329,0,0,0,0,nao,nao,nao
100761,ativo,struggling-seller,153,1140,409,1135,2,6,nao,nao,nao
100762,churnado,tiny-seller,18,111,1799,7086,5,19,sim,nao,nao
100763,ativo,no-seller,616,3189,0,0,0,0,nao,nao,nao
100764,ativo,no-seller,254,421,0,0,0,0,nao,nao,nao
100765,ativo,no-seller,539,1295,0,0,0,0,nao,nao,nao
100766,ativo,no-seller,1,31,0,0,0,0,nao,nao,nao
100767,ativo,small-seller,71,330,8359,22797,27,68,nao,nao,nao
100768,ativo,no-seller,6,55,0,0,0,0,nao,sim,nao
100769,ativo,no-seller,40,336,0,0,0,0,nao,sim,nao
100770,ativo,tiny-seller,143,517,2412,9919,8,30,nao,nao,nao
100771,ativo,no-seller,232,430,0,0,0,0,nao,nao,nao
100772,ativo,struggling-seller,80,430,236,674,1,3,nao,nao,nao
100773,ativo,no-seller,389,994,0,0,0,0,sim,nao,nao
100774,ativo,no-seller,42,68,0,0,0,0,sim,nao,nao
100775,ativo,struggling-seller,316,1502,161,354,1,2,nao,nao,sim
100776,ativo,no-seller,99,387,0,0,0,0,nao,nao,nao
100777,ativo,struggling-seller,257,290,0,142,0,1,sim,nao,nao
100778,ativo,no-seller,144,1148,0,0,0,0,nao,nao,nao
100779,ativo,struggling-seller,787,1029,157,498,1,3,nao,nao,nao
100780,ativo,top-seller,1,79,391828,1438818,592,2085,sim,nao,nao
100781,ativo,struggling-seller,242,499,197,603,1,3,nao,nao,nao
100782,ativo,struggling-seller,42,267,271,782,2,6,nao,nao,nao
100783,ativo,struggling-seller,228,2114,186,807,1,4,nao,nao,nao
100784,ativo,no-seller,248,304,0,0,0,0,nao,nao,nao
100785,ativo,struggling-seller,149,2933,357,758,3,6,nao,sim,nao
100786,ativo,no-seller,36,133,0,0,0,0,sim,nao,nao
100787,ativo,small-seller,265,641,8046,24258,18,54,nao,nao,nao
100788,ativo,struggling-seller,5,372,512,1221,2,5,nao,nao,nao
100789,ativo,no-seller,116,2192,0,0,0,0,nao,nao,nao
100790,ativo,large-seller,128,2881,272373,984621,397,1400,nao,nao,nao
100791,ativo,no-seller,16,1838,0,0,0,0,nao,nao,nao
100792,ativo,struggling-seller,423,3488,139,552,1,4,sim,nao,nao
100793,ativo,struggling-seller,718,966,377,1024,2,5,nao,nao,nao
100794,ativo,struggling-seller,683,1788,270,766,1,3,nao,nao,nao
100795,ativo,no-seller,800,2845,0,0,0,0,nao,nao,nao
100796,ativo,tiny-seller,424,1721,5027,11499,12,28,nao,nao,nao
100797,ativo,medium-seller,100,146,39133,111732,72,203,sim,nao,nao
100798,ativo,tiny-seller,642,2036,840,3077,4,15,nao,nao,nao
100799,trial,struggling-seller,649,3306,442,1360,2,6,nao,sim,sim
100800,ativo,no-seller,105,3322,0,0,0,0,sim,nao,nao
100801,ativo,no-seller,19,136,0,0,0,0,nao,nao,nao
100802,ativo,no-seller,4,39,0,0,0,0,nao,nao,nao
100803,ativo,small-seller,461,964,17381,55877,43,134,nao,nao,sim
100804,ativo,no-seller,77,94,0,0,0,0,sim,sim,nao
100805,ativo,small-seller,27,90,5281,16157,11,34,nao,nao,nao
100806,ativo,no-seller,44,146,0,0,0,0,nao,nao,nao
100807,churnado,no-seller,601,1710,0,0,0,0,nao,nao,nao
100808,ativo,small-seller,382,430,6306,25831,17,65,sim,nao,nao
100809,ativo,tiny-seller,543,1006,911,2941,6,18,nao,sim,nao
100810,ativo,no-seller,329,754,0,0,0,0,nao,nao,nao
100811,ativo,struggling-seller,35,82,381,1185,2,6,nao,nao,nao
100812,cancelado,no-seller,21,96,0,0,0,0,nao,nao,nao
100813,trial,no-seller,589,1651,0,0,0,0,nao,nao,nao
100814,ativo,no-seller,540,2446,0,0,0,0,sim,nao,sim
100815,ativo,tiny-seller,281,1334,1700,4502,6,17,nao,nao,nao
100816,ativo,no-seller,0,52,0,0,0,0,sim,nao,nao
100817,ativo,no-seller,47,74,0,0,0,0,nao,nao,sim
100818,ativo,no-seller,44,2342,0,0,0,0,sim,nao,sim
100819,ativo,struggling-seller,276,1830,359,730,3,6,nao,nao,nao
100820,ativo,struggling-seller,329,3227,320,897,2,6,nao,sim,nao
100821,ativo,struggling-seller,394,514,190,369,1,2,nao,sim,nao
100822,ativo,no-seller,317,483,0,0,0,0,nao,nao,nao
100823,ativo,no-seller,52,260,0,0,0,0,sim,nao,nao
100824,ativo,small-seller,7,141,8024,22783,32,91,sim,nao,sim
100825,ativo,struggling-seller,150,428,146,310,1,2,sim,sim,nao
100826,ativo,no-seller,158,175,0,0,0,0,nao,nao,nao
100827,ativo,tiny-seller,507,1191,1118,2365,6,13,nao,nao,nao
100828,ativo,struggling-seller,42,125,195,364,2,4,nao,nao,nao
100829,ativo,no-seller,2,86,0,0,0,0,nao,nao,nao
100830,ativo,no-seller,12,111,0,0,0,0,sim,nao,nao
100831,ativo,no-seller,679,695,0,0,0,0,nao,nao,sim
100832,ativo,struggling-seller,793,2408,621,1159,3,6,nao,nao,nao
100833,ativo,struggling-seller,368,3194,215,435,1,2,nao,nao,nao
100834,ativo,small-seller,213,375,10781,23181,29,66,nao,nao,nao
100835,ativo,no-seller,37,113,0,0,0,0,nao,nao,nao
100836,ativo,tiny-seller,2,36,984,3297,4,13,nao,nao,nao
100837,ativo,no-seller,34,72,0,0,0,0,sim,nao,nao
100838,ativo,no-seller,22,44,0,0,0,0,nao,nao,nao
100839,ativo,small-seller,309,2422,11138,39300,30,107,nao,sim,nao
100840,ativo,struggling-seller,223,352,0,101,0,1,sim,nao,nao
100841,ativo,tiny-seller,309,901,1111,3759,4,14,nao,nao,nao
100842,ativo,no-seller,166,218,0,0,0,0,sim,nao,nao
100843,ativo,struggling-seller,124,2193,441,1227,2,6,nao,nao,nao
100844,ativo,small-seller,638,1786,6507,25783,30,119,nao,nao,nao
100845,ativo,no-seller,139,183,0,0,0,0,nao,nao,nao
100846,ativo,no-seller,2,111,0,0,0,0,nao,nao,nao
100847,ativo,struggling-seller,487,697,135,548,1,4,nao,sim,nao
100848,ativo,no-seller,165,254,0,0,0,0,nao,nao,nao
100849,ativo,no-seller,92,106,0,0,0,0,nao,sim,nao
100850,ativo,tiny-seller,134,161,1133,4075,5,19,nao,nao,sim
100851,ativo,no-seller,620,3078,0,0,0,0,nao,nao,nao
100852,ativo,struggling-seller,41,99,200,1088,1,5,nao,nao,nao
100853,cancelado,tiny-seller,242,1380,642,2000,3,10,sim,nao,nao
100854,ativo,small-seller,230,277,10301,26601,31,79,nao,nao,sim
100855,trial,medium-seller,4,78,64782,145820,127,294,nao,nao,nao
100856,ativo,no-seller,572,912,0,0,0,0,nao,nao,nao
100857,ativo,small-seller,130,759,16339,50214,40,131,nao,nao,nao
100858,ativo,no-seller,247,666,0,0,0,0,nao,nao,nao
100859,ativo,no-seller,113,1217,0,0,0,0,nao,nao,nao
100860,ativo,no-seller,102,426,0,0,0,0,nao,nao,nao
100861,ativo,struggling-seller,679,2697,0,103,0,1,nao,nao,sim
100862,ativo,medium-seller,10,218,29029,125981,65,257,nao,nao,nao
100863,ativo,struggling-seller,565,1406,191,349,2,4,nao,nao,nao
100864,ativo,no-seller,232,817,0,0,0,0,nao,nao,nao
100865,ativo,no-seller,737,1762,0,0,0,0,nao,sim,sim
100866,ativo,no-seller,125,268,0,0,0,0,nao,nao,nao
100867,ativo,struggling-seller,26,67,206,768,1,4,nao,nao,nao
100868,ativo,no-seller,210,310,0,0,0,0,nao,nao,nao
100869,ativo,no-seller,236,3223,0,0,0,0,nao,nao,nao
100870,ativo,tiny-seller,15,46,3444,10152,9,29,sim,nao,nao
100871,trial,no-seller,114,467,0,0,0,0,nao,nao,nao
100872,ativo,no-seller,356,684,0,0,0,0,nao,nao,nao
100873,ativo,tiny-seller,192,210,1879,4425,10,25,nao,nao,nao
100874,ativo,large-seller,434,666,274620,665528,577,1337,nao,nao,nao
100875,ativo,no-seller,39,765,0,0,0,0,nao,nao,nao
100876,ativo,tiny-seller,127,878,1589,3647,7,16,nao,nao,sim
100877,churnado,no-seller,321,885,0,0,0,0,nao,nao,nao
100878,ativo,no-seller,232,571,0,0,0,0,nao,nao,nao
100879,ativo,no-seller,43,47,0,0,0,0,nao,nao,nao
100880,ativo,no-seller,265,2966,0,0,0,0,nao,sim,nao
100881,ativo,struggling-seller,15,50,99,325,1,3,nao,nao,sim
100882,ativo,no-seller,667,3213,0,0,0,0,nao,nao,nao
100883,ativo,no-seller,38,241,0,0,0,0,nao,sim,nao
100884,ativo,struggling-seller,520,1637,474,1085,2,5,nao,nao,nao
100885,cancelado,struggling-seller,551,1386,193,571,2,6,nao,nao,nao
100886,churnado,no-seller,59,269,0,0,0,0,nao,nao,nao
100887,ativo,no-seller,78,735,0,0,0,0,nao,nao,nao
100888,ativo,no-seller,128,760,0,0,0,0,nao,nao,nao
100889,ativo,struggling-seller,293,870,155,433,1,3,sim,nao,nao
100890,ativo,small-seller,129,1431,27132,65054,61,142,nao,nao,nao
100891,ativo,small-seller,605,2467,8201,22435,37,108,nao,nao,nao
100892,ativo,tiny-seller,521,2625,525,1235,4,9,nao,nao,nao
100893,ativo,struggling-seller,520,642,283,573,2,4,nao,nao,nao
100894,ativo,no-seller,124,237,0,0,0,0,nao,nao,nao
100895,ativo,large-seller,237,1486,240305,556621,614,1433,nao,nao,nao
100896,ativo,no-seller,436,2927,0,0,0,0,nao,nao,nao
100897,ativo,no-seller,122,1256,0,0,0,0,nao,nao,nao
100898,ativo,large-seller,119,1375,201529,490585,442,1113,sim,nao,nao
100899,ativo,no-seller,533,1250,0,0,0,0,nao,nao,nao
100900,ativo,no-seller,8,968,0,0,0,0,nao,nao,nao
100901,ativo,no-seller,496,518,0,0,0,0,nao,nao,nao
100902,ativo,small-seller,740,2957,17691,46215,47,126,nao,nao,nao
100903,churnado,small-seller,299,2019,14457,32564,49,116,nao,nao,nao
100904,ativo,no-seller,163,507,0,0,0,0,nao,nao,nao
100905,ativo,small-seller,500,2015,10214,26689,43,107,nao,nao,nao
100906,ativo,small-seller,186,216,6394,15739,22,59,nao,nao,nao
100907,trial,struggling-seller,92,1766,443,829,3,6,nao,nao,nao
100908,ativo,no-seller,283,412,0,0,0,0,nao,nao,sim
100909,trial,small-seller,50,82,10296,35721,36,132,nao,nao,nao
100910,ativo,no-seller,53,66,0,0,0,0,sim,nao,nao
100911,ativo,no-seller,400,815,0,0,0,0,nao,nao,nao
100912,ativo,struggling-seller,17,40,130,522,1,4,nao,nao,nao
100913,trial,struggling-seller,190,379,192,1000,1,5,sim,nao,sim
100914,ativo,no-seller,607,2869,0,0,0,0,nao,nao,nao
100915,ativo,struggling-seller,238,752,0,215,0,1,nao,nao,nao
100916,ativo,no-seller,329,1032,0,0,0,0,nao,nao,nao
100917,ativo,struggling-seller,435,2670,223,621,2,6,nao,nao,nao
100918,ativo,small-seller,4,420,10839,31593,25,68,nao,nao,nao
100919,churnado,no-seller,483,866,0,0,0,0,nao,nao,nao
100920,ativo,tiny-seller,67,103,1196,4172,8,29,nao,nao,sim
100921,ativo,no-seller,286,315,0,0,0,0,nao,nao,sim
100922,ativo,no-seller,436,2582,0,0,0,0,nao,nao,nao
100923,ativo,no-seller,675,682,0,0,0,0,nao,nao,nao
100924,ativo,no-seller,129,744,0,0,0,0,nao,nao,nao
100925,ativo,tiny-seller,283,828,3103,8347,12,30,sim,nao,nao
100926,ativo,no-seller,450,610,0,0,0,0,nao,nao,nao
100927,ativo,no-seller,197,379,0,0,0,0,nao,nao,nao
100928,ativo,no-seller,219,869,0,0,0,0,nao,nao,nao
100929,ativo,tiny-seller,501,735,3189,8943,10,29,nao,nao,nao
100930,cancelado,small-seller,91,362,13609,43818,49,150,nao,nao,sim
100931,ativo,no-seller,44,50,0,0,0,0,nao,nao,sim
100932,ativo,no-seller,482,1310,0,0,0,0,nao,nao,nao
100933,ativo,small-seller,106,1471,5019,12676,15,35,nao,nao,nao
100934,ativo,no-seller,670,2105,0,0,0,0,nao,sim,nao
100935,ativo,no-seller,600,1269,0,0,0,0,nao,nao,sim
100936,ativo,no-seller,62,1092,0,0,0,0,sim,nao,nao
100937,ativo,no-seller,141,466,0,0,0,0,nao,nao,nao
100938,ativo,tiny-seller,318,2859,1031,2359,7,15,sim,nao,nao
100939,trial,no-seller,23,34,0,0,0,0,nao,nao,nao
100940,ativo,struggling-seller,195,2875,369,1182,2,6,nao,nao,nao
100941,ativo,no-seller,372,560,0,0,0,0,nao,nao,nao
100942,ativo,tiny-seller,37,46,1796,5199,6,19,nao,nao,nao
100943,ativo,no-seller,66,168,0,0,0,0,sim,sim,nao
100944,ativo,no-seller,381,811,0,0,0,0,nao,nao,nao
100945,ativo,no-seller,4,327,0,0,0,0,sim,nao,nao
100946,ativo,no-seller,83,326,0,0,0,0,nao,nao,sim
100947,ativo,no-seller,445,779,0,0,0,0,nao,nao,nao
100948,ativo,struggling-seller,410,544,86,255,1,3,nao,nao,nao
100949,ativo,struggling-seller,536,1217,197,424,1,2,nao,nao,nao
100950,ativo,no-seller,78,129,0,0,0,0,sim,nao,nao
100951,ativo,no-seller,794,1162,0,0,0,0,nao,nao,nao
100952,ativo,struggling-seller,483,1222,314,977,2,6,nao,nao,nao
100953,ativo,struggling-seller,300,310,0,122,0,1,nao,nao,nao
100954,ativo,no-seller,92,301,0,0,0,0,nao,nao,nao
100955,ativo,no-seller,431,3036,0,0,0,0,sim,nao,nao
100956,ativo,tiny-seller,51,310,3402,9345,9,27,nao,nao,nao
100957,ativo,struggling-seller,461,864,320,820,2,5,nao,nao,nao
100958,churnado,struggling-seller,116,150,90,373,1,4,nao,nao,nao
100959,ativo,no-seller,20,37,0,0,0,0,nao,sim,nao
100960,ativo,struggling-seller,89,383,0,169,0,1,nao,nao,nao
100961,ativo,no-seller,19,284,0,0,0,0,sim,nao,nao
100962,ativo,no-seller,80,3271,0,0,0,0,nao,nao,nao
100963,ativo,no-seller,738,1451,0,0,0,0,nao,nao,nao
100964,ativo,no-seller,66,145,0,0,0,0,nao,nao,nao
100965,ativo,struggling-seller,36,52,94,403,1,4,nao,sim,nao
100966,ativo,struggling-seller,118,223,453,1108,2,5,nao,nao,nao
100967,ativo,no-seller,351,727,0,0,0,0,nao,nao,nao
100968,ativo,struggling-seller,43,161,352,1006,2,6,nao,nao,nao
100969,ativo,no-seller,74,117,0,0,0,0,sim,nao,nao
100970,cancelado,no-seller,569,3194,0,0,0,0,nao,nao,nao
100971,ativo,no-seller,126,2936,0,0,0,0,sim,nao,nao
100972,ativo,no-seller,99,120,0,0,0,0,nao,nao,nao
100973,ativo,no-seller,285,2485,0,0,0,0,nao,nao,nao
100974,ativo,medium-seller,325,1530,119407,293697,289,665,nao,nao,nao
100975,ativo,no-seller,392,2545,0,0,0,0,nao,nao,nao
100976,ativo,no-seller,156,173,0,0,0,0,nao,nao,nao
100977,ativo,medium-seller,127,282,53518,138061,116,321,nao,nao,nao
100978,ativo,no-seller,204,2821,0,0,0,0,nao,nao,nao
100979,ativo,no-seller,154,192,0,0,0,0,nao,nao,nao
100980,ativo,struggling-seller,339,1774,120,245,1,2,nao,nao,nao
100981,ativo,struggling-seller,546,874,190,545,2,6,nao,nao,nao
100982,ativo,no-seller,148,210,0,0,0,0,nao,sim,nao
100983,ativo,no-seller,494,2595,0,0,0,0,nao,sim,nao
100984,ativo,small-seller,250,564,16254,43541,51,127,nao,nao,nao
100985,ativo,no-seller,162,2896,0,0,0,0,nao,nao,nao
100986,ativo,no-seller,131,1783,0,0,0,0,sim,nao,nao
100987,ativo,no-seller,77,162,0,0,0,0,sim,sim,nao
100988,ativo,small-seller,488,622,18720,41664,48,110,nao,nao,nao
100989,ativo,struggling-seller,14,61,118,345,1,3,sim,nao,nao
100990,ativo,small-seller,372,1423,20131,62188,41,116,nao,nao,nao
100991,ativo,tiny-seller,62,138,1311,3352,6,14,nao,nao,sim
100992,ativo,struggling-seller,475,795,0,150,0,1,nao,nao,nao
100993,ativo,tiny-seller,56,88,3048,9777,9,27,nao,nao,nao
100994,ativo,small-seller,70,196,16232,36739,52,117,sim,sim,nao
100995,ativo,small-seller,326,465,15861,48406,42,118,nao,nao,nao
100996,ativo,no-seller,175,1555,0,0,0,0,nao,nao,nao
100997,churnado,medium-seller,426,1037,100192,250386,177,426,nao,nao,nao
100998,trial,small-seller,26,56,8670,26862,23,76,sim,nao,nao
100999,ativo,struggling-seller,632,1736,347,796,2,5,nao,nao,nao
101000,ativo,no-seller,600,3346,0,0,0,0,nao,sim,nao
101001,ativo,no-seller,113,2692,0,0,0,0,nao,nao,sim
101002,churnado,struggling-seller,154,1907,233,607,2,5,sim,nao,sim
101003,ativo,struggling-seller,184,268,241,945,1,4,nao,nao,nao
101004,ativo,tiny-seller,541,1740,908,2424,3,8,nao,nao,nao
101005,ativo,medium-seller,544,1635,77083,194165,126,313,nao,nao,nao
101006,ativo,struggling-seller,43,65,261,578,2,4,nao,nao,nao
101007,ativo,struggling-seller,234,284,326,1038,2,6,nao,sim,nao
101008,ativo,tiny-seller,70,680,2595,5976,7,17,sim,nao,nao
101009,ativo,medium-seller,13,41,116960,327287,190,540,nao,nao,nao
101010,churnado,struggling-seller,162,326,118,444,1,4,nao,nao,nao
101011,churnado,tiny-seller,434,448,3740,12260,8,27,nao,nao,nao
101012,ativo,no-seller,88,117,0,0,0,0,nao,sim,nao
101013,ativo,struggling-seller,158,243,251,924,1,4,nao,sim,nao
101014,ativo,no-seller,636,2025,0,0,0,0,nao,nao,nao
101015,ativo,no-seller,417,2252,0,0,0,0,sim,nao,nao
101016,ativo,no-seller,14,36,0,0,0,0,sim,nao,nao
101017,ativo,medium-seller,549,2131,77894,210077,229,601,nao,nao,nao
101018,ativo,tiny-seller,56,149,2441,9898,6,23,nao,nao,nao
101019,churnado,struggling-seller,591,629,176,540,1,3,sim,nao,nao
101020,ativo,no-seller,165,1719,0,0,0,0,nao,sim,nao
101021,ativo,no-seller,591,2233,0,0,0,0,nao,nao,nao
101022,ativo,no-seller,671,1442,0,0,0,0,nao,nao,nao
101023,ativo,no-seller,499,1795,0,0,0,0,nao,nao,sim
101024,ativo,tiny-seller,200,210,897,2494,7,18,nao,nao,nao
101025,churnado,medium-seller,186,3176,69831,173845,223,558,nao,nao,nao
101026,ativo,struggling-seller,543,678,168,309,1,2,nao,nao,nao
101027,churnado,medium-seller,230,247,74971,216055,247,685,nao,nao,nao
101028,ativo,no-seller,105,109,0,0,0,0,sim,nao,nao
101029,churnado,no-seller,53,120,0,0,0,0,nao,nao,nao
101030,ativo,medium-seller,102,224,36166,95018,105,277,nao,nao,nao
101031,ativo,no-seller,554,1893,0,0,0,0,nao,nao,sim
101032,churnado,small-seller,139,303,3901,8902,15,36,nao,sim,nao
101033,ativo,struggling-seller,253,332,455,1364,2,6,nao,nao,nao
101034,ativo,no-seller,248,1788,0,0,0,0,nao,nao,nao
101035,ativo,top-seller,499,1920,743900,1731541,1586,3797,sim,sim,nao
101036,ativo,struggling-seller,618,1269,238,970,1,4,nao,nao,nao
101037,ativo,no-seller,84,136,0,0,0,0,sim,nao,nao
101038,ativo,tiny-seller,174,201,2657,7330,7,18,nao,nao,nao
101039,ativo,tiny-seller,176,1638,1607,5642,6,22,nao,nao,nao
101040,ativo,no-seller,181,212,0,0,0,0,nao,nao,nao
101041,ativo,no-seller,4,127,0,0,0,0,sim,nao,nao
101042,ativo,struggling-seller,551,1503,150,287,1,2,nao,nao,nao
101043,ativo,medium-seller,300,1843,111108,461549,187,734,nao,nao,nao
101044,ativo,tiny-seller,37,110,1328,4630,4,14,nao,nao,nao
101045,ativo,no-seller,372,1732,0,0,0,0,nao,nao,nao
101046,ativo,small-seller,182,275,7742,16279,18,40,nao,nao,nao
101047,ativo,struggling-seller,734,1319,388,1178,2,6,nao,nao,nao
101048,ativo,no-seller,75,311,0,0,0,0,sim,nao,nao
101049,ativo,no-seller,28,2452,0,0,0,0,nao,nao,nao
101050,churnado,medium-seller,115,165,73239,196884,168,468,nao,sim,nao
101051,ativo,no-seller,9,93,0,0,0,0,nao,nao,nao
101052,ativo,no-seller,777,857,0,0,0,0,nao,nao,sim
101053,ativo,struggling-seller,48,290,164,677,1,4,nao,nao,nao
101054,ativo,no-seller,165,175,0,0,0,0,nao,nao,nao
101055,ativo,no-seller,570,872,0,0,0,0,sim,nao,nao
101056,churnado,struggling-seller,24,32,83,263,1,3,nao,nao,nao
101057,ativo,struggling-seller,723,2409,197,362,1,2,nao,sim,nao
101058,ativo,no-seller,24,80,0,0,0,0,nao,nao,nao
101059,churnado,small-seller,398,701,14955,52563,38,131,nao,nao,nao
101060,ativo,small-seller,605,1262,6978,17158,17,43,nao,nao,nao
101061,ativo,struggling-seller,193,397,0,177,0,1,sim,nao,nao
101062,ativo,small-seller,584,1456,7852,20485,36,100,nao,nao,nao
101063,ativo,struggling-seller,45,1147,80,177,1,2,nao,nao,nao
101064,ativo,no-seller,84,188,0,0,0,0,nao,nao,nao
101065,ativo,tiny-seller,9,50,2833,8558,8,26,nao,nao,nao
101066,ativo,no-seller,48,226,0,0,0,0,nao,nao,nao
101067,ativo,no-seller,459,1210,0,0,0,0,sim,nao,sim
101068,ativo,no-seller,68,1698,0,0,0,0,nao,nao,nao
101069,ativo,struggling-seller,407,2758,193,573,1,3,nao,nao,nao
101070,ativo,no-seller,99,177,0,0,0,0,nao,nao,nao
101071,ativo,struggling-seller,73,456,187,686,1,4,nao,nao,nao
101072,ativo,no-seller,400,1003,0,0,0,0,nao,nao,nao
101073,ativo,struggling-seller,224,296,0,260,0,1,nao,nao,nao
101074,ativo,small-seller,73,344,12282,40660,43,146,nao,sim,nao
101075,ativo,small-seller,289,1005,21095,57413,40,118,sim,nao,nao
101076,ativo,struggling-seller,99,131,231,733,1,3,nao,nao,nao
101077,churnado,no-seller,375,419,0,0,0,0,nao,nao,nao
101078,ativo,struggling-seller,67,102,125,234,1,2,nao,nao,nao
101079,ativo,no-seller,463,687,0,0,0,0,nao,nao,nao
101080,ativo,no-seller,141,167,0,0,0,0,nao,nao,nao
101081,ativo,small-seller,13,40,15539,40499,33,80,nao,nao,nao
101082,ativo,no-seller,781,885,0,0,0,0,nao,nao,nao
101083,ativo,tiny-seller,1,72,333,1300,2,8,nao,nao,nao
101084,ativo,no-seller,81,255,0,0,0,0,nao,nao,nao
101085,ativo,struggling-seller,70,119,300,857,2,6,sim,nao,nao
101086,ativo,no-seller,371,1176,0,0,0,0,nao,nao,nao
101087,ativo,medium-seller,580,2914,48086,156148,141,503,nao,nao,nao
101088,ativo,struggling-seller,85,2936,193,605,1,3,nao,nao,nao
101089,ativo,no-seller,78,186,0,0,0,0,nao,nao,nao
101090,ativo,top-seller,675,1050,361558,1255218,530,1829,nao,nao,nao
101091,ativo,no-seller,434,612,0,0,0,0,nao,nao,nao
101092,ativo,struggling-seller,273,558,0,208,0,1,sim,sim,nao
101093,ativo,tiny-seller,77,1626,1173,2666,3,7,nao,nao,nao
101094,ativo,no-seller,83,2641,0,0,0,0,nao,nao,sim
101095,ativo,struggling-seller,20,161,126,487,1,4,nao,sim,nao
101096,trial,no-seller,36,150,0,0,0,0,nao,nao,nao
101097,ativo,tiny-seller,82,142,1897,4228,6,14,nao,nao,nao
101098,ativo,tiny-seller,4,61,2233,7806,6,22,sim,nao,nao
101099,ativo,struggling-seller,67,1135,296,672,2,5,nao,nao,sim
101100,ativo,no-seller,472,501,0,0,0,0,nao,nao,nao
101101,ativo,no-seller,94,115,0,0,0,0,nao,nao,sim
101102,ativo,no-seller,647,3379,0,0,0,0,sim,nao,nao
101103,ativo,small-seller,23,114,6053,13371,26,58,nao,nao,nao
101104,ativo,medium-seller,85,120,35927,109114,74,212,nao,nao,nao
101105,ativo,no-seller,626,912,0,0,0,0,sim,nao,nao
101106,ativo,tiny-seller,378,2191,1615,3813,11,25,nao,nao,nao
101107,ativo,struggling-seller,99,289,270,534,1,2,nao,nao,nao
101108,ativo,no-seller,270,277,0,0,0,0,nao,nao,nao
101109,churnado,no-seller,398,477,0,0,0,0,nao,nao,nao
101110,ativo,tiny-seller,228,526,2050,6425,8,27,nao,nao,nao
101111,ativo,struggling-seller,15,246,480,1529,2,6,nao,sim,nao
101112,ativo,no-seller,151,1608,0,0,0,0,nao,nao,nao
101113,ativo,no-seller,466,2818,0,0,0,0,nao,nao,nao
101114,ativo,no-seller,126,3011,0,0,0,0,sim,nao,nao
101115,ativo,tiny-seller,13,351,2185,5907,11,27,nao,nao,nao
101116,ativo,small-seller,13,106,5527,21037,26,97,sim,nao,nao
101117,ativo,struggling-seller,26,74,191,367,2,4,nao,sim,nao
101118,churnado,medium-seller,40,105,70495,231968,160,481,nao,sim,nao
101119,ativo,no-seller,47,69,0,0,0,0,nao,nao,nao
101120,ativo,no-seller,637,944,0,0,0,0,nao,nao,nao
101121,ativo,no-seller,342,876,0,0,0,0,nao,nao,nao
101122,ativo,no-seller,333,470,0,0,0,0,nao,nao,nao
101123,ativo,no-seller,26,85,0,0,0,0,nao,nao,nao
101124,ativo,struggling-seller,310,2369,145,408,1,3,nao,nao,nao
101125,ativo,no-seller,616,3316,0,0,0,0,nao,nao,nao
101126,ativo,tiny-seller,254,1090,1227,3771,3,9,nao,nao,sim
101127,ativo,no-seller,190,429,0,0,0,0,sim,nao,sim
101128,ativo,small-seller,67,254,11597,41312,23,89,nao,sim,sim
101129,ativo,small-seller,570,790,6156,23549,17,65,nao,nao,nao
101130,ativo,no-seller,49,60,0,0,0,0,nao,nao,nao
101131,ativo,no-seller,192,1106,0,0,0,0,nao,nao,sim
101132,ativo,small-seller,445,1982,9655,28293,35,102,sim,nao,nao
101133,ativo,no-seller,355,1392,0,0,0,0,nao,nao,nao
101134,cancelado,tiny-seller,86,112,2250,6249,8,22,nao,nao,nao
101135,ativo,small-seller,148,3298,19845,49281,44,107,nao,nao,nao
101136,ativo,struggling-seller,260,777,417,1032,2,5,nao,nao,nao
101137,ativo,tiny-seller,108,1175,1321,4013,5,14,sim,sim,nao
101138,ativo,no-seller,554,1913,0,0,0,0,nao,nao,nao
101139,trial,no-seller,18,158,0,0,0,0,sim,nao,nao
101140,churnado,struggling-seller,19,34,114,378,1,3,nao,sim,nao
101141,ativo,no-seller,100,677,0,0,0,0,nao,nao,nao
101142,churnado,struggling-seller,389,3436,0,268,0,1,nao,nao,nao
101143,ativo,no-seller,462,713,0,0,0,0,nao,nao,sim
101144,ativo,tiny-seller,518,1637,1155,4378,6,21,nao,nao,nao
101145,ativo,no-seller,436,856,0,0,0,0,sim,nao,nao
101146,ativo,no-seller,11,32,0,0,0,0,nao,sim,nao
101147,ativo,struggling-seller,234,2054,349,1059,2,6,nao,nao,sim
101148,ativo,struggling-seller,108,969,179,729,1,4,nao,nao,nao
101149,ativo,no-seller,680,763,0,0,0,0,nao,nao,nao
101150,ativo,no-seller,672,3167,0,0,0,0,nao,nao,nao
101151,ativo,no-seller,89,102,0,0,0,0,nao,nao,nao
101152,trial,struggling-seller,135,213,0,138,0,1,sim,nao,nao
101153,ativo,no-seller,522,1090,0,0,0,0,sim,nao,nao
101154,cancelado,no-seller,80,124,0,0,0,0,nao,nao,nao
101155,ativo,no-seller,27,58,0,0,0,0,sim,nao,nao
101156,ativo,struggling-seller,230,349,444,1080,2,5,nao,nao,nao
101157,ativo,struggling-seller,287,419,0,209,0,1,nao,nao,nao
101158,ativo,no-seller,140,556,0,0,0,0,nao,sim,nao
101159,ativo,struggling-seller,257,957,273,846,2,6,nao,nao,nao
101160,ativo,no-seller,337,430,0,0,0,0,nao,nao,nao
101161,ativo,struggling-seller,92,144,361,1150,2,6,nao,nao,nao
101162,ativo,struggling-seller,123,193,315,862,2,6,sim,nao,nao
101163,ativo,no-seller,597,3392,0,0,0,0,nao,nao,nao
101164,ativo,medium-seller,501,945,31971,80121,109,261,nao,nao,nao
101165,ativo,struggling-seller,145,156,0,85,0,1,nao,nao,nao
101166,ativo,no-seller,98,169,0,0,0,0,nao,nao,nao
101167,ativo,struggling-seller,276,3253,102,455,1,4,nao,nao,nao
101168,ativo,no-seller,20,180,0,0,0,0,nao,nao,nao
101169,ativo,tiny-seller,23,1471,1348,4136,8,24,nao,nao,nao
101170,ativo,tiny-seller,172,1156,1491,4473,7,19,nao,nao,nao
101171,ativo,tiny-seller,176,372,1653,4510,6,18,nao,nao,nao
101172,ativo,struggling-seller,37,1815,133,491,1,4,nao,nao,nao
101173,ativo,small-seller,79,177,5564,13451,23,52,nao,nao,nao
101174,ativo,tiny-seller,19,148,630,1878,3,9,nao,nao,nao
101175,ativo,no-seller,512,1835,0,0,0,0,nao,sim,nao
101176,ativo,no-seller,77,101,0,0,0,0,nao,nao,nao
101177,ativo,no-seller,31,87,0,0,0,0,sim,nao,sim
101178,cancelado,no-seller,135,236,0,0,0,0,nao,nao,nao
101179,ativo,no-seller,532,642,0,0,0,0,nao,nao,nao
101180,ativo,tiny-seller,417,638,1015,3100,4,12,nao,nao,nao
101181,ativo,no-seller,326,451,0,0,0,0,nao,nao,nao
101182,ativo,no-seller,405,1713,0,0,0,0,nao,sim,nao
101183,ativo,no-seller,238,510,0,0,0,0,nao,nao,nao
101184,churnado,no-seller,81,110,0,0,0,0,nao,nao,sim
101185,ativo,no-seller,443,1037,0,0,0,0,sim,nao,nao
101186,ativo,no-seller,490,3283,0,0,0,0,sim,nao,nao
101187,ativo,no-seller,71,81,0,0,0,0,nao,sim,nao
101188,ativo,no-seller,313,395,0,0,0,0,nao,nao,nao
101189,ativo,struggling-seller,56,95,188,707,1,4,nao,nao,nao
101190,ativo,no-seller,201,1532,0,0,0,0,sim,nao,nao
101191,ativo,no-seller,199,2984,0,0,0,0,nao,nao,nao
101192,ativo,no-seller,215,756,0,0,0,0,sim,sim,nao
101193,ativo,no-seller,29,61,0,0,0,0,nao,nao,nao
101194,ativo,struggling-seller,350,1825,468,1141,2,5,nao,nao,nao
101195,ativo,struggling-seller,152,227,138,253,1,2,nao,nao,nao
101196,ativo,no-seller,254,1652,0,0,0,0,nao,nao,sim
101197,ativo,no-seller,429,1429,0,0,0,0,nao,nao,nao
101198,ativo,medium-seller,793,1073,60060,192683,153,472,nao,nao,nao
101199,ativo,no-seller,120,441,0,0,0,0,nao,nao,nao
101200,ativo,no-seller,42,353,0,0,0,0,sim,sim,nao
101201,ativo,no-seller,714,2452,0,0,0,0,nao,nao,sim
101202,ativo,no-seller,375,3310,0,0,0,0,nao,nao,nao
101203,ativo,no-seller,39,124,0,0,0,0,nao,sim,nao
101204,cancelado,struggling-seller,196,1888,188,405,1,2,nao,nao,nao
101205,ativo,struggling-seller,229,575,300,874,2,6,nao,nao,nao
101206,ativo,tiny-seller,215,1087,1565,5243,4,14,nao,nao,nao
101207,ativo,no-seller,329,406,0,0,0,0,nao,nao,nao
101208,ativo,struggling-seller,671,2444,0,137,0,1,nao,nao,nao
101209,ativo,tiny-seller,724,1443,1931,7005,6,20,nao,nao,sim
101210,ativo,struggling-seller,284,572,194,390,1,2,nao,nao,nao
101211,ativo,struggling-seller,517,1399,192,580,1,3,nao,nao,nao
101212,ativo,no-seller,208,291,0,0,0,0,nao,nao,sim
101213,ativo,no-seller,452,505,0,0,0,0,nao,nao,nao
101214,ativo,no-seller,166,251,0,0,0,0,nao,nao,nao
101215,ativo,no-seller,14,31,0,0,0,0,sim,nao,nao
101216,ativo,no-seller,280,3037,0,0,0,0,nao,nao,nao
101217,trial,small-seller,785,1380,19532,45389,45,112,nao,nao,nao
101218,ativo,struggling-seller,27,36,0,122,0,1,sim,nao,nao
101219,ativo,tiny-seller,138,238,1958,4469,12,29,nao,nao,nao
101220,ativo,no-seller,798,1553,0,0,0,0,nao,nao,nao
101221,ativo,tiny-seller,47,323,2464,6908,7,18,sim,nao,nao
101222,ativo,struggling-seller,359,536,0,126,0,1,nao,nao,sim
101223,cancelado,no-seller,799,1051,0,0,0,0,nao,nao,nao
101224,ativo,no-seller,28,49,0,0,0,0,nao,nao,sim
101225,ativo,no-seller,3,299,0,0,0,0,nao,nao,sim
101226,ativo,struggling-seller,119,737,171,443,2,5,nao,nao,nao
101227,ativo,no-seller,246,251,0,0,0,0,nao,nao,nao
101228,cancelado,no-seller,76,2084,0,0,0,0,nao,nao,nao
101229,ativo,no-seller,18,41,0,0,0,0,nao,nao,nao
101230,churnado,struggling-seller,371,2097,0,105,0,1,nao,nao,nao
101231,ativo,tiny-seller,591,703,3917,10305,12,29,nao,nao,nao
101232,ativo,small-seller,30,31,3684,14205,10,36,nao,nao,nao
101233,ativo,no-seller,32,168,0,0,0,0,sim,nao,nao
101234,ativo,large-seller,17,32,170732,588336,387,1341,nao,nao,nao
101235,ativo,no-seller,31,196,0,0,0,0,nao,nao,nao
101236,trial,no-seller,764,823,0,0,0,0,nao,nao,nao
101237,ativo,no-seller,135,1106,0,0,0,0,nao,nao,nao
101238,ativo,no-seller,111,381,0,0,0,0,nao,sim,sim
101239,ativo,no-seller,423,1211,0,0,0,0,sim,nao,nao
101240,ativo,tiny-seller,332,2227,1676,5408,6,20,nao,nao,nao
101241,ativo,no-seller,29,31,0,0,0,0,sim,nao,nao
101242,ativo,struggling-seller,28,155,110,320,1,3,nao,nao,nao
101243,ativo,no-seller,28,121,0,0,0,0,nao,nao,nao
101244,ativo,no-seller,564,3341,0,0,0,0,nao,nao,nao
101245,ativo,struggling-seller,278,1184,356,1127,2,6,nao,nao,nao
101246,ativo,small-seller,642,2676,11208,46767,24,94,sim,nao,nao
101247,ativo,tiny-seller,643,809,2802,8281,6,19,nao,nao,nao
101248,ativo,no-seller,706,740,0,0,0,0,sim,nao,nao
101249,ativo,no-seller,74,512,0,0,0,0,sim,nao,nao
101250,ativo,no-seller,94,164,0,0,0,0,sim,nao,nao
101251,ativo,large-seller,460,998,204167,492359,422,965,nao,nao,nao
101252,ativo,struggling-seller,501,2717,199,366,1,2,nao,nao,nao
101253,ativo,medium-seller,683,767,34593,123171,133,432,nao,nao,sim
101254,ativo,struggling-seller,153,338,282,792,2,6,nao,sim,nao
101255,ativo,no-seller,358,449,0,0,0,0,nao,nao,nao
101256,ativo,struggling-seller,605,2948,574,1405,2,5,nao,nao,nao
101257,ativo,struggling-seller,20,1586,149,315,1,2,nao,nao,nao
101258,ativo,small-seller,755,793,19525,48954,50,135,nao,nao,nao
101259,ativo,no-seller,69,291,0,0,0,0,nao,sim,nao
101260,ativo,no-seller,715,1691,0,0,0,0,nao,nao,nao
101261,ativo,struggling-seller,329,697,251,468,2,4,nao,sim,nao
101262,ativo,struggling-seller,24,70,271,1040,1,4,nao,nao,nao
101263,ativo,struggling-seller,74,239,100,323,1,3,nao,nao,nao
101264,ativo,no-seller,27,48,0,0,0,0,nao,sim,sim
101265,ativo,small-seller,325,355,8274,20361,30,74,nao,nao,sim
101266,ativo,no-seller,747,781,0,0,0,0,sim,nao,nao
101267,ativo,no-seller,314,406,0,0,0,0,nao,nao,nao
101268,trial,struggling-seller,538,974,110,204,1,2,nao,nao,nao
101269,churnado,struggling-seller,485,699,230,891,1,4,sim,nao,nao
101270,ativo,struggling-seller,682,1006,418,847,3,6,sim,nao,nao
101271,ativo,no-seller,323,374,0,0,0,0,nao,nao,nao
101272,ativo,small-seller,25,49,10265,44442,33,131,nao,nao,nao
101273,ativo,struggling-seller,517,1844,0,242,0,1,nao,nao,sim
101274,ativo,no-seller,58,1171,0,0,0,0,nao,nao,nao
101275,ativo,medium-seller,198,1905,69530,253882,185,689,nao,nao,nao
101276,ativo,struggling-seller,151,151,0,209,0,1,nao,nao,nao
101277,ativo,tiny-seller,199,285,750,2348,3,10,nao,sim,nao
101278,ativo,no-seller,76,98,0,0,0,0,nao,sim,nao
101279,ativo,struggling-seller,290,577,179,482,2,5,sim,nao,sim
101280,ativo,struggling-seller,293,1586,0,185,0,1,nao,nao,nao
101281,ativo,no-seller,171,481,0,0,0,0,nao,sim,nao
101282,ativo,tiny-seller,133,1370,3498,8162,10,23,nao,nao,nao
101283,ativo,tiny-seller,433,435,1194,2619,3,7,nao,nao,nao
101284,ativo,small-seller,44,163,15081,40424,45,129,nao,nao,nao
101285,ativo,medium-seller,297,1955,31347,98445,57,192,nao,nao,nao
101286,ativo,no-seller,629,1006,0,0,0,0,nao,sim,nao
101287,ativo,struggling-seller,48,870,268,609,2,5,nao,nao,nao
101288,ativo,struggling-seller,785,938,378,913,2,5,nao,nao,nao
101289,ativo,struggling-seller,196,338,499,1368,2,6,nao,nao,nao
101290,ativo,tiny-seller,301,1874,822,2427,4,11,nao,nao,nao
101291,ativo,struggling-seller,55,131,213,591,1,3,nao,nao,nao
101292,trial,tiny-seller,0,234,2273,6374,6,18,sim,nao,nao
101293,ativo,no-seller,200,214,0,0,0,0,nao,nao,nao
101294,ativo,small-seller,143,166,13341,39015,29,92,sim,nao,nao
101295,ativo,no-seller,791,814,0,0,0,0,nao,nao,nao
101296,ativo,no-seller,489,3043,0,0,0,0,nao,sim,nao
101297,ativo,struggling-seller,398,2545,0,227,0,1,nao,sim,nao
101298,ativo,no-seller,82,1018,0,0,0,0,nao,nao,nao
101299,ativo,no-seller,644,1596,0,0,0,0,nao,nao,nao
101300,ativo,struggling-seller,23,53,176,327,1,2,nao,nao,nao
101301,ativo,no-seller,5,38,0,0,0,0,nao,nao,nao
101302,ativo,no-seller,10,52,0,0,0,0,nao,nao,sim
101303,ativo,no-seller,690,2815,0,0,0,0,nao,sim,nao
101304,ativo,no-seller,321,2822,0,0,0,0,nao,nao,nao
101305,ativo,no-seller,81,512,0,0,0,0,nao,nao,nao
101306,ativo,struggling-seller,20,68,0,143,0,1,nao,nao,nao
101307,ativo,struggling-seller,25,260,531,1668,2,6,nao,nao,nao
101308,ativo,no-seller,110,519,0,0,0,0,nao,nao,nao
101309,ativo,struggling-seller,76,2615,0,195,0,1,nao,nao,nao
101310,ativo,no-seller,621,1373,0,0,0,0,nao,nao,nao
101311,ativo,tiny-seller,29,191,2312,8385,6,23,nao,nao,nao
101312,ativo,top-seller,358,485,309677,1063943,566,1751,nao,sim,nao
101313,ativo,struggling-seller,81,285,0,281,0,1,sim,sim,nao
101314,churnado,no-seller,335,763,0,0,0,0,nao,nao,nao
101315,churnado,struggling-seller,274,665,165,342,1,2,sim,nao,nao
101316,ativo,struggling-seller,612,3213,434,1269,2,6,nao,nao,nao
101317,ativo,no-seller,36,1815,0,0,0,0,nao,nao,nao
101318,ativo,small-seller,199,392,16106,39597,41,92,nao,nao,nao
101319,ativo,no-seller,79,113,0,0,0,0,nao,nao,nao
101320,ativo,tiny-seller,66,99,2773,9661,7,25,nao,sim,nao
101321,trial,small-seller,199,329,9108,29815,23,79,nao,nao,nao
101322,ativo,no-seller,71,380,0,0,0,0,nao,nao,nao
101323,ativo,struggling-seller,68,102,660,1215,3,6,nao,nao,sim
101324,ativo,no-seller,345,662,0,0,0,0,nao,nao,nao
101325,churnado,no-seller,175,3143,0,0,0,0,nao,nao,nao
101326,ativo,struggling-seller,378,1642,0,134,0,1,nao,nao,nao
101327,ativo,tiny-seller,294,1592,1312,3047,7,15,nao,nao,sim
101328,ativo,struggling-seller,275,797,0,104,0,1,sim,nao,nao
101329,ativo,struggling-seller,99,2955,205,386,1,2,nao,nao,sim
101330,ativo,no-seller,270,363,0,0,0,0,nao,nao,nao
101331,ativo,no-seller,134,1379,0,0,0,0,nao,sim,nao
101332,ativo,struggling-seller,356,727,99,374,1,4,nao,nao,nao
101333,ativo,no-seller,63,126,0,0,0,0,nao,nao,nao
101334,ativo,no-seller,750,960,0,0,0,0,nao,nao,nao
101335,ativo,struggling-seller,182,896,104,484,1,5,nao,sim,nao
101336,ativo,no-seller,237,1014,0,0,0,0,sim,nao,nao
101337,ativo,large-seller,41,90,132882,504082,308,1075,nao,nao,nao
101338,ativo,struggling-seller,502,3441,167,324,1,2,sim,sim,nao
101339,ativo,struggling-seller,47,126,119,380,1,3,sim,nao,nao
101340,ativo,no-seller,47,257,0,0,0,0,sim,nao,nao
101341,ativo,no-seller,208,559,0,0,0,0,nao,nao,sim
101342,ativo,no-seller,89,626,0,0,0,0,nao,nao,nao
101343,ativo,no-seller,92,208,0,0,0,0,nao,nao,nao
101344,ativo,struggling-seller,9,44,80,440,1,5,nao,nao,nao
101345,ativo,no-seller,110,492,0,0,0,0,nao,nao,nao
101346,ativo,struggling-seller,29,3121,99,300,1,3,nao,nao,sim
101347,ativo,struggling-seller,21,109,191,583,1,3,nao,nao,nao
101348,ativo,no-seller,296,1803,0,0,0,0,nao,sim,nao
101349,ativo,struggling-seller,510,2980,339,858,2,5,sim,nao,nao
101350,ativo,tiny-seller,736,2575,893,3288,3,10,nao,nao,nao
101351,ativo,struggling-seller,55,1348,237,591,2,5,nao,nao,nao
101352,ativo,struggling-seller,683,2303,278,765,2,5,sim,nao,nao
101353,ativo,no-seller,587,769,0,0,0,0,nao,nao,nao
101354,ativo,medium-seller,584,2252,30831,125329,63,246,nao,nao,nao
101355,ativo,struggling-seller,1,149,125,673,1,5,sim,nao,nao
101356,ativo,struggling-seller,238,498,249,549,3,6,nao,sim,nao
101357,ativo,struggling-seller,448,652,111,216,1,2,nao,nao,nao
101358,ativo,no-seller,288,1544,0,0,0,0,sim,sim,sim
101359,ativo,no-seller,345,641,0,0,0,0,nao,nao,nao
101360,ativo,struggling-seller,8,351,222,617,2,5,nao,nao,nao
101361,ativo,tiny-seller,17,801,842,2666,3,10,sim,nao,nao
101362,ativo,struggling-seller,18,118,189,827,1,4,nao,nao,nao
101363,ativo,no-seller,32,177,0,0,0,0,nao,nao,nao
101364,ativo,no-seller,162,2978,0,0,0,0,nao,nao,nao
101365,ativo,struggling-seller,63,235,0,105,0,1,nao,sim,nao
101366,ativo,top-seller,217,346,802130,2916436,1348,4955,nao,nao,nao
101367,ativo,no-seller,422,2582,0,0,0,0,nao,sim,nao
101368,ativo,no-seller,66,122,0,0,0,0,sim,sim,sim
101369,ativo,no-seller,75,85,0,0,0,0,sim,nao,nao
101370,ativo,no-seller,10,148,0,0,0,0,nao,sim,sim
101371,ativo,no-seller,294,3145,0,0,0,0,nao,nao,nao
101372,ativo,tiny-seller,50,132,823,1922,3,7,nao,nao,nao
101373,cancelado,tiny-seller,621,1615,1678,6570,5,19,sim,nao,nao
101374,ativo,no-seller,17,57,0,0,0,0,nao,nao,nao
101375,ativo,struggling-seller,119,1494,0,145,0,1,nao,nao,nao
101376,ativo,struggling-seller,587,1212,0,138,0,1,nao,nao,nao
101377,ativo,tiny-seller,504,652,1735,4628,11,27,nao,nao,nao
101378,ativo,medium-seller,272,550,56494,151055,149,405,nao,nao,nao
101379,trial,struggling-seller,169,2578,463,1005,2,4,nao,nao,nao
101380,ativo,struggling-seller,265,1064,0,238,0,1,nao,nao,nao
101381,ativo,small-seller,56,71,6502,14008,14,33,nao,nao,nao
101382,ativo,tiny-seller,450,481,2068,6799,6,18,sim,nao,nao
101383,ativo,struggling-seller,184,1937,135,260,1,2,nao,nao,nao
101384,ativo,small-seller,92,114,14796,43956,41,127,nao,nao,nao
101385,ativo,no-seller,35,50,0,0,0,0,nao,nao,nao
101386,ativo,struggling-seller,341,728,309,902,2,6,nao,nao,nao
101387,ativo,struggling-seller,127,364,196,640,2,6,sim,nao,nao
101388,ativo,tiny-seller,277,401,2277,6680,8,24,nao,nao,nao
101389,ativo,large-seller,455,1483,284169,736037,502,1367,nao,nao,nao
101390,ativo,tiny-seller,209,3483,2412,5581,13,29,nao,nao,nao
101391,ativo,small-seller,142,329,7613,27372,39,127,nao,nao,sim
101392,ativo,no-seller,765,2582,0,0,0,0,sim,nao,nao
101393,ativo,struggling-seller,42,697,315,801,2,5,nao,sim,nao
101394,ativo,no-seller,192,381,0,0,0,0,nao,nao,nao
101395,ativo,tiny-seller,148,196,1948,6061,6,19,nao,nao,sim
101396,ativo,no-seller,184,849,0,0,0,0,sim,nao,nao
101397,ativo,struggling-seller,355,360,0,141,0,1,nao,nao,nao
101398,ativo,no-seller,266,617,0,0,0,0,nao,nao,nao
101399,trial,no-seller,586,1047,0,0,0,0,nao,nao,nao
101400,ativo,no-seller,96,243,0,0,0,0,nao,nao,nao
101401,ativo,tiny-seller,441,895,1965,4814,9,22,nao,nao,sim
101402,ativo,medium-seller,226,1564,57812,128279,148,347,nao,nao,nao
101403,ativo,no-seller,171,384,0,0,0,0,nao,nao,nao
101404,trial,small-seller,95,433,8115,23802,16,46,nao,nao,nao
101405,ativo,no-seller,102,1269,0,0,0,0,sim,nao,nao
101406,ativo,no-seller,654,1732,0,0,0,0,nao,sim,nao
101407,churnado,no-seller,405,527,0,0,0,0,nao,nao,nao
101408,ativo,no-seller,366,784,0,0,0,0,nao,nao,sim
101409,ativo,no-seller,418,3431,0,0,0,0,nao,nao,nao
101410,ativo,no-seller,21,87,0,0,0,0,sim,nao,nao
101411,ativo,no-seller,88,176,0,0,0,0,nao,nao,nao
101412,ativo,no-seller,86,315,0,0,0,0,nao,nao,nao
101413,ativo,no-seller,238,727,0,0,0,0,nao,nao,nao
101414,ativo,medium-seller,43,51,70777,286617,157,590,nao,nao,nao
101415,ativo,struggling-seller,748,1550,203,846,1,4,nao,nao,nao
101416,ativo,small-seller,388,720,16258,44609,44,118,nao,sim,nao
101417,ativo,no-seller,235,881,0,0,0,0,nao,nao,nao
101418,ativo,small-seller,117,289,24995,59300,61,143,nao,nao,sim
101419,ativo,large-seller,65,227,171226,637823,378,1437,nao,nao,nao
101420,trial,struggling-seller,743,1497,244,748,2,6,nao,nao,nao
101421,ativo,tiny-seller,782,2354,2483,5790,12,29,nao,nao,nao
101422,ativo,large-seller,390,681,237814,789912,439,1478,sim,nao,nao
101423,ativo,struggling-seller,80,377,96,529,1,5,sim,nao,nao
101424,trial,no-seller,472,635,0,0,0,0,nao,sim,nao
101425,ativo,struggling-seller,571,1107,382,1057,2,6,nao,nao,nao
101426,ativo,struggling-seller,65,72,0,202,0,1,nao,nao,sim
101427,trial,struggling-seller,468,3435,439,909,2,4,nao,sim,nao
101428,ativo,no-seller,18,216,0,0,0,0,sim,nao,nao
101429,ativo,no-seller,28,75,0,0,0,0,nao,sim,nao
101430,ativo,no-seller,605,1865,0,0,0,0,nao,nao,sim
101431,ativo,no-seller,199,738,0,0,0,0,nao,nao,nao
101432,ativo,struggling-seller,636,754,199,431,2,4,nao,nao,nao
101433,ativo,no-seller,37,43,0,0,0,0,nao,nao,nao
101434,ativo,small-seller,38,40,6188,16161,23,61,nao,nao,sim
101435,churnado,struggling-seller,23,32,219,478,1,2,nao,nao,nao
101436,ativo,no-seller,660,685,0,0,0,0,nao,nao,nao
101437,ativo,small-seller,90,451,7016,17068,22,51,nao,nao,nao
101438,ativo,no-seller,124,244,0,0,0,0,nao,sim,nao
101439,ativo,no-seller,129,785,0,0,0,0,nao,nao,nao
101440,ativo,no-seller,64,1388,0,0,0,0,nao,nao,nao
101441,ativo,no-seller,10,54,0,0,0,0,nao,nao,nao
101442,ativo,no-seller,71,123,0,0,0,0,nao,nao,nao
101443,ativo,no-seller,529,551,0,0,0,0,nao,nao,nao
101444,ativo,no-seller,199,423,0,0,0,0,nao,nao,nao
101445,ativo,no-seller,50,61,0,0,0,0,nao,nao,nao
101446,churnado,no-seller,1,774,0,0,0,0,nao,nao,nao
101447,ativo,tiny-seller,23,72,2108,6409,7,20,sim,sim,nao
101448,ativo,no-seller,262,3020,0,0,0,0,nao,nao,nao
101449,ativo,struggling-seller,167,266,391,796,3,6,sim,nao,nao
101450,ativo,no-seller,639,1380,0,0,0,0,nao,nao,nao
101451,ativo,tiny-seller,84,1820,1593,4387,5,13,nao,nao,nao
101452,churnado,tiny-seller,448,1359,1816,5398,5,15,sim,nao,nao
101453,ativo,large-seller,306,3457,268033,665808,491,1305,nao,nao,sim
101454,ativo,no-seller,141,467,0,0,0,0,nao,nao,nao
101455,ativo,no-seller,163,3061,0,0,0,0,nao,nao,nao
101456,ativo,struggling-seller,166,292,0,80,0,1,nao,nao,nao
101457,ativo,struggling-seller,103,108,210,582,1,3,nao,nao,nao
101458,churnado,struggling-seller,84,3478,176,536,2,6,nao,nao,sim
101459,ativo,no-seller,187,1316,0,0,0,0,nao,nao,nao
101460,ativo,struggling-seller,455,460,127,625,1,5,sim,nao,nao
101461,ativo,struggling-seller,682,2599,0,94,0,1,sim,nao,nao
101462,ativo,no-seller,39,51,0,0,0,0,nao,nao,sim
101463,ativo,struggling-seller,226,2567,257,760,2,6,sim,nao,sim
101464,ativo,medium-seller,591,760,37676,95489,65,164,sim,nao,nao
101465,ativo,no-seller,733,1143,0,0,0,0,nao,nao,nao
101466,ativo,no-seller,383,1223,0,0,0,0,nao,sim,nao
101467,ativo,tiny-seller,342,2061,878,3052,5,17,nao,nao,nao
101468,ativo,struggling-seller,586,1068,475,1385,2,6,nao,nao,sim
101469,ativo,struggling-seller,569,3042,166,611,1,4,nao,nao,nao
101470,ativo,no-seller,576,1490,0,0,0,0,nao,nao,nao
101471,ativo,tiny-seller,54,73,1144,2816,7,16,nao,nao,sim
101472,ativo,no-seller,38,41,0,0,0,0,sim,nao,nao
101473,ativo,tiny-seller,140,174,503,1627,2,7,nao,nao,nao
101474,ativo,struggling-seller,444,749,0,217,0,1,nao,nao,nao
101475,ativo,struggling-seller,3,50,251,809,1,3,nao,nao,nao
101476,ativo,no-seller,54,2332,0,0,0,0,nao,nao,nao
101477,ativo,no-seller,5,30,0,0,0,0,nao,nao,nao
101478,ativo,tiny-seller,169,177,1019,2135,5,11,sim,nao,nao
101479,ativo,struggling-seller,689,1232,234,437,1,2,sim,nao,nao
101480,churnado,struggling-seller,47,83,198,659,2,6,nao,sim,nao
101481,ativo,small-seller,235,459,12509,30460,34,76,nao,nao,nao
101482,ativo,no-seller,41,2199,0,0,0,0,nao,nao,nao
101483,ativo,no-seller,269,1662,0,0,0,0,nao,nao,nao
101484,ativo,struggling-seller,77,377,200,456,2,5,nao,nao,nao
101485,churnado,small-seller,14,48,19682,45617,49,120,nao,sim,nao
101486,ativo,no-seller,96,258,0,0,0,0,nao,nao,nao
101487,ativo,struggling-seller,24,126,214,415,1,2,nao,nao,nao
101488,ativo,no-seller,103,1116,0,0,0,0,nao,nao,nao
101489,churnado,struggling-seller,100,567,380,1168,2,6,nao,nao,nao
101490,ativo,struggling-seller,288,3077,242,912,1,4,nao,nao,sim
101491,ativo,tiny-seller,415,652,649,2352,2,7,nao,nao,nao
101492,ativo,no-seller,650,1587,0,0,0,0,nao,nao,nao
101493,ativo,struggling-seller,277,3395,153,654,1,4,nao,sim,nao
101494,trial,no-seller,633,2006,0,0,0,0,nao,nao,sim
101495,ativo,tiny-seller,330,839,1823,4424,8,18,nao,nao,nao
101496,ativo,no-seller,292,2782,0,0,0,0,sim,nao,nao
101497,ativo,no-seller,161,1706,0,0,0,0,nao,nao,nao
101498,ativo,no-seller,57,1311,0,0,0,0,nao,nao,nao
101499,ativo,no-seller,18,2546,0,0,0,0,sim,nao,nao
101500,ativo,struggling-seller,85,323,240,451,1,2,nao,nao,nao
101501,ativo,struggling-seller,136,499,360,1194,2,6,nao,nao,nao
101502,ativo,no-seller,231,468,0,0,0,0,sim,nao,nao
101503,ativo,no-seller,17,31,0,0,0,0,nao,nao,sim
101504,ativo,struggling-seller,449,1848,83,389,1,5,sim,nao,nao
101505,ativo,struggling-seller,122,2902,94,365,1,4,sim,nao,nao
101506,ativo,no-seller,359,926,0,0,0,0,nao,nao,nao
101507,ativo,no-seller,589,1005,0,0,0,0,nao,nao,nao
101508,ativo,struggling-seller,360,3119,388,1080,2,6,nao,nao,nao
101509,ativo,struggling-seller,800,1934,192,422,1,2,nao,sim,nao
101510,ativo,tiny-seller,64,94,1018,2295,5,12,nao,nao,nao
101511,ativo,medium-seller,504,1255,62038,221106,180,596,nao,nao,nao
101512,cancelado,no-seller,91,121,0,0,0,0,nao,nao,nao
101513,ativo,top-seller,289,309,633814,1829626,694,2132,nao,nao,nao
101514,ativo,small-seller,162,190,13665,34971,54,132,nao,sim,nao
101515,ativo,struggling-seller,62,257,352,1104,2,6,nao,nao,nao
101516,ativo,no-seller,141,268,0,0,0,0,nao,sim,nao
101517,ativo,tiny-seller,675,2817,664,2204,3,9,nao,sim,nao
101518,ativo,no-seller,254,277,0,0,0,0,nao,nao,nao
101519,trial,no-seller,111,201,0,0,0,0,nao,nao,sim
101520,ativo,struggling-seller,84,104,0,109,0,1,nao,sim,nao
101521,ativo,no-seller,247,434,0,0,0,0,nao,nao,nao
101522,ativo,no-seller,14,373,0,0,0,0,nao,nao,nao
101523,ativo,struggling-seller,430,1020,130,382,1,3,nao,nao,nao
101524,ativo,struggling-seller,592,1343,249,704,2,6,nao,nao,nao
101525,ativo,no-seller,3,32,0,0,0,0,sim,nao,nao
101526,ativo,no-seller,445,1083,0,0,0,0,nao,nao,nao
101527,ativo,no-seller,429,2858,0,0,0,0,nao,nao,nao
101528,ativo,no-seller,33,2144,0,0,0,0,sim,nao,nao
101529,ativo,no-seller,395,817,0,0,0,0,nao,nao,nao
101530,churnado,no-seller,81,87,0,0,0,0,nao,nao,nao
101531,ativo,no-seller,23,53,0,0,0,0,nao,nao,nao
101532,ativo,no-seller,52,121,0,0,0,0,nao,nao,nao
101533,ativo,no-seller,134,240,0,0,0,0,nao,nao,nao
101534,ativo,no-seller,423,2683,0,0,0,0,nao,nao,nao
101535,ativo,small-seller,299,2869,19835,56037,47,126,nao,nao,nao
101536,ativo,struggling-seller,147,234,198,614,1,3,nao,nao,nao
101537,churnado,large-seller,545,1098,247896,569784,604,1408,sim,nao,nao
101538,ativo,no-seller,265,284,0,0,0,0,nao,nao,nao
101539,ativo,no-seller,135,1753,0,0,0,0,nao,nao,nao
101540,ativo,no-seller,155,446,0,0,0,0,nao,sim,nao
101541,ativo,no-seller,22,42,0,0,0,0,sim,nao,nao
101542,ativo,no-seller,182,379,0,0,0,0,nao,nao,nao
101543,ativo,struggling-seller,2,2012,478,1273,2,5,nao,nao,nao
101544,ativo,small-seller,49,708,9149,31847,43,144,nao,nao,nao
101545,ativo,no-seller,731,1075,0,0,0,0,nao,nao,nao
101546,ativo,no-seller,28,1889,0,0,0,0,sim,nao,nao
101547,ativo,struggling-seller,582,2457,158,496,1,3,nao,nao,sim
101548,ativo,no-seller,68,117,0,0,0,0,nao,nao,nao
101549,ativo,tiny-seller,287,883,1171,3553,6,20,nao,nao,nao
101550,ativo,no-seller,220,3399,0,0,0,0,nao,sim,sim
101551,ativo,no-seller,375,461,0,0,0,0,nao,nao,nao
101552,ativo,small-seller,27,34,4912,13447,19,49,sim,nao,nao
101553,ativo,struggling-seller,124,206,123,225,1,2,nao,nao,nao
101554,ativo,no-seller,167,1308,0,0,0,0,nao,nao,sim
101555,ativo,no-seller,423,2305,0,0,0,0,nao,nao,nao
101556,ativo,tiny-seller,60,82,2360,8359,8,27,nao,nao,nao
101557,ativo,no-seller,480,1682,0,0,0,0,nao,nao,nao
101558,ativo,no-seller,598,848,0,0,0,0,nao,nao,nao
101559,ativo,struggling-seller,742,2612,210,686,2,6,nao,sim,nao
101560,ativo,no-seller,283,310,0,0,0,0,nao,nao,nao
101561,ativo,small-seller,465,2471,10700,36024,38,140,nao,nao,nao
101562,ativo,small-seller,505,1544,4000,15088,12,44,nao,nao,nao
101563,ativo,no-seller,605,1820,0,0,0,0,nao,nao,nao
101564,ativo,struggling-seller,17,30,129,252,1,2,nao,sim,nao
101565,ativo,no-seller,349,349,0,0,0,0,nao,nao,nao
101566,ativo,small-seller,114,143,10303,26633,37,94,nao,nao,nao
101567,ativo,no-seller,580,2587,0,0,0,0,sim,nao,nao
101568,ativo,no-seller,137,1811,0,0,0,0,sim,nao,nao
101569,ativo,struggling-seller,41,91,120,459,1,4,sim,nao,nao
101570,ativo,struggling-seller,43,2989,117,507,1,4,nao,nao,sim
101571,ativo,struggling-seller,721,2093,80,159,1,2,nao,sim,nao
101572,ativo,no-seller,255,418,0,0,0,0,nao,nao,sim
101573,ativo,no-seller,284,284,0,0,0,0,nao,nao,nao
101574,ativo,tiny-seller,43,1116,3103,7981,7,19,nao,nao,nao
101575,ativo,tiny-seller,121,1604,1146,4650,7,26,nao,nao,sim
101576,ativo,struggling-seller,115,659,177,538,1,3,nao,nao,nao
101577,churnado,no-seller,98,1187,0,0,0,0,nao,nao,nao
101578,ativo,no-seller,110,169,0,0,0,0,nao,sim,nao
101579,ativo,no-seller,12,32,0,0,0,0,nao,nao,nao
101580,ativo,small-seller,2,31,13539,32088,28,72,nao,nao,nao
101581,ativo,struggling-seller,25,58,412,1095,2,5,nao,nao,nao
101582,ativo,medium-seller,123,164,84559,207563,236,568,nao,sim,nao
101583,ativo,tiny-seller,2,30,1521,3781,5,13,nao,nao,nao
101584,ativo,tiny-seller,333,650,2468,8511,8,29,nao,nao,nao
101585,ativo,small-seller,272,636,6332,21108,17,62,nao,nao,nao
101586,ativo,no-seller,182,1065,0,0,0,0,nao,sim,nao
101587,ativo,struggling-seller,204,353,270,662,2,5,nao,nao,nao
101588,ativo,struggling-seller,9,946,181,734,1,4,nao,nao,nao
101589,ativo,no-seller,0,39,0,0,0,0,nao,nao,nao
101590,ativo,no-seller,316,317,0,0,0,0,nao,nao,nao
101591,churnado,no-seller,516,879,0,0,0,0,nao,sim,nao
101592,ativo,no-seller,351,2885,0,0,0,0,nao,nao,nao
101593,ativo,top-seller,149,243,694072,2520306,929,3687,sim,nao,sim
101594,ativo,medium-seller,25,47,50691,198312,121,447,nao,nao,nao
101595,ativo,tiny-seller,156,288,3249,9254,10,28,nao,sim,nao
101596,ativo,no-seller,0,35,0,0,0,0,nao,nao,nao
101597,ativo,no-seller,797,828,0,0,0,0,nao,nao,sim
101598,churnado,no-seller,142,243,0,0,0,0,nao,nao,nao
101599,churnado,struggling-seller,301,2457,170,631,1,4,nao,sim,nao
101600,ativo,no-seller,48,1175,0,0,0,0,nao,nao,nao
101601,churnado,no-seller,44,837,0,0,0,0,nao,nao,nao
101602,ativo,small-seller,191,391,4491,13033,18,52,nao,nao,nao
101603,churnado,no-seller,339,881,0,0,0,0,nao,nao,nao
101604,ativo,tiny-seller,78,206,1422,4876,6,22,nao,nao,nao
101605,ativo,no-seller,42,104,0,0,0,0,nao,nao,nao
101606,ativo,small-seller,47,56,13321,29756,27,62,nao,nao,nao
101607,ativo,struggling-seller,252,694,254,654,2,5,nao,nao,nao
101608,churnado,no-seller,43,341,0,0,0,0,nao,sim,nao
101609,ativo,struggling-seller,306,333,0,134,0,1,nao,nao,nao
101610,ativo,tiny-seller,74,92,1704,5441,5,16,sim,nao,nao
101611,ativo,small-seller,25,63,10523,23238,26,61,nao,nao,nao
101612,ativo,no-seller,142,234,0,0,0,0,nao,nao,sim
101613,ativo,no-seller,167,258,0,0,0,0,nao,nao,nao
101614,ativo,tiny-seller,51,1657,1054,3529,3,10,nao,nao,nao
101615,ativo,small-seller,229,3347,8061,20186,25,57,nao,nao,sim
101616,ativo,no-seller,348,838,0,0,0,0,nao,nao,nao
101617,ativo,small-seller,167,1267,4284,13029,13,43,nao,nao,nao
101618,ativo,struggling-seller,596,1339,165,493,1,3,nao,nao,nao
101619,ativo,no-seller,298,461,0,0,0,0,nao,nao,nao
101620,ativo,struggling-seller,17,66,193,575,1,3,nao,nao,nao
101621,ativo,no-seller,435,2714,0,0,0,0,nao,nao,nao
101622,ativo,struggling-seller,27,71,191,522,2,6,nao,sim,nao
101623,ativo,no-seller,755,1885,0,0,0,0,nao,nao,nao
101624,ativo,struggling-seller,107,2057,284,582,2,4,nao,nao,nao
101625,ativo,no-seller,766,1328,0,0,0,0,sim,nao,nao
101626,ativo,no-seller,124,1448,0,0,0,0,sim,nao,nao
101627,trial,medium-seller,587,661,70582,185638,227,636,nao,nao,nao
101628,ativo,no-seller,306,2310,0,0,0,0,nao,nao,nao
101629,ativo,small-seller,543,1721,7590,24249,31,94,nao,nao,sim
101630,trial,no-seller,220,277,0,0,0,0,sim,nao,nao
101631,ativo,no-seller,197,294,0,0,0,0,nao,nao,nao
101632,ativo,no-seller,103,2293,0,0,0,0,nao,nao,nao
101633,ativo,struggling-seller,245,2003,170,627,1,4,nao,nao,nao
101634,ativo,no-seller,422,1249,0,0,0,0,sim,nao,nao
101635,ativo,medium-seller,104,279,63242,237458,127,493,nao,nao,nao
101636,trial,no-seller,216,423,0,0,0,0,sim,nao,nao
101637,ativo,no-seller,29,218,0,0,0,0,nao,nao,nao
101638,ativo,small-seller,588,777,13518,38385,52,133,sim,nao,nao
101639,ativo,struggling-seller,138,487,239,671,1,3,sim,nao,nao
101640,ativo,no-seller,573,714,0,0,0,0,nao,nao,nao
101641,ativo,tiny-seller,784,1607,1090,2821,3,8,nao,nao,nao
101642,ativo,no-seller,14,528,0,0,0,0,nao,sim,nao
101643,ativo,struggling-seller,44,88,174,319,1,2,nao,sim,nao
101644,ativo,no-seller,4,72,0,0,0,0,nao,nao,nao
101645,trial,tiny-seller,3,61,3972,8987,12,29,nao,sim,nao
101646,ativo,no-seller,147,967,0,0,0,0,sim,nao,nao
101647,trial,struggling-seller,154,728,533,1007,3,6,nao,sim,nao
101648,ativo,struggling-seller,25,130,0,165,0,1,nao,nao,nao
101649,ativo,small-seller,32,1627,11039,32527,36,107,sim,nao,nao
101650,ativo,no-seller,139,571,0,0,0,0,nao,nao,nao
101651,trial,no-seller,91,902,0,0,0,0,nao,nao,nao
101652,ativo,no-seller,97,155,0,0,0,0,nao,nao,nao
101653,ativo,no-seller,15,108,0,0,0,0,sim,nao,nao
101654,ativo,tiny-seller,114,1434,1134,3912,7,22,nao,nao,nao
101655,ativo,tiny-seller,188,2502,1758,6046,5,18,nao,nao,nao
101656,ativo,tiny-seller,485,1738,421,1714,3,12,nao,nao,nao
101657,ativo,medium-seller,276,1130,50982,171908,137,504,nao,nao,sim
101658,ativo,struggling-seller,387,397,444,859,3,6,sim,nao,nao
101659,ativo,struggling-seller,116,217,71,223,1,3,nao,nao,nao
101660,ativo,no-seller,782,1401,0,0,0,0,nao,nao,nao
101661,churnado,no-seller,640,3072,0,0,0,0,sim,nao,nao
101662,ativo,struggling-seller,276,605,234,897,1,4,sim,sim,nao
101663,ativo,no-seller,151,2837,0,0,0,0,nao,nao,nao
101664,ativo,tiny-seller,0,30,679,1758,3,7,nao,nao,nao
101665,ativo,no-seller,1,400,0,0,0,0,sim,nao,nao
101666,ativo,tiny-seller,240,944,855,2255,4,11,sim,sim,nao
101667,ativo,struggling-seller,84,2033,321,839,2,5,nao,nao,nao
101668,ativo,no-seller,49,470,0,0,0,0,nao,sim,sim
101669,ativo,struggling-seller,337,1203,208,568,2,5,nao,nao,nao
101670,ativo,no-seller,294,351,0,0,0,0,nao,nao,nao
101671,ativo,tiny-seller,75,444,1605,5070,10,29,nao,nao,nao
101672,ativo,struggling-seller,1,1559,255,514,1,2,nao,nao,nao
101673,ativo,no-seller,352,2757,0,0,0,0,nao,sim,nao
101674,ativo,no-seller,142,1584,0,0,0,0,nao,nao,nao
101675,ativo,small-seller,646,946,7205,28471,20,72,nao,sim,sim
101676,ativo,struggling-seller,15,494,0,229,0,1,sim,nao,nao
101677,ativo,no-seller,439,578,0,0,0,0,nao,nao,nao
101678,ativo,struggling-seller,264,3197,145,424,1,3,nao,nao,nao
101679,ativo,no-seller,320,337,0,0,0,0,nao,nao,nao
101680,ativo,no-seller,215,314,0,0,0,0,sim,nao,nao
101681,ativo,no-seller,16,82,0,0,0,0,nao,nao,nao
101682,ativo,no-seller,214,377,0,0,0,0,nao,nao,nao
101683,ativo,no-seller,16,115,0,0,0,0,nao,sim,nao
101684,ativo,small-seller,279,404,8498,34140,23,87,sim,nao,nao
101685,ativo,no-seller,308,749,0,0,0,0,nao,nao,nao
101686,ativo,no-seller,46,55,0,0,0,0,nao,nao,nao
101687,ativo,no-seller,55,73,0,0,0,0,nao,nao,nao
101688,ativo,no-seller,17,1665,0,0,0,0,nao,nao,nao
101689,ativo,tiny-seller,103,1556,2421,6509,11,28,nao,nao,nao
101690,ativo,tiny-seller,741,1790,521,2191,2,9,nao,nao,nao
101691,ativo,small-seller,142,264,6656,20195,15,41,nao,nao,nao
101692,ativo,small-seller,29,366,6152,15044,25,56,nao,sim,sim
101693,ativo,small-seller,246,1835,3845,8728,18,44,nao,nao,nao
101694,cancelado,no-seller,769,1297,0,0,0,0,nao,nao,nao
101695,ativo,no-seller,477,3248,0,0,0,0,nao,nao,nao
101696,trial,no-seller,112,157,0,0,0,0,nao,nao,nao
101697,ativo,no-seller,67,125,0,0,0,0,nao,nao,nao
101698,trial,no-seller,57,514,0,0,0,0,nao,nao,nao
101699,ativo,no-seller,113,1185,0,0,0,0,nao,nao,nao
101700,ativo,no-seller,776,839,0,0,0,0,nao,nao,nao
101701,ativo,no-seller,86,150,0,0,0,0,nao,sim,nao
101702,ativo,no-seller,186,2507,0,0,0,0,nao,nao,nao
101703,ativo,no-seller,256,317,0,0,0,0,sim,nao,nao
101704,ativo,no-seller,218,1565,0,0,0,0,nao,nao,nao
101705,ativo,no-seller,24,47,0,0,0,0,nao,nao,nao
101706,ativo,no-seller,20,1087,0,0,0,0,nao,nao,nao
101707,ativo,struggling-seller,73,92,179,579,1,3,sim,nao,sim
101708,ativo,no-seller,664,2859,0,0,0,0,nao,nao,nao
101709,ativo,no-seller,115,1458,0,0,0,0,nao,nao,nao
101710,ativo,tiny-seller,225,590,664,2502,2,7,nao,sim,nao
101711,ativo,tiny-seller,397,706,2774,8755,10,29,nao,nao,nao
101712,ativo,struggling-seller,39,207,177,674,1,4,nao,nao,nao
101713,ativo,small-seller,50,287,6781,17048,21,48,nao,nao,nao
101714,ativo,no-seller,74,246,0,0,0,0,nao,nao,nao
101715,ativo,no-seller,72,503,0,0,0,0,sim,sim,nao
101716,ativo,no-seller,125,583,0,0,0,0,nao,nao,nao
101717,ativo,top-seller,492,1481,697508,1936810,1429,4223,nao,nao,nao
101718,ativo,no-seller,36,53,0,0,0,0,sim,nao,nao
101719,ativo,no-seller,57,111,0,0,0,0,nao,nao,nao
101720,ativo,no-seller,2,198,0,0,0,0,nao,nao,nao
101721,ativo,medium-seller,723,2157,59511,199726,100,362,nao,nao,nao
101722,ativo,small-seller,269,1202,12799,33440,39,97,nao,sim,nao
101723,ativo,tiny-seller,428,527,4466,10657,12,30,nao,sim,nao
101724,ativo,no-seller,352,1276,0,0,0,0,nao,nao,sim
101725,ativo,no-seller,539,1953,0,0,0,0,nao,nao,nao
101726,ativo,tiny-seller,93,100,1110,3704,4,13,nao,nao,nao
101727,ativo,no-seller,18,57,0,0,0,0,sim,nao,nao
101728,ativo,tiny-seller,283,396,778,3005,4,14,nao,nao,nao
101729,ativo,struggling-seller,34,78,202,385,1,2,nao,nao,sim
101730,ativo,no-seller,350,1624,0,0,0,0,nao,nao,nao
101731,ativo,no-seller,187,1981,0,0,0,0,nao,nao,nao
101732,ativo,tiny-seller,288,460,1206,3331,5,15,nao,nao,nao
101733,ativo,tiny-seller,111,706,3383,8771,12,29,nao,nao,nao
101734,ativo,no-seller,439,1589,0,0,0,0,sim,nao,nao
101735,ativo,struggling-seller,464,1905,186,357,1,2,nao,nao,nao
101736,trial,tiny-seller,771,3425,1442,3537,8,20,sim,nao,nao
101737,ativo,small-seller,243,2332,10687,39031,32,110,sim,nao,nao
101738,ativo,tiny-seller,339,2532,1139,3231,7,18,nao,nao,nao
101739,ativo,no-seller,638,1652,0,0,0,0,nao,nao,nao
101740,ativo,tiny-seller,83,380,1182,3960,7,25,nao,nao,sim
101741,ativo,no-seller,769,1633,0,0,0,0,nao,nao,nao
101742,ativo,no-seller,9,56,0,0,0,0,nao,nao,nao
101743,ativo,no-seller,81,346,0,0,0,0,sim,sim,nao
101744,ativo,no-seller,26,76,0,0,0,0,nao,nao,nao
101745,ativo,no-seller,38,382,0,0,0,0,nao,sim,nao
101746,ativo,no-seller,140,430,0,0,0,0,nao,nao,nao
101747,ativo,no-seller,72,363,0,0,0,0,nao,nao,nao
101748,ativo,tiny-seller,36,41,2777,7609,10,25,nao,nao,nao
101749,ativo,no-seller,142,1318,0,0,0,0,sim,nao,nao
101750,ativo,no-seller,496,2096,0,0,0,0,nao,nao,nao
101751,ativo,medium-seller,128,350,63642,138223,124,285,nao,nao,nao
101752,ativo,struggling-seller,441,566,187,771,1,4,nao,nao,sim
101753,ativo,struggling-seller,443,1084,76,244,1,3,nao,nao,nao
101754,ativo,no-seller,68,129,0,0,0,0,nao,nao,nao
101755,ativo,no-seller,163,166,0,0,0,0,nao,nao,sim
101756,ativo,no-seller,23,120,0,0,0,0,nao,sim,nao
101757,ativo,struggling-seller,650,1077,91,402,1,4,nao,nao,nao
101758,ativo,no-seller,179,761,0,0,0,0,nao,nao,nao
101759,ativo,no-seller,454,1955,0,0,0,0,sim,nao,sim
101760,ativo,small-seller,53,1932,5933,21242,28,105,sim,nao,nao
101761,ativo,struggling-seller,38,103,82,329,1,4,nao,nao,nao
101762,ativo,struggling-seller,28,420,198,839,1,4,sim,nao,sim
101763,ativo,struggling-seller,689,2140,0,119,0,1,nao,nao,nao
101764,ativo,no-seller,294,2481,0,0,0,0,sim,nao,nao
101765,ativo,struggling-seller,185,371,273,997,1,4,nao,nao,nao
101766,ativo,tiny-seller,70,81,849,3818,5,21,nao,nao,nao
101767,ativo,tiny-seller,68,127,1225,4538,5,18,nao,nao,nao
101768,ativo,tiny-seller,290,420,929,1823,4,8,nao,nao,nao
101769,ativo,struggling-seller,23,216,202,882,1,4,nao,sim,nao
101770,ativo,no-seller,28,77,0,0,0,0,nao,nao,nao
101771,ativo,no-seller,192,383,0,0,0,0,sim,nao,nao
101772,churnado,no-seller,212,416,0,0,0,0,nao,nao,nao
101773,ativo,no-seller,800,2701,0,0,0,0,sim,nao,nao
101774,ativo,no-seller,623,624,0,0,0,0,nao,nao,nao
101775,ativo,struggling-seller,112,782,0,182,0,1,nao,nao,nao
101776,ativo,struggling-seller,217,467,349,809,2,5,sim,nao,nao
101777,ativo,no-seller,588,2142,0,0,0,0,nao,nao,nao
101778,ativo,no-seller,441,1013,0,0,0,0,nao,nao,nao
101779,ativo,tiny-seller,105,369,1997,5661,9,25,nao,nao,nao
101780,ativo,no-seller,309,1105,0,0,0,0,nao,nao,nao
101781,ativo,no-seller,432,2133,0,0,0,0,nao,nao,nao
101782,ativo,struggling-seller,25,43,117,250,1,2,nao,nao,nao
101783,ativo,struggling-seller,580,1113,431,1085,2,5,nao,nao,sim
101784,ativo,tiny-seller,175,887,1443,3312,8,19,nao,nao,nao
101785,ativo,struggling-seller,45,89,363,1007,2,5,nao,nao,nao
101786,cancelado,no-seller,760,2591,0,0,0,0,nao,nao,nao
101787,ativo,no-seller,694,2248,0,0,0,0,nao,sim,nao
101788,ativo,no-seller,5,2160,0,0,0,0,nao,nao,nao
101789,ativo,struggling-seller,270,306,506,1227,2,5,nao,nao,sim
101790,trial,small-seller,117,1602,7253,20464,32,91,nao,nao,nao
101791,ativo,no-seller,21,113,0,0,0,0,nao,nao,nao
101792,ativo,no-seller,134,250,0,0,0,0,nao,nao,nao
101793,trial,no-seller,593,600,0,0,0,0,nao,nao,nao
101794,ativo,struggling-seller,53,74,139,355,2,5,sim,nao,nao
101795,ativo,no-seller,7,93,0,0,0,0,nao,nao,nao
101796,ativo,struggling-seller,287,2334,118,354,1,3,sim,nao,nao
101797,ativo,struggling-seller,305,1054,207,436,1,2,nao,nao,nao
101798,ativo,tiny-seller,255,1246,3143,7873,10,26,sim,nao,nao
101799,ativo,struggling-seller,68,68,491,909,2,4,nao,sim,nao
101800,ativo,top-seller,94,196,715571,1704148,1083,2633,nao,nao,nao
101801,ativo,no-seller,248,263,0,0,0,0,nao,nao,nao
101802,ativo,tiny-seller,190,2962,2487,4944,12,26,nao,nao,nao
101803,ativo,struggling-seller,615,821,414,1247,2,6,nao,nao,nao
101804,ativo,struggling-seller,222,346,0,147,0,1,nao,nao,nao
101805,ativo,no-seller,412,3394,0,0,0,0,sim,sim,sim
101806,ativo,struggling-seller,477,1055,236,440,2,4,nao,nao,nao
101807,ativo,no-seller,507,1824,0,0,0,0,nao,nao,nao
101808,ativo,no-seller,445,894,0,0,0,0,nao,nao,nao
101809,ativo,tiny-seller,138,2847,1121,3536,5,16,nao,nao,nao
101810,ativo,struggling-seller,158,208,238,444,2,4,nao,nao,sim
101811,ativo,no-seller,2,945,0,0,0,0,nao,nao,nao
101812,ativo,struggling-seller,156,3248,493,1600,2,6,sim,nao,sim
101813,ativo,struggling-seller,207,270,0,78,0,1,nao,nao,nao
101814,ativo,no-seller,597,924,0,0,0,0,nao,sim,nao
101815,ativo,no-seller,19,48,0,0,0,0,nao,nao,nao
101816,ativo,tiny-seller,155,236,540,2071,2,7,nao,sim,nao
101817,ativo,no-seller,73,1505,0,0,0,0,nao,nao,nao
101818,ativo,tiny-seller,91,3212,3418,8286,10,22,nao,nao,nao
101819,trial,no-seller,746,1426,0,0,0,0,nao,sim,nao
101820,ativo,no-seller,401,1756,0,0,0,0,nao,nao,nao
101821,ativo,no-seller,484,565,0,0,0,0,sim,nao,nao
101822,ativo,tiny-seller,326,1304,1178,3553,5,16,sim,nao,nao
101823,ativo,tiny-seller,40,1408,1585,5611,4,14,nao,nao,nao
101824,ativo,no-seller,391,3167,0,0,0,0,nao,nao,nao
101825,ativo,struggling-seller,213,304,135,256,1,2,nao,nao,nao
101826,churnado,struggling-seller,43,3410,249,579,2,5,nao,nao,sim
101827,ativo,small-seller,387,1819,4982,14518,16,43,nao,sim,nao
101828,ativo,struggling-seller,2,120,115,332,1,3,nao,nao,nao
101829,ativo,no-seller,201,990,0,0,0,0,sim,nao,nao
101830,ativo,tiny-seller,746,768,1033,3475,4,14,nao,nao,nao
101831,churnado,no-seller,273,365,0,0,0,0,nao,nao,nao
101832,ativo,no-seller,99,166,0,0,0,0,nao,sim,nao
101833,ativo,no-seller,122,384,0,0,0,0,nao,sim,sim
101834,ativo,small-seller,54,73,6365,21660,18,65,nao,sim,nao
101835,trial,no-seller,25,119,0,0,0,0,nao,nao,nao
101836,ativo,struggling-seller,28,179,329,847,2,5,nao,nao,nao
101837,ativo,tiny-seller,604,3285,617,2235,3,11,nao,nao,nao
101838,ativo,struggling-seller,290,653,187,563,1,3,nao,nao,sim
101839,churnado,no-seller,142,1819,0,0,0,0,nao,nao,nao
101840,ativo,tiny-seller,53,116,1036,3642,6,19,nao,nao,nao
101841,ativo,struggling-seller,54,77,0,128,0,1,nao,nao,nao
101842,ativo,no-seller,40,79,0,0,0,0,nao,nao,nao
101843,ativo,struggling-seller,94,95,0,196,0,1,nao,nao,nao
101844,ativo,small-seller,506,1288,10608,22068,28,64,nao,nao,nao
101845,ativo,no-seller,657,2127,0,0,0,0,sim,nao,sim
101846,ativo,no-seller,36,166,0,0,0,0,nao,nao,nao
101847,ativo,no-seller,414,749,0,0,0,0,nao,sim,nao
101848,ativo,no-seller,404,1537,0,0,0,0,nao,nao,nao
101849,ativo,struggling-seller,42,141,159,671,1,4,nao,nao,nao
101850,cancelado,no-seller,233,907,0,0,0,0,nao,nao,nao
101851,ativo,medium-seller,72,571,85424,290374,209,688,nao,sim,nao
101852,ativo,struggling-seller,71,882,150,321,1,2,nao,nao,nao
101853,ativo,no-seller,239,477,0,0,0,0,nao,nao,nao
101854,ativo,struggling-seller,25,45,187,824,1,4,nao,nao,nao
101855,ativo,struggling-seller,4,72,354,1005,2,6,nao,nao,nao
101856,ativo,struggling-seller,27,31,93,171,1,2,nao,nao,nao
101857,ativo,no-seller,161,474,0,0,0,0,nao,nao,nao
101858,ativo,no-seller,788,812,0,0,0,0,nao,nao,nao
101859,ativo,no-seller,79,3467,0,0,0,0,nao,nao,nao
101860,ativo,struggling-seller,321,2387,0,223,0,1,nao,nao,nao
101861,ativo,no-seller,599,1312,0,0,0,0,nao,nao,nao
101862,ativo,small-seller,78,83,7615,18106,26,67,sim,nao,nao
101863,churnado,struggling-seller,254,256,116,347,1,3,nao,nao,nao
101864,ativo,struggling-seller,494,696,0,119,0,1,nao,nao,nao
101865,ativo,medium-seller,277,850,90743,303635,159,551,nao,sim,nao
101866,ativo,no-seller,61,382,0,0,0,0,sim,nao,nao
101867,ativo,no-seller,3,391,0,0,0,0,sim,nao,nao
101868,ativo,struggling-seller,142,400,180,494,1,3,nao,nao,sim
101869,ativo,struggling-seller,212,298,189,994,1,5,nao,sim,nao
101870,ativo,small-seller,12,32,13744,30658,24,56,nao,nao,nao
101871,ativo,struggling-seller,274,1813,205,408,1,2,sim,nao,nao
101872,ativo,no-seller,12,1093,0,0,0,0,nao,nao,sim
101873,ativo,struggling-seller,589,2221,102,425,1,4,nao,nao,nao
101874,ativo,tiny-seller,521,565,824,1828,3,7,sim,nao,nao
101875,ativo,struggling-seller,166,218,0,218,0,1,nao,nao,nao
101876,ativo,struggling-seller,235,459,234,447,2,4,nao,nao,nao
101877,ativo,struggling-seller,132,1492,141,686,1,5,nao,nao,nao
101878,ativo,no-seller,637,703,0,0,0,0,nao,nao,nao
101879,ativo,small-seller,113,160,5296,14761,18,55,nao,nao,nao
101880,ativo,struggling-seller,37,245,471,994,2,4,nao,nao,nao
101881,ativo,struggling-seller,27,2906,265,497,1,2,nao,nao,nao
101882,ativo,struggling-seller,477,712,179,651,1,4,nao,nao,nao
101883,ativo,no-seller,131,160,0,0,0,0,sim,nao,nao
101884,ativo,struggling-seller,130,254,423,1051,2,5,nao,nao,nao
101885,ativo,no-seller,697,832,0,0,0,0,sim,sim,nao
101886,ativo,no-seller,755,2084,0,0,0,0,sim,nao,nao
101887,ativo,struggling-seller,535,1685,330,914,2,6,nao,nao,nao
101888,ativo,no-seller,67,487,0,0,0,0,nao,nao,nao
101889,ativo,struggling-seller,229,2426,254,790,1,3,nao,nao,nao
101890,ativo,struggling-seller,230,1365,134,248,1,2,nao,nao,nao
101891,ativo,tiny-seller,16,273,1078,2910,7,18,nao,nao,nao
101892,ativo,no-seller,56,60,0,0,0,0,nao,sim,nao
101893,ativo,no-seller,165,175,0,0,0,0,nao,nao,nao
101894,ativo,no-seller,201,281,0,0,0,0,nao,nao,nao
101895,ativo,struggling-seller,446,455,198,802,1,4,nao,nao,nao
101896,ativo,no-seller,237,1528,0,0,0,0,nao,nao,nao
101897,churnado,tiny-seller,13,61,1096,3043,4,11,nao,nao,nao
101898,ativo,no-seller,50,83,0,0,0,0,nao,nao,nao
101899,ativo,struggling-seller,71,74,217,623,1,3,sim,nao,nao
101900,ativo,struggling-seller,24,1733,257,1003,1,4,nao,nao,sim
101901,ativo,no-seller,624,2770,0,0,0,0,sim,sim,sim
101902,trial,no-seller,65,125,0,0,0,0,nao,nao,nao
101903,ativo,small-seller,101,2407,6813,17383,25,60,nao,nao,sim
101904,cancelado,struggling-seller,128,1314,274,667,2,5,nao,nao,nao
101905,ativo,no-seller,119,1873,0,0,0,0,nao,nao,nao
101906,ativo,struggling-seller,212,354,252,556,2,4,nao,nao,nao
101907,ativo,no-seller,557,896,0,0,0,0,sim,nao,nao
101908,ativo,no-seller,107,170,0,0,0,0,nao,nao,sim
101909,ativo,no-seller,19,65,0,0,0,0,nao,nao,nao
101910,ativo,no-seller,31,124,0,0,0,0,nao,nao,nao
101911,ativo,small-seller,157,449,2749,9983,13,48,nao,nao,nao
101912,ativo,struggling-seller,80,323,205,575,2,6,nao,nao,nao
101913,churnado,tiny-seller,32,294,2052,5618,11,30,nao,nao,nao
101914,trial,no-seller,59,189,0,0,0,0,sim,nao,nao
101915,ativo,struggling-seller,246,349,192,540,1,3,nao,nao,nao
101916,ativo,struggling-seller,112,235,171,660,1,4,nao,nao,nao
101917,ativo,no-seller,256,2832,0,0,0,0,nao,nao,nao
101918,ativo,medium-seller,35,36,37207,86175,93,230,nao,nao,nao
101919,ativo,no-seller,202,785,0,0,0,0,nao,nao,sim
101920,churnado,no-seller,12,1432,0,0,0,0,nao,sim,nao
101921,ativo,struggling-seller,662,2270,545,1545,2,6,sim,nao,sim
101922,ativo,no-seller,579,1409,0,0,0,0,sim,sim,nao
101923,ativo,no-seller,531,2077,0,0,0,0,sim,nao,nao
101924,ativo,large-seller,150,180,166214,386795,355,884,sim,nao,nao
101925,ativo,struggling-seller,44,146,101,308,1,3,nao,nao,nao
101926,ativo,no-seller,624,1777,0,0,0,0,nao,nao,nao
101927,ativo,no-seller,44,146,0,0,0,0,nao,nao,nao
101928,ativo,no-seller,343,486,0,0,0,0,nao,nao,nao
101929,ativo,struggling-seller,369,977,209,427,1,2,nao,nao,sim
101930,ativo,small-seller,378,3056,12050,28347,59,131,nao,nao,nao
101931,ativo,no-seller,277,3410,0,0,0,0,nao,nao,nao
101932,ativo,no-seller,715,737,0,0,0,0,nao,nao,nao
101933,ativo,tiny-seller,347,710,1991,6857,9,30,sim,nao,nao
101934,ativo,no-seller,140,149,0,0,0,0,nao,nao,nao
101935,ativo,no-seller,219,286,0,0,0,0,nao,nao,nao
101936,ativo,struggling-seller,72,111,166,703,1,4,nao,sim,nao
101937,ativo,struggling-seller,90,1204,0,132,0,1,nao,nao,nao
101938,churnado,small-seller,8,38,7233,17113,32,80,nao,nao,nao
101939,ativo,tiny-seller,648,3399,937,3449,3,12,nao,nao,nao
101940,trial,no-seller,517,769,0,0,0,0,nao,sim,nao
101941,ativo,no-seller,735,2578,0,0,0,0,nao,nao,nao
101942,ativo,struggling-seller,281,409,117,254,1,2,nao,nao,nao
101943,ativo,no-seller,199,1490,0,0,0,0,nao,nao,nao
101944,ativo,struggling-seller,672,1967,234,513,1,2,sim,nao,nao
101945,ativo,large-seller,93,2557,190641,440087,360,857,nao,nao,sim
101946,ativo,tiny-seller,213,418,865,2643,3,10,nao,nao,nao
101947,churnado,no-seller,39,209,0,0,0,0,nao,nao,nao
101948,ativo,struggling-seller,687,749,0,154,0,1,nao,nao,nao
101949,ativo,tiny-seller,39,79,660,1607,3,7,sim,nao,nao
101950,ativo,no-seller,713,2557,0,0,0,0,sim,nao,nao
101951,ativo,tiny-seller,194,341,1121,3280,5,16,nao,nao,nao
101952,cancelado,no-seller,121,993,0,0,0,0,nao,nao,sim
101953,ativo,small-seller,13,167,8797,31537,24,83,nao,nao,nao
101954,ativo,no-seller,249,333,0,0,0,0,nao,sim,nao
101955,ativo,struggling-seller,533,896,210,1079,1,5,nao,nao,nao
101956,ativo,no-seller,411,1075,0,0,0,0,nao,nao,nao
101957,ativo,tiny-seller,22,139,2019,5864,7,21,sim,nao,nao
101958,ativo,tiny-seller,24,32,2286,9725,6,23,nao,nao,nao
101959,ativo,no-seller,205,220,0,0,0,0,nao,nao,nao
101960,trial,no-seller,28,145,0,0,0,0,sim,nao,nao
101961,ativo,no-seller,22,112,0,0,0,0,nao,nao,nao
101962,ativo,small-seller,366,644,8219,21333,44,108,nao,sim,nao
101963,ativo,struggling-seller,792,1919,105,348,1,3,nao,nao,nao
101964,churnado,no-seller,41,559,0,0,0,0,nao,nao,nao
101965,ativo,struggling-seller,24,2097,98,278,1,3,nao,nao,nao
101966,ativo,no-seller,232,406,0,0,0,0,nao,nao,nao
101967,ativo,no-seller,568,606,0,0,0,0,nao,nao,nao
101968,ativo,struggling-seller,657,2593,440,1290,2,6,nao,nao,nao
101969,ativo,tiny-seller,294,394,646,1666,3,7,nao,nao,nao
101970,trial,no-seller,580,3101,0,0,0,0,nao,nao,nao
101971,ativo,struggling-seller,15,688,161,351,2,4,nao,nao,sim
101972,ativo,struggling-seller,7,63,124,253,1,2,nao,nao,nao
101973,ativo,no-seller,9,1768,0,0,0,0,nao,nao,nao
101974,ativo,no-seller,131,163,0,0,0,0,sim,sim,sim
101975,ativo,no-seller,350,1320,0,0,0,0,nao,nao,nao
101976,ativo,no-seller,433,495,0,0,0,0,nao,nao,nao
101977,ativo,struggling-seller,83,356,113,353,1,3,nao,nao,sim
101978,ativo,small-seller,49,106,10309,27967,22,59,sim,nao,nao
101979,ativo,no-seller,104,254,0,0,0,0,nao,nao,nao
101980,ativo,struggling-seller,415,822,165,699,1,4,nao,nao,nao
101981,ativo,tiny-seller,7,1887,928,2790,4,12,nao,nao,sim
101982,ativo,no-seller,349,796,0,0,0,0,nao,nao,nao
101983,ativo,struggling-seller,716,1130,194,418,2,4,sim,nao,nao
101984,ativo,no-seller,84,1431,0,0,0,0,nao,nao,nao
101985,ativo,struggling-seller,42,66,228,485,2,4,nao,nao,nao
101986,ativo,medium-seller,215,437,92183,249852,215,589,nao,nao,nao
101987,ativo,struggling-seller,639,1734,0,105,0,1,nao,nao,nao
101988,ativo,struggling-seller,45,95,102,511,1,5,sim,nao,nao
101989,ativo,no-seller,250,2838,0,0,0,0,nao,nao,nao
101990,ativo,struggling-seller,152,2550,208,441,1,2,nao,nao,nao
101991,ativo,no-seller,699,716,0,0,0,0,nao,nao,sim
101992,cancelado,small-seller,142,2653,4769,15273,12,36,nao,nao,nao
101993,ativo,no-seller,23,109,0,0,0,0,nao,nao,nao
101994,churnado,small-seller,374,558,12697,37071,43,117,nao,nao,nao
101995,ativo,no-seller,70,259,0,0,0,0,nao,nao,nao
101996,churnado,no-seller,170,363,0,0,0,0,nao,nao,nao
101997,ativo,tiny-seller,427,1471,3138,9403,9,29,nao,sim,nao
101998,ativo,small-seller,4,1050,11304,27954,21,54,nao,nao,nao
101999,ativo,tiny-seller,14,104,2285,6339,8,23,nao,nao,nao
102000,ativo,no-seller,159,1372,0,0,0,0,nao,nao,nao
102001,ativo,no-seller,499,2682,0,0,0,0,nao,nao,sim
102002,ativo,struggling-seller,532,1105,140,518,1,4,nao,nao,nao
102003,ativo,tiny-seller,556,1594,1611,4779,4,13,nao,nao,nao
102004,ativo,struggling-seller,171,360,391,1193,2,6,nao,nao,nao
102005,ativo,no-seller,47,343,0,0,0,0,nao,nao,nao
102006,ativo,medium-seller,79,2272,45040,117778,99,261,sim,nao,nao
102007,ativo,tiny-seller,292,1393,625,2486,4,15,nao,nao,nao
102008,ativo,struggling-seller,469,533,156,474,1,3,nao,nao,nao
102009,ativo,medium-seller,158,878,105775,274017,244,624,sim,nao,nao
102010,cancelado,struggling-seller,43,427,170,929,1,5,nao,nao,nao
102011,ativo,medium-seller,48,158,51676,168882,133,412,nao,nao,nao
102012,ativo,no-seller,337,370,0,0,0,0,sim,nao,nao
102013,ativo,struggling-seller,21,62,226,1215,1,5,nao,nao,nao
102014,ativo,no-seller,303,365,0,0,0,0,nao,nao,nao
102015,ativo,no-seller,62,1410,0,0,0,0,sim,nao,nao
102016,churnado,no-seller,4,3139,0,0,0,0,nao,nao,nao
102017,ativo,struggling-seller,483,745,269,509,1,2,nao,nao,nao
102018,ativo,small-seller,143,586,7560,24401,24,71,sim,nao,nao
102019,ativo,no-seller,500,1122,0,0,0,0,nao,nao,sim
102020,ativo,no-seller,678,1889,0,0,0,0,nao,nao,nao
102021,ativo,tiny-seller,123,2510,3221,8355,11,28,sim,nao,nao
102022,ativo,no-seller,68,237,0,0,0,0,sim,nao,nao
102023,ativo,tiny-seller,35,230,1867,8161,7,28,nao,nao,nao
102024,ativo,no-seller,171,234,0,0,0,0,nao,sim,nao
102025,ativo,struggling-seller,42,89,0,178,0,1,nao,nao,nao
102026,ativo,small-seller,569,845,10342,37204,43,148,nao,nao,nao
102027,ativo,medium-seller,423,1276,70562,217821,191,547,nao,nao,nao
102028,ativo,no-seller,270,677,0,0,0,0,nao,nao,nao
102029,ativo,struggling-seller,10,240,0,186,0,1,nao,nao,nao
102030,ativo,no-seller,14,109,0,0,0,0,nao,nao,nao
102031,ativo,struggling-seller,60,150,229,636,1,3,sim,sim,sim
102032,ativo,struggling-seller,28,61,190,501,2,5,nao,nao,nao
102033,ativo,struggling-seller,12,135,355,949,2,5,nao,sim,nao
102034,ativo,medium-seller,439,1119,159299,368639,276,683,nao,nao,nao
102035,cancelado,tiny-seller,44,74,2347,6418,10,28,nao,nao,nao
102036,cancelado,tiny-seller,54,106,3480,10097,9,26,nao,nao,nao
102037,ativo,no-seller,221,656,0,0,0,0,nao,nao,nao
102038,ativo,struggling-seller,41,41,225,897,1,4,nao,sim,nao
102039,ativo,struggling-seller,50,72,94,277,1,3,nao,nao,nao
102040,ativo,struggling-seller,155,539,276,549,2,4,nao,nao,nao
102041,churnado,no-seller,111,1593,0,0,0,0,nao,nao,nao
102042,ativo,no-seller,17,63,0,0,0,0,nao,nao,nao
102043,ativo,tiny-seller,451,665,796,3510,2,9,nao,nao,nao
102044,ativo,no-seller,503,1982,0,0,0,0,nao,nao,sim
102045,ativo,no-seller,25,107,0,0,0,0,sim,sim,nao
102046,ativo,no-seller,400,1001,0,0,0,0,nao,sim,nao
102047,ativo,medium-seller,329,392,43995,186637,127,503,sim,nao,nao
102048,ativo,small-seller,176,1829,14756,34961,60,146,nao,nao,nao
102049,ativo,struggling-seller,780,1793,129,395,1,3,nao,nao,nao
102050,ativo,small-seller,84,168,15360,38663,52,123,nao,nao,nao
102051,ativo,struggling-seller,90,177,322,1004,2,6,sim,nao,nao
102052,ativo,struggling-seller,18,31,120,224,1,2,nao,nao,nao
102053,ativo,no-seller,19,40,0,0,0,0,nao,sim,nao
102054,ativo,no-seller,118,217,0,0,0,0,sim,nao,sim
102055,ativo,no-seller,617,3334,0,0,0,0,nao,nao,nao
102056,ativo,small-seller,145,560,15056,46213,50,139,nao,nao,nao
102057,ativo,no-seller,89,101,0,0,0,0,nao,nao,nao
102058,ativo,medium-seller,26,77,110415,253764,208,502,nao,nao,nao
102059,ativo,struggling-seller,114,2530,125,269,1,2,nao,nao,nao
102060,ativo,no-seller,536,1192,0,0,0,0,nao,nao,nao
102061,ativo,no-seller,20,243,0,0,0,0,nao,nao,nao
102062,ativo,tiny-seller,598,937,724,2557,4,14,sim,nao,nao
102063,ativo,tiny-seller,102,416,1531,3423,6,14,nao,nao,nao
102064,ativo,no-seller,29,1485,0,0,0,0,nao,nao,nao
102065,ativo,no-seller,75,120,0,0,0,0,nao,sim,nao
102066,ativo,tiny-seller,60,188,4386,10715,10,26,nao,nao,nao
102067,ativo,struggling-seller,346,461,0,245,0,1,nao,nao,nao
102068,ativo,no-seller,124,342,0,0,0,0,nao,nao,nao
102069,ativo,no-seller,109,1330,0,0,0,0,nao,nao,nao
102070,ativo,no-seller,16,139,0,0,0,0,sim,nao,nao
102071,ativo,struggling-seller,21,147,507,1223,2,5,nao,nao,nao
102072,ativo,struggling-seller,2,85,104,456,1,4,nao,nao,nao
102073,ativo,no-seller,761,899,0,0,0,0,sim,nao,nao
102074,ativo,no-seller,252,832,0,0,0,0,nao,nao,nao
102075,ativo,struggling-seller,247,450,0,198,0,1,nao,sim,nao
102076,ativo,no-seller,51,53,0,0,0,0,nao,sim,nao
102077,ativo,tiny-seller,126,192,3029,9175,8,24,nao,nao,nao
102078,ativo,struggling-seller,210,1313,135,401,1,3,sim,sim,nao
102079,ativo,no-seller,12,130,0,0,0,0,nao,nao,nao
102080,ativo,no-seller,163,694,0,0,0,0,sim,sim,nao
102081,ativo,no-seller,8,184,0,0,0,0,nao,nao,nao
102082,ativo,tiny-seller,62,368,3049,7993,11,30,nao,nao,nao
102083,ativo,struggling-seller,663,1256,134,538,1,4,sim,sim,nao
102084,ativo,small-seller,41,42,12438,28957,49,116,sim,nao,nao
102085,ativo,small-seller,241,424,4925,13561,17,49,nao,nao,nao
102086,ativo,tiny-seller,246,2060,1918,4474,11,25,nao,nao,nao
102087,ativo,struggling-seller,47,1454,245,464,1,2,nao,nao,nao
102088,ativo,no-seller,113,2963,0,0,0,0,sim,nao,nao
102089,ativo,no-seller,383,1105,0,0,0,0,nao,nao,nao
102090,ativo,struggling-seller,212,426,147,486,1,3,nao,nao,nao
102091,trial,no-seller,154,169,0,0,0,0,nao,nao,nao
102092,ativo,no-seller,92,307,0,0,0,0,nao,nao,nao
102093,cancelado,struggling-seller,171,1067,428,921,2,4,sim,nao,nao
102094,ativo,no-seller,24,96,0,0,0,0,sim,nao,nao
102095,ativo,large-seller,27,390,279102,844360,429,1242,nao,nao,sim
102096,ativo,small-seller,15,84,6540,19984,16,45,nao,nao,nao
102097,ativo,struggling-seller,723,1162,166,512,1,3,nao,nao,nao
102098,ativo,struggling-seller,223,880,539,1001,2,4,sim,nao,nao
102099,ativo,no-seller,3,158,0,0,0,0,nao,nao,nao
102100,ativo,struggling-seller,99,129,214,448,1,2,sim,nao,nao
102101,ativo,no-seller,167,531,0,0,0,0,nao,nao,nao
102102,ativo,struggling-seller,215,303,231,450,1,2,sim,nao,nao
102103,ativo,no-seller,213,220,0,0,0,0,nao,nao,nao
102104,ativo,no-seller,260,1412,0,0,0,0,nao,nao,nao
102105,ativo,no-seller,186,1242,0,0,0,0,nao,nao,sim
102106,ativo,no-seller,267,766,0,0,0,0,nao,sim,nao
102107,ativo,no-seller,80,182,0,0,0,0,nao,nao,nao
102108,trial,tiny-seller,409,519,2243,5078,10,23,nao,nao,nao
102109,ativo,medium-seller,180,888,32673,101489,92,261,nao,nao,nao
102110,churnado,no-seller,139,535,0,0,0,0,sim,nao,nao
102111,churnado,struggling-seller,33,136,252,712,2,6,sim,nao,nao
102112,ativo,no-seller,7,261,0,0,0,0,sim,nao,nao
102113,ativo,no-seller,141,247,0,0,0,0,nao,nao,nao
102114,ativo,no-seller,206,228,0,0,0,0,nao,nao,nao
102115,ativo,no-seller,93,1234,0,0,0,0,sim,nao,nao
102116,ativo,no-seller,8,3378,0,0,0,0,nao,nao,nao
102117,ativo,no-seller,66,678,0,0,0,0,nao,nao,nao
102118,ativo,no-seller,95,2006,0,0,0,0,nao,nao,nao
102119,ativo,no-seller,9,67,0,0,0,0,sim,nao,nao
102120,ativo,no-seller,179,785,0,0,0,0,sim,nao,nao
102121,ativo,no-seller,433,800,0,0,0,0,nao,nao,nao
102122,ativo,struggling-seller,32,77,0,230,0,1,sim,nao,nao
102123,ativo,no-seller,524,1115,0,0,0,0,nao,nao,nao
102124,ativo,struggling-seller,235,677,128,256,1,2,nao,nao,nao
102125,ativo,struggling-seller,34,133,278,649,2,5,nao,nao,nao
102126,cancelado,struggling-seller,491,2308,396,1292,2,6,nao,nao,sim
102127,ativo,tiny-seller,4,637,1656,3161,4,8,nao,nao,nao
102128,churnado,no-seller,625,818,0,0,0,0,nao,nao,nao
102129,ativo,struggling-seller,22,2124,368,773,2,4,nao,nao,nao
102130,ativo,no-seller,428,1940,0,0,0,0,nao,nao,nao
102131,ativo,struggling-seller,10,427,197,540,2,6,nao,nao,nao
102132,ativo,no-seller,284,3228,0,0,0,0,nao,nao,nao
102133,ativo,no-seller,234,1261,0,0,0,0,nao,nao,nao
102134,ativo,small-seller,574,2492,6917,29199,22,86,sim,nao,nao
102135,ativo,small-seller,438,3487,18948,61034,38,126,nao,nao,nao
102136,ativo,no-seller,165,366,0,0,0,0,nao,nao,nao
102137,ativo,tiny-seller,144,2087,2108,5530,8,21,nao,nao,nao
102138,ativo,no-seller,243,352,0,0,0,0,sim,nao,nao
102139,ativo,medium-seller,220,1454,61785,166231,161,410,nao,nao,nao
102140,ativo,no-seller,244,426,0,0,0,0,nao,nao,sim
102141,ativo,tiny-seller,308,2363,1234,3674,5,15,nao,nao,nao
102142,ativo,small-seller,507,557,14585,33161,27,64,sim,nao,nao
102143,ativo,tiny-seller,28,2301,1505,4243,5,14,sim,nao,nao
102144,ativo,no-seller,784,1491,0,0,0,0,nao,nao,sim
102145,ativo,tiny-seller,47,1000,2353,7718,8,25,nao,nao,nao
102146,ativo,no-seller,46,193,0,0,0,0,nao,nao,nao
102147,ativo,medium-seller,687,956,22764,79237,49,164,nao,nao,nao
102148,ativo,struggling-seller,513,1550,187,854,1,5,nao,nao,nao
102149,ativo,no-seller,472,476,0,0,0,0,sim,nao,nao
102150,ativo,struggling-seller,118,229,371,1142,2,6,sim,nao,nao
102151,ativo,no-seller,69,994,0,0,0,0,nao,nao,nao
102152,ativo,struggling-seller,190,774,143,614,1,4,nao,nao,nao
102153,ativo,no-seller,31,44,0,0,0,0,nao,nao,nao
102154,ativo,no-seller,379,485,0,0,0,0,nao,nao,nao
102155,ativo,tiny-seller,20,31,1494,4194,9,26,nao,nao,nao
102156,ativo,struggling-seller,423,2155,214,684,1,3,sim,nao,nao
102157,ativo,medium-seller,547,1589,37814,108995,83,231,nao,nao,sim
102158,ativo,no-seller,77,2366,0,0,0,0,nao,nao,nao
102159,ativo,no-seller,113,627,0,0,0,0,nao,nao,nao
102160,ativo,no-seller,601,2114,0,0,0,0,nao,nao,nao
102161,ativo,small-seller,749,1550,3701,8851,17,38,nao,sim,nao
102162,ativo,no-seller,781,2023,0,0,0,0,nao,nao,nao
102163,ativo,no-seller,241,268,0,0,0,0,nao,nao,nao
102164,ativo,no-seller,21,149,0,0,0,0,nao,nao,nao
102165,ativo,medium-seller,19,276,67190,166753,129,345,nao,nao,nao
102166,ativo,no-seller,362,401,0,0,0,0,nao,nao,nao
102167,cancelado,no-seller,759,1650,0,0,0,0,nao,nao,sim
102168,ativo,struggling-seller,273,2523,98,272,1,3,nao,nao,nao
102169,ativo,no-seller,719,2440,0,0,0,0,nao,nao,nao
102170,ativo,tiny-seller,68,95,1283,3424,4,11,nao,nao,nao
102171,churnado,no-seller,69,146,0,0,0,0,nao,nao,nao
102172,ativo,no-seller,142,758,0,0,0,0,nao,nao,nao
102173,churnado,no-seller,16,99,0,0,0,0,nao,nao,nao
102174,ativo,no-seller,676,3053,0,0,0,0,nao,nao,nao
102175,ativo,struggling-seller,48,201,382,868,2,5,nao,nao,sim
102176,ativo,small-seller,409,2925,4341,10305,13,33,nao,nao,nao
102177,ativo,medium-seller,42,3115,155120,425920,288,744,sim,nao,nao
102178,ativo,tiny-seller,143,170,3656,9433,8,22,sim,nao,nao
102179,ativo,no-seller,605,2728,0,0,0,0,sim,sim,sim
102180,ativo,no-seller,143,361,0,0,0,0,nao,nao,nao
102181,ativo,small-seller,630,1487,4116,9621,13,32,nao,nao,nao
102182,ativo,no-seller,771,818,0,0,0,0,sim,nao,nao
102183,ativo,no-seller,65,260,0,0,0,0,nao,nao,nao
102184,churnado,no-seller,14,165,0,0,0,0,nao,nao,nao
102185,ativo,no-seller,16,33,0,0,0,0,nao,nao,nao
102186,ativo,tiny-seller,409,413,1715,5414,5,17,nao,nao,nao
102187,trial,tiny-seller,157,647,1012,2368,6,14,nao,nao,sim
102188,churnado,no-seller,224,1762,0,0,0,0,nao,nao,nao
102189,ativo,struggling-seller,40,294,145,267,1,2,nao,nao,nao
102190,ativo,no-seller,65,3125,0,0,0,0,nao,nao,nao
102191,ativo,medium-seller,56,118,73112,245471,146,481,nao,sim,nao
102192,ativo,no-seller,51,88,0,0,0,0,nao,nao,nao
102193,ativo,small-seller,13,53,5822,14339,30,75,nao,nao,nao
102194,ativo,struggling-seller,762,1517,137,265,1,2,sim,sim,nao
102195,ativo,no-seller,13,33,0,0,0,0,nao,nao,sim
102196,ativo,no-seller,61,168,0,0,0,0,nao,nao,nao
102197,cancelado,no-seller,334,2738,0,0,0,0,nao,nao,sim
102198,ativo,no-seller,314,378,0,0,0,0,nao,nao,nao
102199,ativo,large-seller,141,962,212599,794672,330,1258,sim,nao,nao
102200,ativo,struggling-seller,157,2710,312,757,2,5,nao,nao,nao
102201,ativo,no-seller,562,2273,0,0,0,0,sim,nao,nao
102202,ativo,no-seller,407,876,0,0,0,0,nao,nao,nao
102203,ativo,no-seller,22,883,0,0,0,0,nao,nao,sim
102204,ativo,struggling-seller,102,760,318,779,2,5,sim,nao,nao
102205,ativo,struggling-seller,62,134,418,1153,2,5,sim,nao,nao
102206,ativo,tiny-seller,78,161,1649,3681,6,14,nao,nao,nao
102207,ativo,no-seller,710,2914,0,0,0,0,nao,nao,nao
102208,ativo,no-seller,6,96,0,0,0,0,nao,sim,nao
102209,ativo,no-seller,784,2151,0,0,0,0,nao,nao,nao
102210,ativo,small-seller,137,210,8690,26117,28,92,nao,nao,nao
102211,ativo,struggling-seller,321,513,138,253,1,2,nao,nao,nao
102212,ativo,small-seller,52,79,13107,42004,27,82,nao,nao,nao
102213,ativo,no-seller,6,38,0,0,0,0,nao,nao,nao
102214,ativo,struggling-seller,126,202,333,1033,2,6,sim,nao,nao
102215,ativo,struggling-seller,62,394,152,290,2,4,nao,sim,nao
102216,ativo,struggling-seller,500,775,173,814,1,5,nao,nao,nao
102217,ativo,small-seller,205,431,22306,55685,46,117,sim,sim,nao
102218,ativo,no-seller,218,1627,0,0,0,0,nao,nao,nao
102219,ativo,no-seller,12,220,0,0,0,0,nao,nao,nao
102220,ativo,no-seller,442,899,0,0,0,0,nao,nao,nao
102221,ativo,tiny-seller,452,755,740,2051,3,9,nao,nao,nao
102222,ativo,tiny-seller,157,735,2179,4873,8,19,nao,nao,nao
102223,ativo,struggling-seller,399,1540,223,863,1,4,nao,nao,nao
102224,ativo,struggling-seller,559,1689,446,1169,2,5,nao,nao,nao
102225,ativo,no-seller,286,1872,0,0,0,0,nao,sim,nao
102226,ativo,struggling-seller,782,1085,263,741,2,6,nao,sim,nao
102227,ativo,medium-seller,154,439,55322,132422,111,253,nao,nao,nao
102228,churnado,small-seller,56,87,4109,11911,18,52,nao,sim,nao
102229,ativo,no-seller,242,3172,0,0,0,0,nao,nao,nao
102230,ativo,no-seller,705,1040,0,0,0,0,nao,nao,nao
102231,ativo,no-seller,134,231,0,0,0,0,nao,nao,sim
102232,ativo,struggling-seller,227,1839,0,110,0,1,nao,sim,sim
102233,ativo,struggling-seller,174,179,0,157,0,1,sim,nao,nao
102234,ativo,struggling-seller,126,1153,170,470,2,5,nao,sim,nao
102235,ativo,struggling-seller,407,979,213,607,2,6,nao,nao,nao
102236,ativo,no-seller,617,2197,0,0,0,0,nao,nao,nao
102237,ativo,struggling-seller,174,249,356,937,2,5,nao,nao,nao
102238,ativo,small-seller,311,1388,3829,8711,16,37,nao,nao,nao
102239,ativo,tiny-seller,102,861,1022,3694,6,22,sim,nao,nao
102240,ativo,no-seller,259,3085,0,0,0,0,nao,nao,nao
102241,ativo,no-seller,98,187,0,0,0,0,nao,sim,nao
102242,ativo,no-seller,341,507,0,0,0,0,nao,sim,nao
102243,ativo,no-seller,731,2991,0,0,0,0,nao,nao,nao
102244,ativo,tiny-seller,654,2034,1303,3782,7,22,nao,nao,nao
102245,ativo,no-seller,17,30,0,0,0,0,nao,nao,sim
102246,ativo,small-seller,410,457,6829,25918,15,58,nao,nao,nao
102247,ativo,small-seller,423,1768,14975,46582,42,137,nao,nao,nao
102248,ativo,no-seller,295,370,0,0,0,0,nao,nao,nao
102249,cancelado,no-seller,2,155,0,0,0,0,nao,nao,nao
102250,ativo,no-seller,222,418,0,0,0,0,nao,nao,nao
102251,ativo,medium-seller,417,1309,33478,100408,74,220,nao,nao,nao
102252,ativo,struggling-seller,147,1914,135,496,1,4,nao,nao,nao
102253,ativo,no-seller,8,141,0,0,0,0,nao,nao,nao
102254,ativo,no-seller,175,180,0,0,0,0,nao,nao,nao
102255,ativo,struggling-seller,71,178,178,342,2,4,nao,sim,nao
102256,ativo,no-seller,450,455,0,0,0,0,nao,nao,nao
102257,ativo,struggling-seller,183,190,0,80,0,1,nao,sim,nao
102258,ativo,tiny-seller,262,1651,1845,4611,5,12,sim,nao,sim
102259,ativo,medium-seller,271,431,92068,198721,260,608,sim,nao,nao
102260,ativo,no-seller,212,392,0,0,0,0,nao,nao,nao
102261,ativo,struggling-seller,495,522,273,516,1,2,sim,nao,nao
102262,ativo,no-seller,109,252,0,0,0,0,sim,nao,nao
102263,ativo,no-seller,20,31,0,0,0,0,sim,sim,nao
102264,ativo,struggling-seller,2,113,168,368,1,2,nao,nao,nao
102265,ativo,no-seller,275,2224,0,0,0,0,nao,nao,nao
102266,ativo,no-seller,21,79,0,0,0,0,nao,nao,nao
102267,ativo,tiny-seller,101,178,1004,2747,3,8,nao,nao,nao
102268,ativo,no-seller,10,1260,0,0,0,0,nao,nao,nao
102269,ativo,medium-seller,17,116,54604,223209,151,561,sim,nao,nao
102270,ativo,no-seller,79,101,0,0,0,0,sim,sim,nao
102271,ativo,struggling-seller,361,705,125,252,1,2,nao,nao,nao
102272,ativo,medium-seller,380,958,128851,267960,214,481,nao,nao,nao
102273,ativo,no-seller,317,1701,0,0,0,0,nao,nao,nao
102274,ativo,struggling-seller,16,119,224,621,1,3,nao,nao,nao
102275,ativo,tiny-seller,264,539,1246,3643,5,16,nao,nao,nao
102276,ativo,struggling-seller,22,260,191,384,1,2,nao,nao,nao
102277,ativo,struggling-seller,4,34,449,842,2,4,sim,nao,nao
102278,ativo,no-seller,54,851,0,0,0,0,nao,sim,nao
102279,ativo,struggling-seller,6,57,226,741,2,6,nao,nao,nao
102280,churnado,no-seller,4,35,0,0,0,0,nao,nao,nao
102281,ativo,medium-seller,754,887,88133,214074,173,430,nao,nao,nao
102282,ativo,small-seller,255,3301,10820,37645,42,141,sim,nao,nao
102283,trial,no-seller,56,3173,0,0,0,0,nao,nao,nao
102284,ativo,struggling-seller,115,252,175,919,1,5,nao,nao,nao
102285,ativo,no-seller,186,446,0,0,0,0,nao,nao,nao
102286,ativo,no-seller,147,179,0,0,0,0,nao,sim,nao
102287,ativo,tiny-seller,187,821,3270,8794,10,29,nao,nao,nao
102288,ativo,struggling-seller,213,2002,0,125,0,1,nao,nao,nao
102289,ativo,no-seller,4,50,0,0,0,0,nao,nao,nao
102290,ativo,tiny-seller,91,555,1606,4326,7,18,sim,nao,nao
102291,ativo,no-seller,40,258,0,0,0,0,nao,nao,nao
102292,ativo,no-seller,9,181,0,0,0,0,nao,nao,sim
102293,ativo,no-seller,353,3237,0,0,0,0,nao,nao,nao
102294,ativo,no-seller,780,3062,0,0,0,0,nao,nao,nao
102295,ativo,struggling-seller,321,2147,163,513,1,3,nao,nao,nao
102296,ativo,no-seller,687,2101,0,0,0,0,nao,nao,nao
102297,churnado,no-seller,4,270,0,0,0,0,nao,sim,nao
102298,ativo,no-seller,40,116,0,0,0,0,nao,nao,nao
102299,ativo,struggling-seller,471,838,0,142,0,1,sim,nao,nao
102300,ativo,tiny-seller,614,1380,1564,3337,5,11,nao,nao,nao
102301,ativo,struggling-seller,751,1262,96,296,1,3,nao,nao,nao
102302,ativo,no-seller,12,639,0,0,0,0,nao,nao,nao
102303,ativo,struggling-seller,114,3308,342,1086,2,6,nao,nao,nao
102304,ativo,tiny-seller,532,864,3911,10477,9,26,nao,nao,nao
102305,churnado,no-seller,427,618,0,0,0,0,nao,sim,nao
102306,ativo,small-seller,38,71,10613,26866,30,76,nao,nao,nao
102307,churnado,no-seller,22,44,0,0,0,0,nao,nao,nao
102308,ativo,no-seller,720,1578,0,0,0,0,nao,nao,sim
102309,ativo,no-seller,492,1174,0,0,0,0,sim,nao,nao
102310,ativo,no-seller,157,540,0,0,0,0,sim,sim,nao
102311,ativo,medium-seller,297,3002,54085,206949,128,496,nao,nao,nao
102312,ativo,struggling-seller,130,185,99,381,1,4,sim,nao,nao
102313,ativo,struggling-seller,231,912,0,159,0,1,nao,nao,nao
102314,ativo,no-seller,386,870,0,0,0,0,sim,nao,nao
102315,ativo,no-seller,8,31,0,0,0,0,nao,nao,nao
102316,ativo,no-seller,462,1434,0,0,0,0,nao,nao,nao
102317,ativo,struggling-seller,44,626,91,278,1,3,nao,nao,nao
102318,ativo,no-seller,300,647,0,0,0,0,nao,nao,nao
102319,ativo,no-seller,21,147,0,0,0,0,nao,nao,nao
102320,ativo,tiny-seller,288,2126,1020,2486,7,16,sim,nao,nao
102321,ativo,no-seller,18,175,0,0,0,0,nao,nao,nao
102322,ativo,no-seller,646,1138,0,0,0,0,nao,nao,nao
102323,ativo,tiny-seller,418,1100,316,1202,2,7,nao,nao,nao
102324,ativo,medium-seller,692,3014,42315,157754,87,297,sim,nao,nao
102325,ativo,tiny-seller,648,2122,1230,4030,3,10,sim,nao,sim
102326,ativo,no-seller,48,1441,0,0,0,0,nao,nao,nao
102327,ativo,tiny-seller,108,495,651,1573,4,9,nao,nao,nao
102328,ativo,no-seller,56,215,0,0,0,0,nao,nao,nao
102329,ativo,struggling-seller,537,896,87,371,1,4,nao,nao,sim
102330,ativo,no-seller,97,126,0,0,0,0,nao,nao,nao
102331,ativo,struggling-seller,203,311,83,178,1,2,nao,sim,nao
102332,trial,no-seller,133,240,0,0,0,0,nao,nao,nao
102333,ativo,struggling-seller,531,802,241,556,2,5,nao,nao,nao
102334,ativo,medium-seller,227,1549,100859,343099,174,643,sim,sim,nao
102335,ativo,no-seller,39,46,0,0,0,0,sim,nao,nao
102336,ativo,small-seller,342,1815,13085,38008,46,139,nao,nao,nao
102337,cancelado,no-seller,216,1141,0,0,0,0,nao,nao,nao
102338,ativo,tiny-seller,92,264,2972,7454,8,19,nao,nao,nao
102339,ativo,no-seller,279,2596,0,0,0,0,nao,nao,nao
102340,ativo,tiny-seller,357,1825,2100,5845,8,23,nao,sim,nao
102341,ativo,struggling-seller,783,1697,442,831,2,4,nao,nao,nao
102342,ativo,no-seller,37,40,0,0,0,0,nao,nao,nao
102343,ativo,no-seller,303,391,0,0,0,0,nao,nao,sim
102344,churnado,struggling-seller,335,946,180,516,1,3,nao,nao,nao
102345,churnado,no-seller,83,97,0,0,0,0,sim,sim,nao
102346,ativo,no-seller,5,52,0,0,0,0,nao,nao,nao
102347,ativo,no-seller,434,1865,0,0,0,0,sim,sim,nao
102348,ativo,no-seller,197,200,0,0,0,0,nao,nao,sim
102349,churnado,tiny-seller,21,30,2356,6103,11,30,nao,nao,nao
102350,ativo,no-seller,86,98,0,0,0,0,nao,sim,nao
102351,ativo,no-seller,477,1127,0,0,0,0,nao,nao,nao
102352,ativo,small-seller,742,3152,13017,37187,28,84,nao,nao,nao
102353,ativo,no-seller,642,981,0,0,0,0,nao,nao,sim
102354,ativo,no-seller,80,91,0,0,0,0,nao,nao,nao
102355,ativo,struggling-seller,423,824,147,629,1,4,nao,nao,nao
102356,ativo,struggling-seller,232,393,0,104,0,1,nao,nao,nao
102357,ativo,no-seller,254,630,0,0,0,0,nao,nao,nao
102358,ativo,struggling-seller,118,600,0,114,0,1,nao,nao,nao
102359,ativo,tiny-seller,40,56,854,3486,5,19,nao,nao,nao
102360,ativo,no-seller,370,410,0,0,0,0,nao,nao,sim
102361,ativo,no-seller,137,248,0,0,0,0,nao,nao,nao
102362,ativo,struggling-seller,479,2962,217,448,1,2,nao,nao,nao
102363,ativo,no-seller,8,72,0,0,0,0,nao,nao,nao
102364,ativo,no-seller,435,1275,0,0,0,0,sim,nao,nao
102365,ativo,no-seller,46,83,0,0,0,0,nao,nao,nao
102366,ativo,no-seller,2,36,0,0,0,0,nao,nao,sim
102367,churnado,struggling-seller,170,785,239,665,2,6,nao,nao,nao
102368,ativo,no-seller,361,1301,0,0,0,0,nao,nao,nao
102369,ativo,no-seller,28,32,0,0,0,0,nao,nao,nao
102370,ativo,tiny-seller,20,63,1863,6058,7,22,nao,sim,nao
102371,ativo,no-seller,38,90,0,0,0,0,nao,nao,nao
102372,ativo,small-seller,12,159,3289,11234,9,32,nao,nao,nao
102373,ativo,no-seller,338,3449,0,0,0,0,nao,nao,nao
102374,ativo,no-seller,30,3017,0,0,0,0,nao,sim,nao
102375,ativo,no-seller,436,2016,0,0,0,0,nao,nao,nao
102376,ativo,no-seller,0,157,0,0,0,0,nao,nao,nao
102377,churnado,no-seller,135,452,0,0,0,0,nao,sim,nao
102378,ativo,tiny-seller,14,290,1352,3322,4,10,nao,sim,sim
102379,ativo,struggling-seller,417,3097,297,797,2,5,nao,nao,nao
102380,churnado,small-seller,280,281,9818,24425,23,55,nao,nao,nao
102381,ativo,no-seller,54,335,0,0,0,0,sim,nao,nao
102382,ativo,no-seller,185,1166,0,0,0,0,nao,nao,nao
102383,ativo,no-seller,56,70,0,0,0,0,nao,nao,nao
102384,trial,small-seller,273,327,27353,67595,61,145,nao,nao,nao
102385,ativo,medium-seller,151,286,112561,277272,194,524,sim,nao,nao
102386,cancelado,tiny-seller,78,172,2086,5853,6,17,nao,nao,nao
102387,ativo,small-seller,6,47,13332,36035,58,143,nao,nao,nao
102388,ativo,no-seller,650,1108,0,0,0,0,nao,nao,nao
102389,ativo,struggling-seller,287,2665,496,928,2,4,sim,sim,nao
102390,ativo,no-seller,50,52,0,0,0,0,nao,nao,nao
102391,ativo,struggling-seller,361,627,184,350,1,2,nao,nao,nao
102392,ativo,no-seller,582,2563,0,0,0,0,sim,sim,nao
102393,ativo,struggling-seller,745,3270,513,1439,2,6,sim,nao,nao
102394,ativo,no-seller,175,367,0,0,0,0,nao,nao,nao
102395,ativo,large-seller,50,86,176884,546175,247,782,nao,nao,sim
102396,ativo,struggling-seller,439,768,159,523,1,3,nao,nao,nao
102397,cancelado,struggling-seller,215,558,0,219,0,1,nao,nao,nao
102398,trial,struggling-seller,149,167,99,205,1,2,nao,nao,nao
102399,ativo,no-seller,141,1548,0,0,0,0,nao,nao,nao
102400,ativo,no-seller,169,267,0,0,0,0,nao,nao,nao
102401,ativo,struggling-seller,32,142,113,232,1,2,nao,nao,sim
102402,cancelado,no-seller,240,408,0,0,0,0,nao,nao,nao
102403,ativo,small-seller,140,329,24256,58827,59,133,nao,nao,sim
102404,ativo,no-seller,105,1391,0,0,0,0,nao,nao,nao
102405,churnado,struggling-seller,647,1048,0,132,0,1,nao,nao,nao
102406,ativo,struggling-seller,255,439,159,580,1,4,nao,nao,nao
102407,ativo,no-seller,250,629,0,0,0,0,nao,nao,nao
102408,ativo,no-seller,576,3050,0,0,0,0,sim,nao,nao
102409,ativo,no-seller,692,2937,0,0,0,0,sim,sim,nao
102410,ativo,struggling-seller,24,2622,168,508,2,6,nao,nao,nao
102411,ativo,struggling-seller,198,710,242,743,2,6,nao,nao,sim
102412,ativo,no-seller,22,72,0,0,0,0,nao,sim,sim
102413,ativo,small-seller,474,608,14239,40407,31,87,sim,nao,nao
102414,ativo,no-seller,530,1197,0,0,0,0,nao,nao,sim
102415,ativo,top-seller,295,426,759454,2543001,1146,3767,nao,nao,nao
102416,trial,no-seller,271,1947,0,0,0,0,nao,nao,nao
102417,ativo,no-seller,111,331,0,0,0,0,nao,nao,nao
102418,ativo,small-seller,113,208,2265,7563,10,31,nao,nao,nao
102419,ativo,struggling-seller,66,117,0,229,0,1,nao,sim,nao
102420,ativo,struggling-seller,34,2863,160,498,1,3,nao,nao,nao
102421,ativo,no-seller,195,799,0,0,0,0,nao,nao,nao
102422,cancelado,no-seller,243,1162,0,0,0,0,nao,nao,nao
102423,ativo,tiny-seller,10,72,1723,4763,9,26,nao,nao,nao
102424,ativo,no-seller,741,1020,0,0,0,0,nao,nao,nao
102425,ativo,no-seller,592,3213,0,0,0,0,nao,nao,nao
102426,ativo,struggling-seller,21,244,173,563,2,6,nao,nao,nao
102427,trial,no-seller,147,312,0,0,0,0,nao,nao,nao
102428,ativo,struggling-seller,33,910,0,85,0,1,nao,nao,nao
102429,ativo,small-seller,304,427,17457,43300,54,141,nao,nao,sim
102430,ativo,no-seller,108,314,0,0,0,0,nao,sim,nao
102431,ativo,no-seller,192,2485,0,0,0,0,nao,nao,nao
102432,ativo,small-seller,769,1687,13522,36839,33,81,nao,nao,nao
102433,ativo,no-seller,47,848,0,0,0,0,nao,nao,nao
102434,ativo,struggling-seller,150,223,182,460,2,5,nao,sim,nao
102435,ativo,no-seller,195,206,0,0,0,0,nao,nao,nao
102436,ativo,no-seller,88,91,0,0,0,0,nao,nao,nao
102437,ativo,tiny-seller,256,3074,1992,8201,5,20,nao,sim,nao
102438,ativo,struggling-seller,203,1334,247,796,2,6,nao,nao,nao
102439,ativo,no-seller,279,290,0,0,0,0,nao,nao,nao
102440,ativo,no-seller,104,1701,0,0,0,0,nao,nao,sim
102441,ativo,no-seller,261,3177,0,0,0,0,nao,nao,nao
102442,ativo,no-seller,466,802,0,0,0,0,nao,nao,nao
102443,ativo,no-seller,184,1717,0,0,0,0,sim,nao,nao
102444,ativo,struggling-seller,352,1805,184,372,1,2,nao,nao,nao
102445,ativo,no-seller,462,612,0,0,0,0,nao,nao,nao
102446,trial,small-seller,139,2716,20228,57762,46,123,nao,nao,sim
102447,ativo,no-seller,127,353,0,0,0,0,nao,sim,nao
102448,ativo,medium-seller,75,236,104666,296965,213,641,sim,nao,nao
102449,ativo,no-seller,476,2867,0,0,0,0,sim,nao,nao
102450,ativo,small-seller,104,3134,12069,29128,35,79,nao,nao,nao
102451,ativo,struggling-seller,165,972,117,349,1,3,sim,nao,nao
102452,ativo,struggling-seller,404,1739,87,359,1,4,nao,sim,nao
102453,ativo,tiny-seller,180,1145,2477,5638,7,17,nao,nao,nao
102454,ativo,tiny-seller,128,132,1775,3988,5,12,sim,nao,nao
102455,ativo,no-seller,171,1384,0,0,0,0,nao,nao,sim
102456,ativo,small-seller,300,637,8022,21173,19,47,sim,nao,nao
102457,trial,no-seller,30,32,0,0,0,0,nao,nao,nao
102458,churnado,medium-seller,11,33,125370,321553,274,700,nao,nao,nao
102459,ativo,tiny-seller,463,2096,2288,7709,6,22,nao,nao,nao
102460,ativo,no-seller,229,307,0,0,0,0,nao,sim,nao
102461,ativo,no-seller,156,1351,0,0,0,0,nao,nao,nao
102462,ativo,struggling-seller,228,1229,458,1069,2,5,sim,nao,nao
102463,ativo,no-seller,471,2232,0,0,0,0,nao,nao,nao
102464,ativo,no-seller,17,34,0,0,0,0,nao,nao,nao
102465,ativo,struggling-seller,47,177,330,669,3,6,sim,nao,nao
102466,ativo,struggling-seller,596,2849,362,992,2,5,sim,nao,nao
102467,churnado,struggling-seller,7,43,177,388,1,2,nao,nao,nao
102468,ativo,struggling-seller,374,2914,121,241,1,2,nao,nao,nao
102469,ativo,no-seller,473,921,0,0,0,0,nao,nao,nao
102470,ativo,struggling-seller,626,757,284,691,2,5,nao,nao,nao
102471,ativo,tiny-seller,572,2461,2248,4820,6,14,nao,nao,nao
102472,ativo,tiny-seller,40,66,792,2840,3,10,nao,sim,nao
102473,ativo,struggling-seller,268,1548,232,489,2,4,nao,sim,nao
102474,cancelado,small-seller,188,235,12455,44394,36,120,nao,nao,nao
102475,ativo,tiny-seller,61,124,2048,6760,7,25,nao,nao,nao
102476,trial,struggling-seller,800,834,0,110,0,1,nao,nao,nao
102477,ativo,no-seller,95,416,0,0,0,0,nao,nao,nao
102478,ativo,no-seller,634,1594,0,0,0,0,sim,nao,nao
102479,ativo,no-seller,75,76,0,0,0,0,nao,nao,nao
102480,ativo,struggling-seller,660,723,224,1103,1,5,nao,nao,sim
102481,ativo,no-seller,744,3096,0,0,0,0,nao,nao,nao
102482,ativo,tiny-seller,641,2323,2042,7525,5,19,nao,nao,sim
102483,ativo,struggling-seller,297,1535,0,150,0,1,nao,nao,sim
102484,ativo,no-seller,400,628,0,0,0,0,nao,nao,nao
102485,ativo,struggling-seller,235,326,124,248,1,2,sim,nao,nao
102486,ativo,tiny-seller,225,270,595,2307,2,7,nao,nao,nao
102487,ativo,medium-seller,309,385,50215,129642,155,402,sim,sim,nao
102488,ativo,no-seller,26,52,0,0,0,0,nao,nao,nao
102489,ativo,tiny-seller,273,400,2724,7345,8,22,sim,nao,nao
102490,ativo,small-seller,709,2598,5938,13486,20,49,nao,nao,nao
102491,ativo,struggling-seller,96,124,144,311,1,2,nao,sim,nao
102492,ativo,no-seller,159,335,0,0,0,0,nao,nao,nao
102493,ativo,no-seller,100,1280,0,0,0,0,nao,nao,sim
102494,ativo,no-seller,176,493,0,0,0,0,nao,nao,nao
102495,ativo,no-seller,4,614,0,0,0,0,nao,sim,nao
102496,ativo,no-seller,278,458,0,0,0,0,sim,nao,nao
102497,ativo,no-seller,195,413,0,0,0,0,sim,nao,nao
102498,ativo,small-seller,66,67,6633,21508,35,108,nao,nao,nao
102499,ativo,no-seller,797,2081,0,0,0,0,nao,nao,nao
102500,ativo,no-seller,18,42,0,0,0,0,nao,nao,nao
102501,ativo,large-seller,362,2069,377233,1073374,546,1441,nao,nao,nao
102502,ativo,tiny-seller,273,521,1660,4464,11,28,nao,nao,sim
102503,ativo,tiny-seller,21,955,1240,3769,9,25,nao,nao,nao
102504,ativo,tiny-seller,17,38,2109,5710,8,23,nao,nao,nao
102505,ativo,struggling-seller,92,257,560,1333,2,5,nao,nao,nao
102506,ativo,no-seller,256,305,0,0,0,0,sim,sim,nao
102507,churnado,small-seller,735,2380,11412,39038,44,141,nao,sim,nao
102508,ativo,no-seller,35,122,0,0,0,0,nao,nao,nao
102509,ativo,medium-seller,54,2102,26028,83729,77,243,sim,nao,sim
102510,ativo,top-seller,579,2913,1021548,2587629,1122,2736,nao,nao,nao
102511,ativo,struggling-seller,494,987,180,396,1,2,sim,nao,nao
102512,ativo,medium-seller,84,523,154987,338783,221,500,nao,nao,sim
102513,ativo,no-seller,123,1356,0,0,0,0,sim,nao,sim
102514,churnado,no-seller,332,361,0,0,0,0,sim,sim,nao
102515,ativo,no-seller,371,781,0,0,0,0,nao,nao,nao
102516,ativo,no-seller,788,3047,0,0,0,0,nao,nao,nao
102517,ativo,medium-seller,127,139,149529,340420,276,645,nao,nao,nao
102518,ativo,tiny-seller,568,1353,388,1300,2,7,sim,nao,nao
102519,ativo,struggling-seller,146,165,513,1711,2,6,sim,nao,nao
102520,trial,tiny-seller,21,832,1737,4331,8,21,nao,nao,nao
102521,ativo,tiny-seller,723,1717,1235,3153,3,8,nao,nao,nao
102522,ativo,no-seller,30,58,0,0,0,0,nao,nao,nao
102523,ativo,no-seller,60,102,0,0,0,0,nao,nao,sim
102524,ativo,no-seller,75,82,0,0,0,0,nao,nao,nao
102525,ativo,tiny-seller,85,147,451,1577,3,11,nao,nao,nao
102526,churnado,no-seller,123,465,0,0,0,0,sim,nao,nao
102527,cancelado,no-seller,264,1605,0,0,0,0,nao,sim,nao
102528,ativo,no-seller,76,305,0,0,0,0,nao,nao,nao
102529,ativo,no-seller,493,728,0,0,0,0,nao,nao,nao
102530,ativo,tiny-seller,214,2018,1745,5942,6,19,nao,nao,nao
102531,churnado,struggling-seller,458,508,159,302,1,2,nao,nao,sim
102532,ativo,no-seller,257,1043,0,0,0,0,nao,sim,nao
102533,trial,no-seller,50,181,0,0,0,0,nao,nao,nao
102534,ativo,no-seller,102,230,0,0,0,0,nao,nao,nao
102535,ativo,small-seller,12,938,10629,27759,25,65,nao,nao,nao
102536,ativo,struggling-seller,189,368,292,854,2,6,sim,nao,nao
102537,ativo,struggling-seller,331,479,315,777,2,5,nao,nao,nao
102538,ativo,small-seller,222,1110,10421,24795,45,117,nao,nao,nao
102539,ativo,no-seller,27,35,0,0,0,0,nao,nao,nao
102540,ativo,struggling-seller,41,46,115,497,1,4,nao,nao,sim
102541,ativo,no-seller,158,294,0,0,0,0,sim,nao,nao
102542,ativo,no-seller,247,1517,0,0,0,0,nao,nao,nao
102543,ativo,no-seller,263,841,0,0,0,0,nao,nao,nao
102544,ativo,struggling-seller,146,276,136,518,1,4,sim,nao,nao
102545,churnado,small-seller,192,358,6000,19116,17,59,nao,nao,nao
102546,ativo,struggling-seller,42,61,142,313,2,4,nao,nao,nao
102547,ativo,no-seller,792,1496,0,0,0,0,nao,nao,nao
102548,ativo,no-seller,185,325,0,0,0,0,nao,nao,nao
102549,ativo,no-seller,686,1853,0,0,0,0,sim,nao,sim
102550,ativo,small-seller,672,1582,10263,28436,38,115,nao,nao,nao
102551,ativo,medium-seller,112,182,158549,425044,272,713,nao,nao,nao
102552,ativo,tiny-seller,230,255,2208,6486,7,21,nao,nao,nao
102553,ativo,no-seller,76,279,0,0,0,0,nao,nao,nao
102554,ativo,struggling-seller,205,229,456,1220,2,5,sim,nao,nao
102555,ativo,tiny-seller,65,593,291,960,2,7,nao,nao,nao
102556,ativo,struggling-seller,672,799,439,1270,2,6,nao,nao,nao
102557,ativo,struggling-seller,71,2716,298,966,2,6,nao,nao,nao
102558,trial,tiny-seller,323,619,3163,11031,8,30,sim,nao,nao
102559,ativo,no-seller,94,3084,0,0,0,0,nao,nao,nao
102560,ativo,tiny-seller,622,845,1102,4282,7,25,nao,nao,nao
102561,ativo,no-seller,256,456,0,0,0,0,nao,nao,sim
102562,trial,no-seller,75,264,0,0,0,0,nao,nao,nao
102563,ativo,medium-seller,374,729,19259,65407,47,168,nao,nao,nao
102564,ativo,small-seller,271,2157,5389,15990,12,36,nao,nao,nao
102565,trial,no-seller,23,63,0,0,0,0,nao,nao,nao
102566,ativo,struggling-seller,397,2630,471,1104,2,5,sim,sim,nao
102567,ativo,tiny-seller,798,1275,1968,4358,6,14,nao,nao,sim
102568,ativo,no-seller,678,1695,0,0,0,0,nao,nao,nao
102569,ativo,struggling-seller,107,2059,0,262,0,1,sim,nao,sim
102570,ativo,no-seller,414,627,0,0,0,0,nao,nao,nao
102571,ativo,tiny-seller,191,201,2717,6359,8,20,nao,nao,nao
102572,ativo,no-seller,11,1880,0,0,0,0,nao,nao,nao
102573,ativo,small-seller,8,45,16430,38551,50,119,sim,nao,nao
102574,ativo,no-seller,673,1082,0,0,0,0,sim,nao,nao
102575,ativo,struggling-seller,183,2548,190,589,1,3,sim,nao,nao
102576,ativo,no-seller,410,3273,0,0,0,0,sim,nao,nao
102577,ativo,struggling-seller,14,798,201,433,1,2,nao,nao,sim
102578,ativo,struggling-seller,51,98,174,870,1,5,nao,nao,sim
102579,ativo,no-seller,135,2798,0,0,0,0,nao,nao,nao
102580,ativo,no-seller,38,154,0,0,0,0,nao,nao,nao
102581,trial,no-seller,634,1993,0,0,0,0,nao,nao,sim
102582,ativo,no-seller,347,2080,0,0,0,0,nao,sim,nao
102583,ativo,no-seller,22,151,0,0,0,0,nao,sim,nao
102584,ativo,no-seller,638,893,0,0,0,0,nao,nao,nao
102585,ativo,struggling-seller,77,95,0,203,0,1,nao,sim,nao
102586,ativo,struggling-seller,524,1691,116,249,1,2,nao,sim,nao
102587,ativo,no-seller,233,657,0,0,0,0,sim,nao,nao
102588,ativo,small-seller,514,623,7002,22170,14,44,nao,nao,nao
102589,ativo,no-seller,462,592,0,0,0,0,nao,nao,nao
102590,ativo,no-seller,307,1560,0,0,0,0,nao,nao,nao
102591,ativo,large-seller,152,1905,189975,528980,381,1073,nao,sim,sim
102592,ativo,no-seller,134,179,0,0,0,0,nao,nao,nao
102593,cancelado,no-seller,388,524,0,0,0,0,nao,nao,nao
102594,ativo,medium-seller,180,250,112910,356543,194,663,nao,nao,nao
102595,ativo,struggling-seller,48,383,378,1066,2,6,sim,nao,nao
102596,ativo,no-seller,611,1681,0,0,0,0,nao,nao,nao
102597,ativo,small-seller,152,163,16626,53996,40,132,nao,nao,nao
102598,ativo,no-seller,764,1468,0,0,0,0,nao,nao,nao
102599,ativo,struggling-seller,277,335,304,929,2,6,nao,nao,nao
102600,ativo,no-seller,511,823,0,0,0,0,nao,nao,nao
102601,ativo,struggling-seller,295,563,426,1172,2,5,nao,sim,nao
102602,ativo,medium-seller,755,1376,63655,256689,174,688,nao,nao,nao
102603,ativo,no-seller,386,3125,0,0,0,0,nao,nao,nao
102604,ativo,no-seller,185,2201,0,0,0,0,nao,nao,nao
102605,ativo,small-seller,515,2150,11081,26846,34,84,nao,sim,nao
102606,ativo,struggling-seller,441,3479,191,504,2,5,nao,nao,nao
102607,ativo,no-seller,283,1823,0,0,0,0,nao,nao,sim
102608,churnado,struggling-seller,443,3284,103,295,1,3,sim,nao,nao
102609,ativo,no-seller,541,938,0,0,0,0,sim,nao,nao
102610,ativo,small-seller,565,1407,28198,69179,58,134,nao,nao,nao
102611,ativo,struggling-seller,472,558,282,615,2,4,nao,nao,nao
102612,ativo,tiny-seller,560,721,2312,6254,10,27,nao,nao,sim
102613,ativo,no-seller,342,884,0,0,0,0,nao,nao,nao
102614,ativo,no-seller,511,3178,0,0,0,0,nao,nao,nao
102615,ativo,no-seller,25,31,0,0,0,0,sim,nao,nao
102616,ativo,no-seller,310,498,0,0,0,0,sim,nao,nao
102617,ativo,struggling-seller,61,74,171,313,1,2,nao,nao,sim
102618,ativo,no-seller,78,137,0,0,0,0,nao,nao,nao
102619,ativo,struggling-seller,81,457,248,792,1,3,nao,nao,sim
102620,ativo,no-seller,98,1133,0,0,0,0,nao,nao,nao
102621,ativo,no-seller,423,1991,0,0,0,0,sim,nao,nao
102622,ativo,struggling-seller,656,1175,308,948,2,6,nao,nao,nao
102623,ativo,no-seller,49,163,0,0,0,0,nao,nao,nao
102624,ativo,no-seller,125,152,0,0,0,0,nao,nao,nao
102625,ativo,small-seller,270,835,15101,49082,42,125,nao,nao,nao
102626,ativo,no-seller,81,200,0,0,0,0,nao,nao,nao
102627,trial,no-seller,86,464,0,0,0,0,nao,sim,nao
102628,ativo,tiny-seller,322,888,1380,3054,6,14,nao,sim,nao
102629,ativo,struggling-seller,206,346,216,564,2,5,nao,nao,nao
102630,ativo,tiny-seller,90,223,701,1521,3,7,nao,nao,nao
102631,ativo,struggling-seller,74,157,336,707,2,4,nao,nao,nao
102632,ativo,tiny-seller,270,915,588,1626,4,10,nao,nao,nao
102633,ativo,struggling-seller,117,840,282,526,2,4,sim,sim,nao
102634,ativo,no-seller,276,1044,0,0,0,0,nao,nao,nao
102635,ativo,no-seller,352,1805,0,0,0,0,nao,nao,nao
102636,ativo,no-seller,413,512,0,0,0,0,nao,nao,nao
102637,ativo,no-seller,716,975,0,0,0,0,nao,nao,nao
102638,ativo,no-seller,97,1313,0,0,0,0,nao,nao,nao
102639,ativo,no-seller,602,846,0,0,0,0,nao,nao,nao
102640,ativo,medium-seller,254,2562,90650,378852,174,661,nao,nao,nao
102641,ativo,no-seller,20,436,0,0,0,0,nao,nao,nao
102642,ativo,struggling-seller,135,253,267,746,2,6,nao,nao,sim
102643,ativo,no-seller,23,99,0,0,0,0,nao,nao,nao
102644,ativo,struggling-seller,250,1873,430,1289,2,6,nao,nao,nao
102645,ativo,struggling-seller,323,769,361,1038,2,6,nao,nao,nao
102646,ativo,tiny-seller,106,120,1686,4222,10,27,nao,nao,nao
102647,ativo,medium-seller,30,3251,77287,207843,206,601,sim,nao,nao
102648,ativo,no-seller,334,729,0,0,0,0,sim,nao,nao
102649,ativo,struggling-seller,776,1227,463,1466,2,6,nao,nao,nao
102650,ativo,struggling-seller,132,167,174,501,1,3,nao,nao,nao
102651,ativo,tiny-seller,497,669,929,2223,5,11,nao,nao,nao
102652,ativo,no-seller,538,649,0,0,0,0,nao,sim,nao
102653,ativo,no-seller,126,2818,0,0,0,0,nao,nao,nao
102654,ativo,tiny-seller,128,209,2567,6256,8,21,nao,nao,nao
102655,ativo,no-seller,148,402,0,0,0,0,sim,nao,sim
102656,churnado,no-seller,354,2755,0,0,0,0,nao,nao,nao
102657,churnado,no-seller,261,291,0,0,0,0,sim,sim,nao
102658,ativo,no-seller,168,457,0,0,0,0,nao,nao,nao
102659,ativo,no-seller,92,346,0,0,0,0,nao,nao,nao
102660,ativo,no-seller,754,2097,0,0,0,0,nao,nao,nao
102661,ativo,no-seller,291,568,0,0,0,0,nao,nao,nao
102662,ativo,tiny-seller,754,759,1345,4556,6,20,nao,sim,nao
102663,ativo,no-seller,10,43,0,0,0,0,nao,nao,nao
102664,ativo,no-seller,200,252,0,0,0,0,sim,nao,nao
102665,ativo,no-seller,32,329,0,0,0,0,nao,nao,nao
102666,ativo,no-seller,81,83,0,0,0,0,nao,sim,nao
102667,ativo,struggling-seller,361,1692,199,545,1,3,nao,nao,nao
102668,ativo,struggling-seller,424,2165,179,715,1,4,nao,sim,nao
102669,ativo,no-seller,241,287,0,0,0,0,nao,nao,sim
102670,ativo,no-seller,100,180,0,0,0,0,nao,nao,nao
102671,ativo,medium-seller,684,2239,112666,278749,259,581,nao,nao,nao
102672,ativo,no-seller,177,2023,0,0,0,0,sim,nao,sim
102673,ativo,no-seller,243,1133,0,0,0,0,nao,nao,nao
102674,ativo,no-seller,681,2565,0,0,0,0,nao,nao,nao
102675,ativo,no-seller,64,1043,0,0,0,0,nao,nao,nao
102676,ativo,small-seller,422,629,13778,46656,38,129,sim,nao,nao
102677,ativo,no-seller,186,226,0,0,0,0,nao,nao,nao
102678,ativo,struggling-seller,42,147,190,767,1,4,nao,nao,nao
102679,ativo,struggling-seller,313,1077,157,476,1,3,nao,nao,nao
102680,trial,no-seller,298,356,0,0,0,0,nao,nao,nao
102681,ativo,no-seller,397,3001,0,0,0,0,nao,nao,nao
102682,ativo,small-seller,550,1067,7138,26308,15,54,nao,nao,sim
102683,ativo,no-seller,792,1259,0,0,0,0,nao,nao,nao
102684,ativo,struggling-seller,308,565,453,1310,2,6,nao,nao,nao
102685,ativo,struggling-seller,380,1086,155,589,1,4,nao,nao,nao
102686,ativo,no-seller,114,413,0,0,0,0,sim,sim,nao
102687,ativo,no-seller,64,146,0,0,0,0,nao,nao,sim
102688,ativo,medium-seller,453,606,48555,112615,181,407,nao,sim,nao
102689,ativo,no-seller,140,173,0,0,0,0,nao,nao,nao
102690,cancelado,small-seller,726,1966,18567,48235,38,103,nao,nao,nao
102691,ativo,no-seller,761,2660,0,0,0,0,nao,nao,sim
102692,ativo,no-seller,64,334,0,0,0,0,nao,nao,nao
102693,ativo,struggling-seller,302,1969,481,1175,2,5,sim,sim,nao
102694,ativo,medium-seller,45,1889,67845,223704,158,470,nao,nao,nao
102695,ativo,struggling-seller,173,489,201,406,1,2,nao,sim,nao
102696,ativo,no-seller,14,50,0,0,0,0,nao,sim,nao
102697,ativo,struggling-seller,74,421,144,435,1,3,sim,nao,nao
102698,trial,small-seller,223,323,6497,18323,39,101,nao,nao,nao
102699,ativo,medium-seller,96,336,74463,210652,271,739,sim,nao,nao
102700,ativo,small-seller,192,796,4292,12794,17,49,nao,nao,nao
102701,trial,struggling-seller,33,257,196,563,1,3,nao,nao,nao
102702,trial,no-seller,716,1588,0,0,0,0,nao,nao,nao
102703,trial,tiny-seller,122,2479,1281,4454,5,19,nao,sim,nao
102704,ativo,struggling-seller,565,926,417,1169,2,6,nao,nao,nao
102705,ativo,no-seller,48,321,0,0,0,0,nao,nao,nao
102706,ativo,no-seller,70,1539,0,0,0,0,nao,nao,nao
102707,ativo,struggling-seller,621,1600,119,585,1,5,nao,nao,sim
102708,ativo,struggling-seller,363,950,292,545,1,2,sim,nao,nao
102709,trial,struggling-seller,435,1017,220,412,1,2,nao,nao,nao
102710,ativo,struggling-seller,20,612,223,627,2,6,sim,nao,nao
102711,ativo,small-seller,511,3436,8542,24838,41,119,nao,sim,nao
102712,ativo,no-seller,66,367,0,0,0,0,nao,sim,nao
102713,ativo,struggling-seller,410,1393,150,488,1,3,nao,nao,sim
102714,ativo,small-seller,26,93,11334,30533,28,78,sim,sim,nao
102715,ativo,no-seller,207,213,0,0,0,0,nao,nao,nao
102716,ativo,no-seller,14,100,0,0,0,0,nao,nao,nao
102717,churnado,no-seller,122,480,0,0,0,0,nao,nao,nao
102718,ativo,medium-seller,314,1042,37481,158550,96,372,nao,nao,nao
102719,ativo,struggling-seller,103,112,95,417,1,4,nao,nao,nao
102720,ativo,no-seller,94,101,0,0,0,0,nao,nao,nao
102721,ativo,no-seller,87,429,0,0,0,0,sim,nao,nao
102722,ativo,no-seller,126,539,0,0,0,0,sim,nao,nao
102723,ativo,struggling-seller,94,240,0,164,0,1,nao,nao,nao
102724,ativo,struggling-seller,382,2043,403,1259,2,6,sim,nao,nao
102725,ativo,no-seller,257,314,0,0,0,0,nao,sim,nao
102726,ativo,no-seller,470,814,0,0,0,0,sim,nao,nao
102727,ativo,no-seller,382,826,0,0,0,0,nao,nao,nao
102728,ativo,no-seller,25,151,0,0,0,0,nao,nao,nao
102729,ativo,no-seller,322,632,0,0,0,0,nao,nao,nao
102730,ativo,small-seller,279,999,10052,28991,22,65,nao,nao,nao
102731,ativo,no-seller,72,2092,0,0,0,0,nao,nao,nao
102732,ativo,small-seller,219,993,8170,18955,20,50,sim,sim,nao
102733,ativo,no-seller,202,494,0,0,0,0,sim,sim,nao
102734,ativo,tiny-seller,165,2306,3431,7644,8,19,nao,nao,nao
102735,ativo,no-seller,583,1076,0,0,0,0,nao,nao,nao
102736,ativo,no-seller,70,245,0,0,0,0,nao,nao,nao
102737,ativo,small-seller,265,1967,8093,19732,41,91,nao,nao,nao
102738,ativo,no-seller,195,207,0,0,0,0,nao,nao,sim
102739,ativo,no-seller,43,85,0,0,0,0,nao,nao,sim
102740,ativo,no-seller,87,1080,0,0,0,0,nao,nao,nao
102741,ativo,no-seller,100,149,0,0,0,0,nao,nao,nao
102742,ativo,small-seller,68,1752,14261,35552,29,73,nao,nao,nao
102743,ativo,struggling-seller,29,128,387,1105,2,6,nao,nao,nao
102744,ativo,small-seller,594,794,3632,14498,12,46,sim,sim,nao
102745,ativo,struggling-seller,257,452,491,1203,2,5,nao,nao,nao
102746,ativo,struggling-seller,53,82,224,651,1,3,nao,sim,sim
102747,ativo,no-seller,51,82,0,0,0,0,nao,nao,nao
102748,churnado,no-seller,12,688,0,0,0,0,nao,nao,nao
102749,ativo,no-seller,100,131,0,0,0,0,nao,sim,nao
102750,ativo,no-seller,31,106,0,0,0,0,nao,nao,nao
102751,ativo,struggling-seller,20,461,340,668,2,4,nao,nao,nao
102752,ativo,no-seller,53,517,0,0,0,0,nao,nao,nao
102753,ativo,tiny-seller,57,66,3532,8096,11,27,sim,nao,nao
102754,ativo,tiny-seller,148,3120,1892,4884,6,16,nao,nao,nao
102755,ativo,tiny-seller,771,1481,3606,8694,12,29,nao,nao,nao
102756,ativo,no-seller,562,1974,0,0,0,0,nao,nao,nao
102757,cancelado,small-seller,166,222,14461,46269,42,143,nao,nao,nao
102758,ativo,struggling-seller,159,274,333,956,2,6,nao,nao,nao
102759,ativo,struggling-seller,409,891,208,392,1,2,nao,nao,nao
102760,ativo,struggling-seller,284,1416,191,594,2,6,sim,nao,nao
102761,ativo,struggling-seller,12,87,0,178,0,1,nao,nao,nao
102762,ativo,no-seller,36,185,0,0,0,0,sim,nao,nao
102763,ativo,tiny-seller,477,1672,523,1412,3,8,nao,nao,nao
102764,ativo,struggling-seller,78,178,336,1045,2,6,nao,nao,nao
102765,ativo,no-seller,26,73,0,0,0,0,nao,nao,nao
102766,cancelado,struggling-seller,30,122,0,188,0,1,sim,nao,nao
102767,ativo,struggling-seller,47,346,162,525,2,6,nao,nao,nao
102768,ativo,struggling-seller,647,993,92,203,1,2,nao,nao,nao
102769,ativo,no-seller,53,258,0,0,0,0,sim,nao,nao
102770,ativo,no-seller,33,382,0,0,0,0,sim,nao,nao
102771,ativo,no-seller,466,3052,0,0,0,0,nao,nao,nao
102772,ativo,top-seller,130,1161,711829,2070164,1394,4282,nao,nao,nao
102773,ativo,small-seller,567,718,15745,43707,51,146,sim,nao,nao
102774,ativo,struggling-seller,658,900,400,1200,2,6,nao,nao,sim
102775,ativo,no-seller,287,1339,0,0,0,0,sim,nao,nao
102776,ativo,medium-seller,797,1052,71230,239400,149,470,nao,nao,nao
102777,ativo,struggling-seller,33,1320,222,736,1,3,nao,nao,nao
102778,ativo,no-seller,756,3236,0,0,0,0,nao,nao,nao
102779,ativo,struggling-seller,14,228,693,1296,3,6,nao,nao,nao
102780,ativo,no-seller,168,514,0,0,0,0,nao,nao,nao
102781,churnado,no-seller,758,2705,0,0,0,0,sim,nao,nao
102782,trial,no-seller,633,1570,0,0,0,0,nao,nao,sim
102783,ativo,no-seller,352,394,0,0,0,0,nao,nao,nao
102784,trial,small-seller,2,77,12169,34352,40,119,nao,nao,nao
102785,ativo,struggling-seller,42,414,0,206,0,1,nao,nao,nao
102786,ativo,no-seller,675,2015,0,0,0,0,nao,nao,nao
102787,ativo,struggling-seller,173,204,0,227,0,1,nao,nao,nao
102788,ativo,tiny-seller,59,121,785,1929,3,7,nao,nao,nao
102789,ativo,tiny-seller,15,79,1258,4018,4,12,nao,nao,nao
102790,ativo,no-seller,800,3185,0,0,0,0,nao,nao,nao
102791,ativo,struggling-seller,15,117,0,229,0,1,sim,nao,nao
102792,ativo,tiny-seller,65,329,1750,4001,5,12,nao,nao,nao
102793,ativo,tiny-seller,52,93,747,2036,4,10,nao,nao,nao
102794,ativo,tiny-seller,548,2298,969,2067,5,11,nao,nao,nao
102795,ativo,struggling-seller,356,831,81,449,1,5,nao,nao,nao
102796,ativo,struggling-seller,645,808,405,812,2,4,nao,nao,nao
102797,ativo,no-seller,34,813,0,0,0,0,nao,nao,sim
102798,ativo,no-seller,523,660,0,0,0,0,nao,nao,nao
102799,ativo,struggling-seller,412,493,250,728,1,3,nao,nao,nao
102800,trial,tiny-seller,10,40,2802,6164,8,18,nao,nao,nao
102801,ativo,no-seller,73,460,0,0,0,0,nao,nao,nao
102802,ativo,no-seller,206,532,0,0,0,0,sim,nao,sim
102803,ativo,no-seller,767,1913,0,0,0,0,nao,nao,nao
102804,ativo,struggling-seller,543,602,236,708,1,3,nao,nao,nao
102805,ativo,tiny-seller,766,866,1128,3898,5,18,nao,nao,nao
102806,ativo,struggling-seller,135,652,244,500,1,2,nao,nao,nao
102807,ativo,struggling-seller,284,3251,374,1242,2,6,sim,nao,nao
102808,ativo,struggling-seller,61,122,292,829,2,6,nao,nao,nao
102809,ativo,struggling-seller,135,273,236,500,1,2,nao,nao,nao
102810,ativo,no-seller,8,48,0,0,0,0,nao,nao,nao
102811,ativo,no-seller,257,945,0,0,0,0,nao,nao,nao
102812,ativo,struggling-seller,175,362,209,414,1,2,sim,nao,sim
102813,ativo,large-seller,39,54,129782,413571,278,965,nao,nao,nao
102814,ativo,medium-seller,88,120,116387,328621,242,615,sim,nao,sim
102815,ativo,no-seller,771,2247,0,0,0,0,sim,nao,nao
102816,ativo,no-seller,658,840,0,0,0,0,nao,nao,nao
102817,ativo,no-seller,635,1832,0,0,0,0,nao,nao,nao
102818,ativo,no-seller,228,498,0,0,0,0,nao,sim,nao
102819,trial,small-seller,58,644,20839,57228,52,132,nao,sim,nao
102820,ativo,no-seller,528,1023,0,0,0,0,nao,nao,nao
102821,ativo,medium-seller,21,32,105817,331729,246,739,nao,nao,nao
102822,churnado,no-seller,294,2580,0,0,0,0,nao,nao,nao
102823,churnado,no-seller,678,716,0,0,0,0,nao,sim,nao
102824,ativo,no-seller,49,84,0,0,0,0,nao,nao,nao
102825,ativo,tiny-seller,109,2518,3403,7474,9,20,nao,nao,nao
102826,ativo,small-seller,368,2467,7965,24930,34,99,nao,nao,nao
102827,ativo,struggling-seller,312,478,100,309,1,3,nao,nao,nao
102828,ativo,medium-seller,449,3342,95760,274869,250,710,nao,nao,nao
102829,ativo,small-seller,6,106,35678,75933,61,137,sim,nao,nao
102830,cancelado,large-seller,31,116,118167,382554,224,755,nao,nao,nao
102831,trial,struggling-seller,0,1338,193,608,1,3,nao,nao,nao
102832,ativo,struggling-seller,65,96,181,512,1,3,sim,nao,sim
102833,ativo,struggling-seller,101,2835,187,561,1,3,nao,nao,nao
102834,ativo,no-seller,390,1358,0,0,0,0,nao,nao,nao
102835,ativo,no-seller,244,326,0,0,0,0,nao,nao,nao
102836,ativo,no-seller,256,350,0,0,0,0,nao,nao,nao
102837,ativo,struggling-seller,140,260,161,327,1,2,nao,nao,nao
102838,ativo,no-seller,590,1290,0,0,0,0,nao,nao,nao
102839,ativo,small-seller,72,95,21563,49854,52,131,nao,nao,nao
102840,ativo,no-seller,136,333,0,0,0,0,sim,nao,nao
102841,ativo,no-seller,118,270,0,0,0,0,nao,nao,nao
102842,ativo,no-seller,205,460,0,0,0,0,nao,nao,nao
102843,ativo,tiny-seller,485,2773,2779,6400,12,30,nao,nao,nao
102844,ativo,no-seller,125,140,0,0,0,0,nao,nao,nao
102845,ativo,struggling-seller,513,831,273,1053,1,4,nao,nao,nao
102846,ativo,tiny-seller,134,180,1356,4982,6,20,sim,nao,nao
102847,ativo,no-seller,580,1211,0,0,0,0,nao,nao,nao
102848,ativo,no-seller,65,88,0,0,0,0,nao,sim,nao
102849,ativo,no-seller,327,637,0,0,0,0,nao,nao,nao
102850,ativo,no-seller,24,66,0,0,0,0,nao,nao,nao
102851,ativo,medium-seller,18,161,79781,255160,196,614,nao,nao,nao
102852,ativo,large-seller,555,1800,389123,927744,643,1480,nao,nao,nao
102853,ativo,tiny-seller,793,3419,2638,7351,11,30,nao,nao,nao
102854,ativo,tiny-seller,496,1990,1749,7069,6,25,nao,nao,nao
102855,ativo,no-seller,635,1671,0,0,0,0,nao,nao,nao
102856,ativo,no-seller,676,680,0,0,0,0,nao,sim,nao
102857,ativo,tiny-seller,585,976,1124,3199,3,8,sim,nao,nao
102858,ativo,tiny-seller,694,857,1380,3440,8,18,sim,nao,nao
102859,ativo,tiny-seller,67,2002,1764,5073,10,28,nao,nao,nao
102860,ativo,small-seller,598,619,14736,55273,33,112,nao,nao,sim
102861,ativo,no-seller,123,286,0,0,0,0,nao,nao,nao
102862,ativo,struggling-seller,363,559,108,351,1,3,nao,sim,nao
102863,ativo,no-seller,252,2408,0,0,0,0,nao,nao,nao
102864,ativo,struggling-seller,13,135,203,446,1,2,sim,nao,nao
102865,churnado,struggling-seller,92,289,204,675,1,3,nao,sim,nao
102866,ativo,no-seller,580,850,0,0,0,0,nao,nao,nao
102867,ativo,medium-seller,86,1764,30756,78493,93,242,sim,nao,nao
102868,ativo,no-seller,68,165,0,0,0,0,nao,nao,nao
102869,ativo,tiny-seller,47,421,2206,4330,7,15,nao,nao,nao
102870,ativo,no-seller,456,942,0,0,0,0,nao,nao,nao
102871,ativo,small-seller,95,142,4075,11023,20,58,nao,nao,nao
102872,ativo,no-seller,123,710,0,0,0,0,nao,nao,nao
102873,ativo,no-seller,205,239,0,0,0,0,nao,nao,nao
102874,ativo,no-seller,778,1019,0,0,0,0,nao,nao,nao
102875,churnado,tiny-seller,210,293,2002,5923,11,30,nao,nao,nao
102876,ativo,no-seller,369,1859,0,0,0,0,nao,nao,nao
102877,trial,tiny-seller,787,990,1207,3684,5,14,nao,nao,nao
102878,ativo,struggling-seller,245,299,151,811,1,5,nao,nao,nao
102879,ativo,no-seller,62,68,0,0,0,0,sim,nao,nao
102880,trial,tiny-seller,76,331,2211,5415,6,16,nao,nao,nao
102881,ativo,no-seller,330,446,0,0,0,0,nao,nao,nao
102882,ativo,struggling-seller,217,676,549,1713,2,6,nao,nao,nao
102883,ativo,struggling-seller,350,444,0,210,0,1,nao,nao,nao
102884,ativo,no-seller,188,532,0,0,0,0,nao,nao,nao
102885,ativo,small-seller,57,108,20139,49289,49,125,nao,sim,nao
102886,ativo,no-seller,246,1109,0,0,0,0,nao,nao,nao
102887,ativo,no-seller,6,51,0,0,0,0,nao,nao,nao
102888,ativo,struggling-seller,525,3272,236,431,2,4,nao,nao,nao
102889,ativo,no-seller,166,193,0,0,0,0,nao,nao,sim
102890,churnado,struggling-seller,44,280,217,430,1,2,sim,nao,nao
102891,ativo,struggling-seller,660,1779,150,279,1,2,sim,nao,sim
102892,ativo,struggling-seller,15,339,0,204,0,1,nao,sim,nao
102893,ativo,no-seller,5,126,0,0,0,0,nao,nao,nao
102894,ativo,no-seller,187,1971,0,0,0,0,nao,nao,nao
102895,churnado,no-seller,497,1594,0,0,0,0,nao,nao,nao
102896,ativo,no-seller,6,32,0,0,0,0,nao,nao,nao
102897,ativo,no-seller,217,2227,0,0,0,0,nao,nao,nao
102898,ativo,no-seller,522,3396,0,0,0,0,nao,nao,nao
102899,ativo,no-seller,445,567,0,0,0,0,nao,sim,nao
102900,ativo,struggling-seller,11,713,156,299,1,2,sim,nao,nao
102901,ativo,struggling-seller,116,756,235,494,1,2,sim,nao,nao
102902,ativo,no-seller,82,480,0,0,0,0,nao,nao,sim
102903,ativo,no-seller,59,80,0,0,0,0,nao,nao,nao
102904,churnado,tiny-seller,49,126,1820,3781,10,22,nao,nao,nao
102905,ativo,no-seller,24,78,0,0,0,0,nao,nao,nao
102906,ativo,no-seller,10,36,0,0,0,0,sim,nao,sim
102907,ativo,small-seller,11,298,7894,25454,21,67,nao,sim,nao
102908,ativo,struggling-seller,250,411,146,309,2,4,sim,nao,nao
102909,ativo,no-seller,237,2788,0,0,0,0,nao,nao,sim
102910,ativo,no-seller,82,126,0,0,0,0,nao,nao,nao
102911,ativo,no-seller,35,41,0,0,0,0,nao,nao,nao
102912,ativo,no-seller,261,1921,0,0,0,0,sim,nao,nao
102913,ativo,no-seller,40,911,0,0,0,0,nao,nao,sim
102914,ativo,no-seller,279,516,0,0,0,0,nao,nao,sim
102915,ativo,no-seller,276,378,0,0,0,0,nao,nao,nao
102916,ativo,struggling-seller,99,399,413,1206,2,6,nao,sim,nao
102917,cancelado,struggling-seller,127,784,0,264,0,1,sim,nao,nao
102918,ativo,struggling-seller,4,78,218,601,2,5,nao,nao,nao
102919,ativo,medium-seller,312,3023,80808,181289,266,613,nao,nao,nao
102920,ativo,no-seller,181,184,0,0,0,0,nao,nao,nao
102921,ativo,struggling-seller,220,2944,331,1047,2,6,nao,nao,nao
102922,ativo,struggling-seller,293,1552,230,622,2,5,nao,sim,nao
102923,ativo,no-seller,124,125,0,0,0,0,sim,nao,nao
102924,ativo,tiny-seller,3,2137,942,2760,7,19,nao,nao,nao
102925,ativo,no-seller,425,3183,0,0,0,0,nao,nao,nao
102926,ativo,no-seller,93,167,0,0,0,0,nao,nao,nao
102927,ativo,struggling-seller,668,1417,141,384,1,3,nao,nao,nao
102928,ativo,struggling-seller,306,658,253,468,1,2,nao,nao,nao
102929,ativo,struggling-seller,150,238,554,1287,2,5,nao,nao,nao
102930,ativo,tiny-seller,20,59,1372,4409,3,10,nao,nao,nao
102931,ativo,no-seller,100,281,0,0,0,0,nao,sim,nao
102932,ativo,no-seller,243,251,0,0,0,0,nao,nao,nao
102933,ativo,no-seller,26,126,0,0,0,0,nao,nao,nao
102934,ativo,struggling-seller,26,35,366,1143,2,6,sim,nao,nao
102935,ativo,struggling-seller,37,563,233,484,2,4,sim,nao,sim
102936,ativo,small-seller,191,1529,35420,77938,65,147,sim,nao,nao
102937,ativo,no-seller,561,1236,0,0,0,0,nao,nao,nao
102938,ativo,tiny-seller,651,910,1392,4980,6,21,nao,nao,nao
102939,ativo,tiny-seller,69,2635,3415,9081,11,29,nao,nao,nao
102940,ativo,small-seller,623,1238,11281,29558,34,95,nao,nao,nao
102941,ativo,no-seller,111,342,0,0,0,0,nao,nao,nao
102942,ativo,tiny-seller,235,1861,1768,5001,9,25,nao,nao,nao
102943,ativo,no-seller,239,325,0,0,0,0,nao,nao,nao
102944,ativo,no-seller,14,129,0,0,0,0,sim,nao,nao
102945,ativo,no-seller,292,2004,0,0,0,0,nao,nao,nao
102946,ativo,no-seller,62,798,0,0,0,0,nao,nao,nao
102947,ativo,no-seller,40,188,0,0,0,0,nao,nao,nao
102948,ativo,struggling-seller,38,823,354,744,2,4,nao,nao,nao
102949,ativo,no-seller,21,67,0,0,0,0,nao,nao,nao
102950,ativo,no-seller,655,1709,0,0,0,0,sim,nao,nao
102951,ativo,tiny-seller,603,2100,2956,7407,11,27,nao,nao,nao
102952,ativo,no-seller,14,58,0,0,0,0,nao,nao,sim
102953,trial,struggling-seller,350,1519,385,953,2,5,sim,nao,nao
102954,ativo,no-seller,341,1252,0,0,0,0,sim,nao,sim
102955,ativo,no-seller,34,126,0,0,0,0,sim,nao,sim
102956,ativo,no-seller,78,2357,0,0,0,0,sim,nao,nao
102957,ativo,no-seller,97,135,0,0,0,0,nao,nao,nao
102958,ativo,no-seller,293,600,0,0,0,0,sim,nao,sim
102959,ativo,small-seller,125,365,7047,19781,21,56,nao,nao,sim
102960,ativo,no-seller,203,868,0,0,0,0,sim,nao,nao
102961,ativo,no-seller,32,2555,0,0,0,0,nao,nao,nao
102962,churnado,small-seller,468,580,13693,40618,41,131,nao,nao,nao
102963,ativo,tiny-seller,206,1209,1662,5619,5,18,nao,nao,nao
102964,ativo,no-seller,84,2910,0,0,0,0,nao,nao,nao
102965,ativo,struggling-seller,14,269,159,329,2,4,nao,nao,nao
102966,ativo,no-seller,115,118,0,0,0,0,nao,nao,nao
102967,ativo,large-seller,464,1066,386392,858576,608,1464,nao,nao,nao
102968,ativo,tiny-seller,317,330,1694,4803,5,13,nao,nao,nao
102969,churnado,tiny-seller,42,326,1696,4883,6,19,nao,nao,nao
102970,ativo,tiny-seller,16,32,537,1668,3,9,nao,sim,sim
102971,ativo,tiny-seller,354,849,963,2765,3,8,nao,nao,sim
102972,ativo,struggling-seller,19,42,195,617,2,6,nao,nao,nao
102973,ativo,struggling-seller,87,98,207,595,2,6,nao,nao,nao
102974,ativo,no-seller,514,1173,0,0,0,0,nao,sim,nao
102975,ativo,small-seller,260,376,2679,7943,13,39,nao,nao,sim
102976,ativo,small-seller,64,187,12733,43282,24,83,nao,nao,nao
102977,ativo,small-seller,382,608,8926,19718,34,81,nao,nao,nao
102978,ativo,struggling-seller,584,643,324,891,2,5,nao,nao,nao
102979,cancelado,no-seller,288,311,0,0,0,0,nao,nao,nao
102980,trial,no-seller,415,545,0,0,0,0,nao,nao,sim
102981,ativo,no-seller,77,85,0,0,0,0,sim,nao,nao
102982,ativo,top-seller,536,1030,533574,1678806,955,2987,nao,nao,nao
102983,ativo,struggling-seller,77,125,241,607,2,5,sim,nao,nao
102984,ativo,struggling-seller,195,257,193,367,1,2,sim,nao,nao
102985,trial,tiny-seller,688,2137,3140,6405,13,29,nao,nao,sim
102986,churnado,struggling-seller,62,68,181,454,2,5,nao,nao,nao
102987,churnado,no-seller,344,619,0,0,0,0,sim,nao,nao
102988,ativo,struggling-seller,615,1093,245,781,1,3,nao,nao,nao
102989,ativo,medium-seller,231,288,41780,133659,86,251,nao,nao,nao
102990,ativo,no-seller,637,2080,0,0,0,0,nao,nao,sim
102991,ativo,tiny-seller,517,850,1890,5385,5,14,nao,nao,nao
102992,ativo,no-seller,177,413,0,0,0,0,sim,nao,nao
102993,ativo,medium-seller,111,1472,143094,390430,265,732,nao,nao,nao
102994,ativo,tiny-seller,327,1418,3109,7490,9,21,nao,nao,nao
102995,ativo,struggling-seller,92,799,304,871,2,6,nao,nao,nao
102996,ativo,no-seller,7,36,0,0,0,0,nao,nao,nao
102997,ativo,no-seller,41,84,0,0,0,0,nao,nao,nao
102998,ativo,no-seller,139,2810,0,0,0,0,sim,nao,nao
102999,ativo,small-seller,563,1281,8986,20402,45,101,nao,nao,nao
103000,ativo,no-seller,96,173,0,0,0,0,nao,nao,nao
103001,ativo,struggling-seller,25,31,439,1345,2,6,nao,nao,sim
103002,ativo,struggling-seller,760,822,132,396,1,3,nao,nao,sim
103003,ativo,no-seller,75,77,0,0,0,0,nao,nao,nao
103004,ativo,no-seller,520,572,0,0,0,0,nao,nao,nao
103005,ativo,no-seller,798,2082,0,0,0,0,nao,nao,nao
103006,ativo,tiny-seller,1,35,1066,3237,3,9,nao,nao,nao
103007,ativo,no-seller,293,393,0,0,0,0,nao,nao,nao
103008,ativo,no-seller,147,161,0,0,0,0,nao,nao,nao
103009,ativo,no-seller,1,86,0,0,0,0,nao,nao,nao
103010,ativo,struggling-seller,367,1271,175,516,2,6,sim,nao,sim
103011,ativo,struggling-seller,756,922,178,454,2,5,nao,nao,nao
103012,ativo,struggling-seller,327,783,0,265,0,1,nao,nao,nao
103013,trial,no-seller,61,149,0,0,0,0,sim,nao,nao
103014,ativo,small-seller,722,1872,3736,9861,12,32,sim,nao,nao
103015,ativo,no-seller,174,415,0,0,0,0,nao,nao,nao
103016,ativo,struggling-seller,680,3353,423,996,2,5,nao,nao,nao
103017,ativo,no-seller,214,1986,0,0,0,0,nao,nao,nao
103018,ativo,struggling-seller,272,1000,386,903,2,5,nao,nao,nao
103019,ativo,no-seller,91,177,0,0,0,0,nao,nao,nao
103020,churnado,no-seller,530,1819,0,0,0,0,nao,nao,nao
103021,ativo,struggling-seller,587,2929,0,189,0,1,nao,nao,nao
103022,ativo,no-seller,506,1396,0,0,0,0,nao,nao,sim
103023,ativo,small-seller,9,3381,7332,26886,28,108,nao,nao,sim
103024,ativo,no-seller,352,1445,0,0,0,0,nao,nao,nao
103025,ativo,struggling-seller,159,192,99,295,1,3,nao,nao,nao
103026,ativo,tiny-seller,42,154,1676,5394,5,15,nao,nao,nao
103027,ativo,no-seller,492,1396,0,0,0,0,nao,nao,nao
103028,cancelado,struggling-seller,35,41,206,577,1,3,nao,nao,nao
103029,ativo,medium-seller,22,75,77556,210449,147,379,nao,nao,nao
103030,ativo,no-seller,627,2038,0,0,0,0,sim,nao,nao
103031,ativo,no-seller,0,209,0,0,0,0,sim,nao,nao
103032,trial,small-seller,19,119,9627,27362,31,86,nao,nao,nao
103033,ativo,no-seller,24,106,0,0,0,0,sim,nao,nao
103034,ativo,no-seller,549,680,0,0,0,0,nao,nao,nao
103035,ativo,no-seller,536,1164,0,0,0,0,nao,nao,nao
103036,trial,no-seller,224,331,0,0,0,0,sim,nao,nao
103037,ativo,no-seller,218,2276,0,0,0,0,nao,sim,nao
103038,trial,struggling-seller,52,370,116,453,1,4,nao,nao,nao
103039,ativo,no-seller,11,69,0,0,0,0,nao,nao,nao
103040,ativo,no-seller,35,3466,0,0,0,0,nao,sim,nao
103041,ativo,no-seller,96,183,0,0,0,0,nao,nao,nao
103042,ativo,no-seller,37,273,0,0,0,0,nao,sim,nao
103043,ativo,small-seller,387,2112,2851,11230,13,50,nao,nao,sim
103044,ativo,no-seller,6,2208,0,0,0,0,nao,nao,nao
103045,ativo,struggling-seller,261,295,317,974,2,6,nao,nao,nao
103046,ativo,small-seller,151,2074,26197,73573,54,147,nao,nao,sim
103047,ativo,no-seller,703,2705,0,0,0,0,nao,nao,nao
103048,trial,no-seller,354,1058,0,0,0,0,nao,nao,nao
103049,ativo,no-seller,239,682,0,0,0,0,nao,nao,nao
103050,ativo,no-seller,389,488,0,0,0,0,nao,nao,nao
103051,ativo,small-seller,711,2208,4916,13851,19,52,nao,sim,nao
103052,cancelado,no-seller,56,87,0,0,0,0,nao,nao,nao
103053,ativo,no-seller,171,441,0,0,0,0,nao,nao,nao
103054,ativo,no-seller,285,1284,0,0,0,0,nao,nao,nao
103055,ativo,no-seller,176,194,0,0,0,0,nao,nao,nao
103056,ativo,no-seller,77,385,0,0,0,0,nao,nao,nao
103057,churnado,no-seller,695,1514,0,0,0,0,nao,nao,nao
103058,ativo,struggling-seller,158,827,350,1098,2,6,nao,nao,nao
103059,ativo,struggling-seller,340,1827,0,179,0,1,nao,nao,nao
103060,ativo,no-seller,65,200,0,0,0,0,nao,nao,nao
103061,ativo,no-seller,257,548,0,0,0,0,nao,sim,nao
103062,ativo,no-seller,516,1140,0,0,0,0,nao,nao,nao
103063,ativo,small-seller,490,1490,5344,21062,18,68,nao,nao,nao
103064,trial,no-seller,13,30,0,0,0,0,nao,nao,nao
103065,ativo,tiny-seller,694,1694,1263,3368,9,25,nao,nao,nao
103066,ativo,no-seller,143,239,0,0,0,0,nao,nao,nao
103067,ativo,no-seller,470,638,0,0,0,0,nao,nao,nao
103068,ativo,no-seller,274,555,0,0,0,0,sim,nao,nao
103069,ativo,struggling-seller,22,35,212,416,1,2,nao,nao,nao
103070,ativo,no-seller,62,71,0,0,0,0,nao,nao,nao
103071,ativo,no-seller,669,1109,0,0,0,0,nao,nao,nao
103072,ativo,struggling-seller,427,779,173,679,1,4,sim,nao,nao
103073,ativo,no-seller,105,305,0,0,0,0,nao,nao,nao
103074,ativo,no-seller,47,54,0,0,0,0,sim,nao,nao
103075,ativo,small-seller,327,440,12232,30165,27,66,nao,sim,nao
103076,churnado,struggling-seller,40,81,356,879,2,5,nao,nao,nao
103077,churnado,no-seller,710,1809,0,0,0,0,sim,nao,nao
103078,ativo,tiny-seller,170,2015,2286,6887,8,22,nao,sim,nao
103079,ativo,struggling-seller,573,1131,258,769,1,3,nao,nao,nao
103080,ativo,no-seller,261,1475,0,0,0,0,nao,nao,nao
103081,ativo,no-seller,17,32,0,0,0,0,sim,nao,nao
103082,ativo,tiny-seller,52,3438,4285,11454,12,30,nao,nao,nao
103083,ativo,no-seller,760,2695,0,0,0,0,nao,nao,nao
103084,ativo,struggling-seller,110,113,113,310,1,3,nao,nao,nao
103085,ativo,tiny-seller,683,1238,4031,10852,12,30,nao,nao,nao
103086,ativo,struggling-seller,41,93,174,374,1,2,nao,nao,sim
103087,ativo,small-seller,203,405,20364,53300,51,139,nao,sim,nao
103088,ativo,no-seller,407,407,0,0,0,0,nao,nao,nao
103089,ativo,struggling-seller,704,2629,141,393,1,3,sim,nao,nao
103090,churnado,no-seller,237,3313,0,0,0,0,nao,nao,nao
103091,ativo,small-seller,53,97,3894,13276,12,37,nao,sim,nao
103092,ativo,no-seller,402,1834,0,0,0,0,nao,nao,sim
103093,ativo,large-seller,34,175,147742,534331,279,909,nao,nao,nao
103094,ativo,struggling-seller,421,1191,200,555,2,5,nao,sim,nao
103095,ativo,medium-seller,95,484,41384,121381,86,269,sim,sim,nao
103096,ativo,large-seller,187,312,202614,516521,516,1260,sim,nao,nao
103097,ativo,tiny-seller,559,3129,1296,4466,8,25,nao,nao,nao
103098,ativo,no-seller,601,1528,0,0,0,0,nao,nao,nao
103099,ativo,struggling-seller,256,527,255,633,2,5,sim,sim,nao
103100,ativo,no-seller,68,150,0,0,0,0,nao,sim,nao
103101,ativo,no-seller,441,2834,0,0,0,0,nao,nao,nao
103102,ativo,struggling-seller,198,209,76,306,1,4,nao,nao,sim
103103,ativo,struggling-seller,257,3130,182,342,1,2,nao,nao,nao
103104,ativo,no-seller,533,1356,0,0,0,0,nao,nao,nao
103105,ativo,small-seller,260,288,3068,7981,15,36,nao,sim,nao
103106,churnado,no-seller,530,3022,0,0,0,0,nao,nao,nao
103107,ativo,no-seller,27,139,0,0,0,0,nao,nao,sim
103108,ativo,struggling-seller,70,420,186,603,2,6,nao,nao,nao
103109,ativo,no-seller,52,1617,0,0,0,0,nao,nao,nao
103110,ativo,tiny-seller,176,211,1768,4642,12,30,nao,nao,nao
103111,ativo,small-seller,53,93,11526,39396,26,81,nao,nao,nao
103112,ativo,struggling-seller,180,386,0,190,0,1,sim,nao,nao
103113,ativo,medium-seller,500,713,143840,338658,238,545,nao,nao,nao
103114,ativo,struggling-seller,204,2124,117,568,1,5,nao,nao,nao
103115,ativo,struggling-seller,24,36,133,429,1,3,nao,nao,nao
103116,ativo,no-seller,136,202,0,0,0,0,nao,nao,nao
103117,cancelado,medium-seller,481,969,177194,457168,311,725,nao,nao,nao
103118,trial,no-seller,222,247,0,0,0,0,nao,nao,nao
103119,ativo,no-seller,397,488,0,0,0,0,nao,nao,sim
103120,ativo,struggling-seller,636,1212,0,94,0,1,nao,nao,nao
103121,ativo,no-seller,481,1440,0,0,0,0,nao,nao,nao
103122,ativo,no-seller,62,1069,0,0,0,0,nao,nao,nao
103123,ativo,no-seller,403,727,0,0,0,0,sim,sim,nao
103124,ativo,no-seller,354,920,0,0,0,0,nao,nao,nao
103125,churnado,no-seller,115,281,0,0,0,0,nao,nao,nao
103126,ativo,tiny-seller,185,532,2042,5083,9,21,sim,nao,nao
103127,ativo,no-seller,194,1277,0,0,0,0,nao,nao,nao
103128,ativo,no-seller,304,1960,0,0,0,0,sim,nao,nao
103129,ativo,no-seller,286,290,0,0,0,0,nao,nao,nao
103130,ativo,tiny-seller,24,56,2652,8624,7,25,nao,nao,sim
103131,ativo,struggling-seller,606,1007,160,485,1,3,nao,nao,sim
103132,ativo,struggling-seller,297,912,318,875,2,6,nao,nao,sim
103133,ativo,no-seller,432,555,0,0,0,0,sim,nao,nao
103134,ativo,no-seller,299,1950,0,0,0,0,nao,nao,nao
103135,ativo,no-seller,61,72,0,0,0,0,nao,nao,nao
103136,ativo,no-seller,660,707,0,0,0,0,sim,nao,sim
103137,ativo,struggling-seller,213,402,210,498,2,5,nao,nao,sim
103138,ativo,struggling-seller,679,1779,151,379,2,5,nao,nao,nao
103139,ativo,struggling-seller,178,380,337,1019,2,6,nao,sim,nao
103140,ativo,no-seller,240,1515,0,0,0,0,nao,nao,nao
103141,ativo,struggling-seller,217,578,240,697,1,3,sim,nao,nao
103142,ativo,no-seller,488,519,0,0,0,0,sim,nao,nao
103143,ativo,no-seller,87,1682,0,0,0,0,nao,nao,nao
103144,ativo,no-seller,362,380,0,0,0,0,nao,nao,nao
103145,ativo,no-seller,767,1713,0,0,0,0,sim,sim,nao
103146,ativo,no-seller,256,374,0,0,0,0,nao,nao,nao
103147,ativo,no-seller,396,1505,0,0,0,0,nao,nao,nao
103148,ativo,small-seller,228,283,7362,28534,32,124,nao,nao,nao
103149,ativo,tiny-seller,185,216,2942,8152,7,20,nao,nao,nao
103150,ativo,tiny-seller,341,2627,1427,4193,6,19,nao,nao,sim
103151,ativo,no-seller,120,1277,0,0,0,0,nao,sim,nao
103152,ativo,no-seller,56,607,0,0,0,0,nao,nao,nao
103153,ativo,struggling-seller,100,334,592,1099,3,6,nao,nao,nao
103154,ativo,no-seller,62,515,0,0,0,0,nao,nao,nao
103155,ativo,no-seller,23,74,0,0,0,0,nao,nao,nao
103156,ativo,small-seller,281,282,3530,11595,15,54,nao,nao,nao
103157,ativo,no-seller,27,60,0,0,0,0,nao,nao,nao
103158,ativo,no-seller,759,1198,0,0,0,0,nao,sim,nao
103159,ativo,struggling-seller,37,60,231,666,1,3,nao,nao,nao
103160,ativo,struggling-seller,447,2233,89,183,1,2,sim,nao,nao
103161,ativo,no-seller,359,2428,0,0,0,0,nao,nao,nao
103162,ativo,no-seller,317,645,0,0,0,0,nao,nao,nao
103163,ativo,no-seller,77,488,0,0,0,0,nao,nao,nao
103164,ativo,no-seller,361,708,0,0,0,0,nao,sim,nao
103165,churnado,no-seller,158,395,0,0,0,0,nao,nao,nao
103166,ativo,no-seller,1,87,0,0,0,0,nao,sim,sim
103167,ativo,struggling-seller,430,1144,369,731,2,4,nao,nao,nao
103168,ativo,no-seller,112,289,0,0,0,0,nao,nao,nao
103169,ativo,no-seller,122,177,0,0,0,0,nao,nao,nao
103170,ativo,struggling-seller,174,2658,213,555,2,5,nao,nao,nao
103171,ativo,no-seller,3,2553,0,0,0,0,nao,nao,nao
103172,ativo,tiny-seller,437,993,880,2513,4,12,nao,nao,nao
103173,ativo,tiny-seller,237,549,1569,3594,8,19,nao,nao,nao
103174,ativo,no-seller,548,958,0,0,0,0,nao,nao,nao
103175,ativo,small-seller,27,60,4673,18360,17,62,nao,nao,nao
103176,ativo,tiny-seller,635,1664,1345,3205,4,9,nao,nao,sim
103177,ativo,small-seller,6,280,8276,22280,26,71,nao,nao,nao
103178,ativo,struggling-seller,105,2234,115,213,1,2,nao,nao,nao
103179,ativo,small-seller,686,1886,10736,43031,25,100,nao,nao,nao
103180,ativo,tiny-seller,89,111,1957,5365,8,22,nao,nao,nao
103181,trial,struggling-seller,510,760,422,1021,2,5,nao,nao,nao
103182,churnado,small-seller,791,1364,16949,53514,40,125,sim,nao,nao
103183,ativo,no-seller,44,68,0,0,0,0,nao,nao,nao
103184,ativo,struggling-seller,742,2016,108,477,1,4,nao,nao,sim
103185,ativo,no-seller,140,152,0,0,0,0,nao,nao,nao
103186,ativo,struggling-seller,66,108,181,399,1,2,nao,nao,sim
103187,ativo,no-seller,124,371,0,0,0,0,nao,nao,nao
103188,ativo,tiny-seller,341,631,1426,5285,4,14,sim,nao,nao
103189,ativo,no-seller,33,46,0,0,0,0,nao,nao,nao
103190,ativo,small-seller,108,155,10535,29305,43,130,nao,nao,nao
103191,ativo,no-seller,83,191,0,0,0,0,nao,nao,nao
103192,ativo,struggling-seller,492,2383,207,620,2,6,sim,nao,nao
103193,ativo,struggling-seller,43,114,164,621,1,4,sim,sim,nao
103194,churnado,tiny-seller,119,790,2237,5551,7,19,sim,nao,sim
103195,ativo,struggling-seller,21,323,0,203,0,1,nao,nao,sim
103196,ativo,no-seller,638,1688,0,0,0,0,nao,nao,nao
103197,ativo,small-seller,41,1908,15693,52320,46,148,nao,nao,nao
103198,ativo,no-seller,151,314,0,0,0,0,nao,nao,nao
103199,ativo,small-seller,727,893,13099,28982,36,83,sim,nao,nao
103200,ativo,small-seller,427,690,7721,21339,34,94,nao,sim,nao
103201,churnado,struggling-seller,50,90,236,912,1,4,nao,nao,nao
103202,ativo,no-seller,78,404,0,0,0,0,nao,nao,nao
103203,ativo,no-seller,51,98,0,0,0,0,nao,nao,nao
103204,ativo,tiny-seller,598,2889,2549,6367,7,18,nao,nao,nao
103205,ativo,no-seller,792,1512,0,0,0,0,nao,nao,sim
103206,ativo,no-seller,84,2885,0,0,0,0,nao,nao,nao
103207,ativo,no-seller,16,46,0,0,0,0,nao,sim,nao
103208,ativo,medium-seller,512,1151,53115,120060,124,297,sim,nao,nao
103209,ativo,no-seller,496,836,0,0,0,0,nao,nao,nao
103210,ativo,tiny-seller,304,467,2561,6736,7,19,sim,nao,nao
103211,ativo,no-seller,31,128,0,0,0,0,nao,nao,nao
103212,ativo,no-seller,146,725,0,0,0,0,nao,nao,nao
103213,ativo,struggling-seller,704,2837,155,432,1,3,nao,nao,nao
103214,ativo,no-seller,662,2522,0,0,0,0,nao,nao,nao
103215,ativo,no-seller,24,114,0,0,0,0,nao,sim,nao
103216,ativo,no-seller,107,653,0,0,0,0,nao,nao,nao
103217,ativo,no-seller,52,117,0,0,0,0,sim,nao,nao
103218,ativo,no-seller,518,899,0,0,0,0,nao,nao,nao
103219,ativo,tiny-seller,457,673,3613,9433,11,27,nao,nao,nao
103220,cancelado,tiny-seller,412,1469,2199,6359,7,20,nao,nao,sim
103221,ativo,no-seller,795,1287,0,0,0,0,nao,sim,nao
103222,trial,no-seller,13,49,0,0,0,0,nao,nao,nao
103223,ativo,no-seller,745,3188,0,0,0,0,sim,sim,nao
103224,ativo,tiny-seller,54,119,1607,4541,4,11,nao,sim,nao
103225,ativo,small-seller,557,743,11261,35003,48,147,nao,nao,nao
103226,ativo,no-seller,72,385,0,0,0,0,nao,nao,nao
103227,ativo,tiny-seller,134,570,1824,4877,4,11,nao,nao,nao
103228,churnado,no-seller,18,58,0,0,0,0,sim,nao,nao
103229,ativo,struggling-seller,18,2689,194,394,2,4,nao,nao,sim
103230,ativo,no-seller,50,76,0,0,0,0,nao,nao,nao
103231,ativo,no-seller,482,2987,0,0,0,0,nao,sim,nao
103232,ativo,small-seller,592,1491,6188,16793,13,33,nao,nao,nao
103233,cancelado,small-seller,525,566,12406,45747,39,136,sim,nao,nao
103234,ativo,tiny-seller,116,130,4488,11526,10,28,nao,nao,nao
103235,ativo,struggling-seller,411,596,138,434,1,3,nao,nao,nao
103236,ativo,no-seller,368,2031,0,0,0,0,nao,nao,nao
103237,ativo,small-seller,552,691,9771,34404,27,94,sim,nao,sim
103238,ativo,no-seller,512,813,0,0,0,0,sim,nao,nao
103239,ativo,no-seller,215,424,0,0,0,0,nao,sim,sim
103240,ativo,no-seller,204,911,0,0,0,0,nao,nao,nao
103241,trial,small-seller,22,125,19092,53472,44,134,nao,nao,nao
103242,ativo,medium-seller,1,144,33990,124565,56,216,nao,nao,nao
103243,ativo,struggling-seller,5,1271,127,414,1,3,nao,nao,nao
103244,ativo,struggling-seller,11,42,341,913,2,5,nao,nao,nao
103245,ativo,struggling-seller,376,791,204,392,2,4,nao,nao,nao
103246,ativo,struggling-seller,535,2887,202,1014,1,5,sim,nao,nao
103247,ativo,no-seller,40,211,0,0,0,0,nao,nao,nao
103248,ativo,no-seller,111,417,0,0,0,0,sim,nao,nao
103249,ativo,struggling-seller,731,2445,109,325,1,3,nao,nao,nao
103250,trial,no-seller,92,3273,0,0,0,0,nao,nao,nao
103251,ativo,no-seller,9,157,0,0,0,0,sim,nao,nao
103252,ativo,tiny-seller,534,1080,1959,4477,12,27,sim,sim,sim
103253,ativo,struggling-seller,324,1396,235,770,1,3,nao,nao,nao
103254,ativo,no-seller,71,1065,0,0,0,0,nao,nao,nao
103255,ativo,no-seller,223,383,0,0,0,0,sim,nao,nao
103256,ativo,medium-seller,27,59,116955,261296,198,451,nao,nao,nao
103257,ativo,no-seller,400,1182,0,0,0,0,nao,sim,nao
103258,ativo,no-seller,59,142,0,0,0,0,sim,nao,nao
103259,ativo,no-seller,398,441,0,0,0,0,nao,nao,nao
103260,ativo,no-seller,668,3272,0,0,0,0,sim,nao,nao
103261,ativo,struggling-seller,647,1689,0,211,0,1,nao,nao,sim
103262,ativo,tiny-seller,3,176,1337,5260,4,15,nao,nao,nao
103263,ativo,no-seller,308,445,0,0,0,0,nao,sim,nao
103264,ativo,no-seller,247,2960,0,0,0,0,sim,nao,nao
103265,ativo,no-seller,1,201,0,0,0,0,nao,nao,sim
103266,ativo,no-seller,203,285,0,0,0,0,nao,nao,nao
103267,trial,struggling-seller,5,127,201,610,1,3,sim,nao,sim
103268,churnado,struggling-seller,650,872,153,282,1,2,nao,nao,nao
103269,ativo,struggling-seller,626,2413,0,146,0,1,nao,nao,nao
103270,ativo,small-seller,105,112,11199,27297,55,143,nao,nao,nao
103271,ativo,no-seller,716,1180,0,0,0,0,sim,nao,sim
103272,ativo,no-seller,506,1034,0,0,0,0,nao,nao,nao
103273,ativo,no-seller,200,202,0,0,0,0,sim,nao,nao
103274,trial,no-seller,38,45,0,0,0,0,nao,nao,nao
103275,ativo,no-seller,631,909,0,0,0,0,nao,nao,nao
103276,ativo,top-seller,101,104,867441,1993475,1197,2852,nao,nao,nao
103277,ativo,no-seller,186,1107,0,0,0,0,nao,nao,nao
103278,ativo,struggling-seller,432,941,492,1430,2,6,sim,sim,nao
103279,ativo,tiny-seller,16,50,1236,3678,6,19,sim,nao,nao
103280,ativo,no-seller,192,197,0,0,0,0,nao,nao,nao
103281,ativo,tiny-seller,589,1543,1829,5830,5,16,nao,nao,nao
103282,cancelado,no-seller,567,2911,0,0,0,0,nao,nao,sim
103283,trial,top-seller,457,840,424438,1112333,643,1777,nao,sim,nao
103284,ativo,struggling-seller,236,2380,175,455,2,5,sim,nao,nao
103285,trial,no-seller,91,181,0,0,0,0,nao,nao,nao
103286,ativo,small-seller,103,711,15374,46681,36,116,sim,nao,nao
103287,ativo,medium-seller,348,1541,175602,383450,285,678,nao,sim,nao
103288,ativo,no-seller,62,2411,0,0,0,0,nao,nao,nao
103289,ativo,no-seller,8,81,0,0,0,0,nao,nao,nao
103290,cancelado,struggling-seller,112,297,0,180,0,1,sim,nao,nao
103291,ativo,no-seller,275,413,0,0,0,0,nao,nao,nao
103292,ativo,small-seller,46,623,8581,22021,33,92,nao,nao,nao
103293,ativo,tiny-seller,137,2898,1025,4046,7,25,nao,nao,nao
103294,ativo,struggling-seller,23,532,154,287,1,2,nao,nao,nao
103295,ativo,no-seller,228,284,0,0,0,0,nao,nao,nao
103296,ativo,tiny-seller,150,473,1062,3068,4,12,nao,nao,nao
103297,trial,tiny-seller,46,52,1711,5696,6,19,nao,nao,sim
103298,ativo,struggling-seller,245,370,0,164,0,1,nao,sim,nao
103299,ativo,tiny-seller,118,199,1276,3744,6,19,nao,nao,nao
103300,ativo,no-seller,42,427,0,0,0,0,nao,nao,nao
103301,ativo,struggling-seller,64,74,0,95,0,1,nao,sim,nao
103302,ativo,no-seller,72,2221,0,0,0,0,nao,nao,nao
103303,ativo,no-seller,784,1776,0,0,0,0,nao,nao,nao
103304,ativo,tiny-seller,5,81,1580,5957,8,29,nao,nao,nao
103305,ativo,no-seller,187,422,0,0,0,0,nao,nao,nao
103306,ativo,no-seller,116,261,0,0,0,0,nao,nao,sim
103307,ativo,tiny-seller,113,190,3429,11396,8,27,nao,nao,nao
103308,ativo,no-seller,542,1976,0,0,0,0,nao,nao,nao
103309,ativo,struggling-seller,173,262,251,628,2,5,nao,nao,nao
103310,ativo,no-seller,488,982,0,0,0,0,nao,nao,nao
103311,ativo,no-seller,15,51,0,0,0,0,nao,nao,nao
103312,ativo,struggling-seller,16,95,349,953,2,5,sim,nao,nao
103313,ativo,no-seller,107,304,0,0,0,0,sim,nao,nao
103314,ativo,tiny-seller,363,657,1813,5605,6,20,nao,nao,nao
103315,ativo,struggling-seller,456,2128,492,1079,2,4,nao,nao,nao
103316,ativo,no-seller,262,3080,0,0,0,0,nao,sim,nao
103317,ativo,struggling-seller,469,675,106,330,1,3,nao,nao,nao
103318,churnado,small-seller,215,1114,16022,34474,26,61,nao,nao,nao
103319,ativo,no-seller,146,649,0,0,0,0,nao,nao,nao
103320,ativo,struggling-seller,568,2916,262,1206,1,5,nao,nao,nao
103321,ativo,no-seller,313,1148,0,0,0,0,nao,nao,nao
103322,ativo,tiny-seller,201,3361,1590,4366,10,29,nao,nao,nao
103323,ativo,large-seller,66,745,158465,544376,385,1351,nao,sim,nao
103324,ativo,struggling-seller,491,655,382,897,2,5,nao,nao,nao
103325,ativo,no-seller,442,1954,0,0,0,0,nao,nao,nao
103326,ativo,no-seller,92,712,0,0,0,0,nao,nao,nao
103327,ativo,struggling-seller,88,92,162,318,1,2,sim,nao,nao
103328,ativo,medium-seller,28,1037,65672,197409,116,344,nao,nao,nao
103329,ativo,tiny-seller,212,727,3683,11107,10,30,nao,nao,nao
103330,ativo,no-seller,187,191,0,0,0,0,sim,nao,nao
103331,ativo,no-seller,104,486,0,0,0,0,nao,nao,nao
103332,churnado,no-seller,108,150,0,0,0,0,nao,nao,nao
103333,ativo,struggling-seller,719,1124,125,625,1,5,nao,nao,nao
103334,ativo,tiny-seller,446,2123,1148,4942,5,21,nao,nao,nao
103335,ativo,medium-seller,93,359,54013,187798,117,439,nao,sim,sim
103336,ativo,tiny-seller,176,197,1599,5760,4,14,sim,nao,nao
103337,ativo,struggling-seller,7,43,225,741,2,6,nao,sim,nao
103338,ativo,struggling-seller,57,76,182,510,1,3,nao,nao,nao
103339,ativo,tiny-seller,85,1058,1184,2965,3,7,nao,nao,nao
103340,ativo,medium-seller,106,416,141542,307230,289,687,nao,nao,nao
103341,ativo,tiny-seller,71,71,5794,12410,13,29,nao,nao,nao
103342,ativo,small-seller,59,942,25223,56713,61,137,nao,nao,sim
103343,ativo,small-seller,340,2033,4019,14848,21,79,nao,nao,nao
103344,ativo,tiny-seller,345,1521,1880,5113,6,15,sim,nao,sim
103345,ativo,struggling-seller,338,1665,212,668,1,3,nao,nao,nao
103346,ativo,no-seller,266,3190,0,0,0,0,nao,nao,nao
103347,ativo,struggling-seller,22,58,0,101,0,1,nao,nao,sim
103348,ativo,no-seller,681,1346,0,0,0,0,nao,nao,nao
103349,ativo,no-seller,275,361,0,0,0,0,sim,nao,sim
103350,ativo,small-seller,92,169,11040,29821,40,104,sim,nao,sim
103351,ativo,tiny-seller,41,445,2239,6527,10,29,nao,nao,nao
103352,ativo,no-seller,438,653,0,0,0,0,nao,nao,sim
103353,ativo,no-seller,20,76,0,0,0,0,nao,nao,nao
103354,ativo,tiny-seller,2,206,1472,5047,8,27,nao,nao,nao
103355,ativo,small-seller,104,1133,8391,20406,21,52,nao,nao,nao
103356,ativo,struggling-seller,96,124,198,743,1,4,sim,sim,nao
103357,ativo,struggling-seller,407,1392,246,753,2,6,nao,nao,nao
103358,ativo,medium-seller,177,399,122326,280756,315,705,nao,nao,nao
103359,ativo,no-seller,368,2260,0,0,0,0,sim,nao,nao
103360,trial,struggling-seller,28,38,489,1214,2,5,nao,nao,nao
103361,ativo,medium-seller,447,986,134191,347557,224,549,sim,sim,nao
103362,ativo,tiny-seller,731,1990,2192,5287,8,20,nao,nao,sim
103363,ativo,small-seller,650,3240,21769,64002,50,137,nao,nao,nao
103364,ativo,struggling-seller,328,1564,404,1287,2,6,nao,nao,nao
103365,ativo,no-seller,261,362,0,0,0,0,sim,nao,sim
103366,ativo,no-seller,94,139,0,0,0,0,nao,nao,nao
103367,ativo,no-seller,12,56,0,0,0,0,nao,nao,sim
103368,ativo,struggling-seller,353,526,0,211,0,1,nao,nao,nao
103369,trial,struggling-seller,504,1910,182,580,1,3,nao,nao,nao
103370,ativo,tiny-seller,597,738,1634,4003,6,15,nao,sim,nao
103371,ativo,no-seller,38,69,0,0,0,0,nao,nao,nao
103372,ativo,tiny-seller,140,903,3738,11911,9,27,nao,nao,nao
103373,ativo,small-seller,709,3144,15419,52641,34,107,nao,nao,nao
103374,ativo,no-seller,281,474,0,0,0,0,nao,nao,nao
103375,ativo,struggling-seller,12,51,0,138,0,1,sim,nao,sim
103376,ativo,struggling-seller,264,573,0,85,0,1,nao,nao,nao
103377,ativo,no-seller,428,597,0,0,0,0,nao,nao,nao
103378,ativo,medium-seller,542,551,19355,73669,54,210,nao,nao,nao
103379,ativo,struggling-seller,101,511,442,1035,2,5,nao,nao,nao
103380,ativo,struggling-seller,27,62,441,1207,2,5,nao,nao,sim
103381,ativo,no-seller,68,129,0,0,0,0,nao,nao,sim
103382,ativo,no-seller,68,477,0,0,0,0,sim,nao,nao
103383,ativo,no-seller,8,866,0,0,0,0,nao,sim,sim
103384,ativo,struggling-seller,22,31,424,843,3,6,nao,nao,nao
103385,ativo,small-seller,376,494,8689,25159,37,112,nao,nao,nao
103386,ativo,no-seller,227,1158,0,0,0,0,nao,nao,nao
103387,trial,struggling-seller,88,469,426,1414,2,6,nao,sim,nao
103388,ativo,struggling-seller,240,975,446,1221,2,6,nao,nao,nao
103389,ativo,no-seller,508,1980,0,0,0,0,nao,nao,nao
103390,ativo,no-seller,489,2190,0,0,0,0,nao,nao,nao
103391,ativo,small-seller,140,460,8076,28410,34,122,nao,nao,nao
103392,ativo,struggling-seller,175,270,447,1221,2,6,sim,nao,nao
103393,ativo,no-seller,101,1086,0,0,0,0,nao,nao,nao
103394,ativo,no-seller,238,2697,0,0,0,0,nao,nao,nao
103395,cancelado,struggling-seller,549,1773,421,1246,2,6,nao,nao,sim
103396,ativo,no-seller,141,216,0,0,0,0,sim,nao,nao
103397,ativo,no-seller,82,257,0,0,0,0,nao,nao,nao
103398,trial,no-seller,4,54,0,0,0,0,sim,nao,nao
103399,ativo,struggling-seller,27,46,0,126,0,1,nao,nao,nao
103400,churnado,no-seller,30,55,0,0,0,0,nao,nao,nao
103401,ativo,struggling-seller,305,562,381,1128,2,6,nao,nao,nao
103402,ativo,struggling-seller,161,3033,0,161,0,1,nao,nao,sim
103403,ativo,struggling-seller,64,163,0,217,0,1,nao,nao,nao
103404,ativo,no-seller,689,2637,0,0,0,0,nao,nao,nao
103405,churnado,no-seller,688,2387,0,0,0,0,nao,sim,nao
103406,trial,struggling-seller,360,1232,228,421,1,2,nao,nao,sim
103407,ativo,struggling-seller,167,2328,438,1158,2,5,nao,nao,nao
103408,ativo,medium-seller,142,494,74582,222075,154,452,nao,nao,nao
103409,ativo,struggling-seller,219,245,506,956,2,4,nao,nao,nao
103410,ativo,tiny-seller,321,406,1304,4501,8,28,sim,nao,nao
103411,ativo,no-seller,178,322,0,0,0,0,nao,nao,nao
103412,churnado,small-seller,132,136,12355,36193,38,106,nao,nao,nao
103413,ativo,no-seller,98,111,0,0,0,0,nao,nao,nao
103414,ativo,small-seller,526,1192,11427,35699,38,129,nao,nao,nao
103415,ativo,struggling-seller,214,1429,363,1184,2,6,nao,sim,nao
103416,ativo,medium-seller,222,595,84643,247317,237,626,nao,nao,nao
103417,ativo,no-seller,730,2768,0,0,0,0,nao,nao,nao
103418,ativo,no-seller,98,115,0,0,0,0,nao,nao,nao
103419,ativo,no-seller,760,923,0,0,0,0,nao,nao,nao
103420,ativo,struggling-seller,97,286,312,847,2,5,nao,nao,nao
103421,cancelado,small-seller,367,483,15464,50262,46,144,nao,nao,nao
103422,ativo,tiny-seller,505,689,871,2381,4,10,nao,nao,nao
103423,ativo,no-seller,53,60,0,0,0,0,nao,sim,nao
103424,ativo,no-seller,2,88,0,0,0,0,nao,nao,nao
103425,ativo,no-seller,576,887,0,0,0,0,nao,nao,nao
103426,ativo,small-seller,393,506,4636,15635,10,31,nao,nao,nao
103427,ativo,small-seller,213,3339,7241,22025,16,52,nao,nao,nao
103428,ativo,struggling-seller,45,272,0,229,0,1,nao,nao,nao
103429,ativo,no-seller,117,880,0,0,0,0,nao,nao,nao
103430,ativo,struggling-seller,777,3171,346,985,2,6,nao,nao,nao
103431,ativo,small-seller,423,1085,8478,18697,42,98,nao,sim,nao
103432,ativo,top-seller,107,532,562639,1688193,896,2622,sim,sim,nao
103433,ativo,no-seller,787,3438,0,0,0,0,sim,nao,nao
103434,ativo,no-seller,472,1203,0,0,0,0,nao,nao,nao
103435,ativo,no-seller,197,1447,0,0,0,0,nao,nao,nao
103436,churnado,no-seller,0,57,0,0,0,0,nao,nao,sim
103437,ativo,struggling-seller,13,189,474,1110,2,5,nao,nao,nao
103438,ativo,small-seller,3,169,8389,20977,27,72,sim,nao,nao
103439,ativo,no-seller,28,317,0,0,0,0,nao,nao,sim
103440,ativo,no-seller,27,55,0,0,0,0,nao,nao,nao
103441,ativo,no-seller,430,498,0,0,0,0,nao,nao,nao
103442,ativo,struggling-seller,73,83,167,466,1,3,sim,nao,nao
103443,trial,struggling-seller,529,561,180,552,1,3,nao,nao,nao
103444,cancelado,no-seller,128,201,0,0,0,0,nao,nao,sim
103445,ativo,no-seller,66,1286,0,0,0,0,nao,nao,nao
103446,ativo,no-seller,24,90,0,0,0,0,nao,nao,nao
103447,ativo,no-seller,67,1054,0,0,0,0,nao,nao,nao
103448,ativo,no-seller,10,37,0,0,0,0,nao,nao,nao
103449,ativo,no-seller,121,881,0,0,0,0,nao,nao,nao
103450,ativo,struggling-seller,171,1102,471,1496,2,6,nao,nao,sim
103451,ativo,struggling-seller,390,1269,427,1012,2,5,nao,nao,nao
103452,ativo,no-seller,39,202,0,0,0,0,nao,nao,sim
103453,ativo,struggling-seller,20,65,481,903,2,4,nao,nao,nao
103454,ativo,no-seller,436,2451,0,0,0,0,nao,nao,nao
103455,ativo,struggling-seller,284,1981,249,493,1,2,nao,nao,nao
103456,ativo,no-seller,719,1159,0,0,0,0,nao,nao,nao
103457,trial,no-seller,93,150,0,0,0,0,sim,nao,nao
103458,ativo,no-seller,445,729,0,0,0,0,sim,nao,nao
103459,ativo,small-seller,330,422,6305,18671,16,43,sim,nao,nao
103460,ativo,no-seller,137,927,0,0,0,0,nao,nao,nao
103461,ativo,no-seller,591,658,0,0,0,0,nao,nao,nao
103462,ativo,struggling-seller,759,1434,109,319,1,3,nao,nao,nao
103463,ativo,medium-seller,105,2237,52793,169864,126,366,nao,nao,nao
103464,ativo,small-seller,153,1851,13847,34160,48,118,nao,nao,nao
103465,ativo,no-seller,57,150,0,0,0,0,nao,sim,nao
103466,ativo,no-seller,267,283,0,0,0,0,sim,nao,nao
103467,ativo,small-seller,43,49,11121,28073,40,100,nao,nao,nao
103468,ativo,small-seller,741,2966,4904,16066,17,58,sim,nao,nao
103469,ativo,no-seller,69,343,0,0,0,0,nao,nao,sim
103470,ativo,tiny-seller,292,1559,1420,4496,7,21,nao,nao,nao
103471,trial,no-seller,340,1806,0,0,0,0,nao,nao,nao
103472,ativo,top-seller,721,1739,740095,1732848,845,2115,nao,nao,nao
103473,ativo,no-seller,80,89,0,0,0,0,nao,nao,nao
103474,ativo,struggling-seller,210,2289,227,678,1,3,nao,nao,nao
103475,ativo,small-seller,303,446,12303,37419,47,133,sim,nao,nao
103476,ativo,struggling-seller,11,36,147,603,1,4,nao,nao,nao
103477,ativo,no-seller,37,45,0,0,0,0,nao,nao,nao
103478,ativo,struggling-seller,596,696,488,1458,2,6,sim,nao,nao
103479,ativo,tiny-seller,209,2605,2046,6230,10,29,nao,nao,nao
103480,ativo,no-seller,110,150,0,0,0,0,nao,nao,nao
103481,ativo,no-seller,800,2190,0,0,0,0,nao,nao,sim
103482,ativo,struggling-seller,311,593,162,333,1,2,nao,nao,nao
103483,ativo,tiny-seller,33,44,2976,7069,13,30,nao,nao,sim
103484,ativo,struggling-seller,9,85,171,678,1,4,sim,sim,nao
103485,ativo,no-seller,66,168,0,0,0,0,sim,nao,nao
103486,ativo,no-seller,580,715,0,0,0,0,sim,nao,nao
103487,churnado,no-seller,71,2472,0,0,0,0,nao,nao,nao
103488,ativo,no-seller,173,2216,0,0,0,0,sim,nao,sim
103489,ativo,no-seller,1,44,0,0,0,0,nao,nao,nao
103490,ativo,tiny-seller,38,265,1378,3698,6,15,nao,nao,sim
103491,ativo,medium-seller,13,33,61114,151360,227,510,nao,nao,nao
103492,ativo,no-seller,371,2303,0,0,0,0,nao,nao,nao
103493,ativo,no-seller,75,97,0,0,0,0,nao,nao,nao
103494,churnado,tiny-seller,153,1925,1245,4207,5,16,sim,nao,nao
103495,cancelado,medium-seller,142,331,40855,163203,96,356,nao,nao,sim
103496,ativo,struggling-seller,274,1018,315,649,2,4,nao,nao,nao
103497,ativo,tiny-seller,60,998,1003,3279,3,10,nao,nao,nao
103498,trial,struggling-seller,784,2098,96,281,1,3,nao,nao,sim
103499,ativo,no-seller,81,110,0,0,0,0,nao,nao,nao
103500,ativo,struggling-seller,217,443,373,979,2,5,nao,nao,nao
103501,ativo,tiny-seller,344,363,2155,5267,7,17,nao,nao,nao
103502,ativo,no-seller,372,2187,0,0,0,0,nao,nao,nao
103503,churnado,no-seller,18,945,0,0,0,0,nao,nao,nao
103504,ativo,medium-seller,130,432,29100,113177,74,289,sim,nao,nao
103505,ativo,struggling-seller,452,1082,0,90,0,1,nao,nao,nao
103506,ativo,no-seller,53,77,0,0,0,0,nao,nao,sim
103507,ativo,no-seller,47,63,0,0,0,0,nao,sim,nao
103508,churnado,no-seller,35,46,0,0,0,0,nao,nao,nao
103509,ativo,no-seller,625,1495,0,0,0,0,nao,nao,nao
103510,trial,small-seller,556,1538,7092,17637,21,51,nao,nao,nao
103511,cancelado,no-seller,418,505,0,0,0,0,nao,nao,nao
103512,ativo,small-seller,43,57,5404,19777,11,40,sim,nao,nao
103513,ativo,no-seller,44,109,0,0,0,0,nao,nao,nao
103514,ativo,struggling-seller,87,115,100,297,1,3,nao,nao,nao
103515,ativo,no-seller,271,313,0,0,0,0,nao,nao,nao
103516,ativo,tiny-seller,7,300,2305,8344,6,20,nao,nao,nao
103517,ativo,struggling-seller,595,2244,299,624,3,6,nao,nao,nao
103518,ativo,tiny-seller,119,824,1923,4562,7,16,nao,nao,nao
103519,ativo,small-seller,576,934,6872,18084,32,79,nao,nao,nao
103520,cancelado,no-seller,164,399,0,0,0,0,nao,nao,nao
103521,ativo,struggling-seller,10,261,166,645,1,4,nao,sim,nao
103522,ativo,no-seller,0,83,0,0,0,0,sim,nao,nao
103523,ativo,no-seller,169,198,0,0,0,0,nao,nao,sim
103524,ativo,no-seller,197,3444,0,0,0,0,nao,nao,nao
103525,ativo,no-seller,287,455,0,0,0,0,sim,nao,nao
103526,cancelado,no-seller,174,2707,0,0,0,0,sim,nao,nao
103527,ativo,tiny-seller,88,177,2307,5617,7,16,nao,nao,nao
103528,ativo,no-seller,242,394,0,0,0,0,nao,sim,nao
103529,ativo,small-seller,140,216,8419,21390,24,55,nao,sim,nao
103530,churnado,small-seller,38,602,13218,39296,43,127,nao,nao,nao
103531,ativo,no-seller,444,1543,0,0,0,0,nao,sim,nao
103532,ativo,struggling-seller,34,144,154,307,1,2,nao,nao,nao
103533,ativo,no-seller,297,410,0,0,0,0,nao,nao,nao
103534,churnado,struggling-seller,29,78,275,850,2,6,nao,nao,nao
103535,ativo,no-seller,90,2776,0,0,0,0,nao,nao,nao
103536,ativo,no-seller,242,264,0,0,0,0,nao,nao,sim
103537,ativo,no-seller,483,3430,0,0,0,0,sim,nao,nao
103538,ativo,no-seller,15,299,0,0,0,0,nao,sim,nao
103539,ativo,struggling-seller,454,1098,465,1078,2,5,nao,nao,nao
103540,ativo,struggling-seller,146,222,126,417,1,3,sim,nao,nao
103541,ativo,struggling-seller,81,302,221,481,1,2,nao,sim,nao
103542,ativo,no-seller,26,245,0,0,0,0,nao,nao,nao
103543,cancelado,no-seller,145,423,0,0,0,0,nao,nao,nao
103544,ativo,tiny-seller,569,692,2298,5248,8,20,nao,nao,nao
103545,ativo,struggling-seller,291,402,181,461,2,5,nao,nao,nao
103546,ativo,tiny-seller,43,417,1799,4812,9,23,nao,nao,sim
103547,churnado,small-seller,196,613,9169,30978,27,87,nao,nao,nao
103548,ativo,struggling-seller,61,117,258,590,2,5,nao,nao,nao
103549,ativo,no-seller,520,1973,0,0,0,0,nao,nao,sim
103550,ativo,no-seller,447,935,0,0,0,0,nao,nao,nao
103551,ativo,no-seller,61,274,0,0,0,0,sim,nao,nao
103552,ativo,struggling-seller,3,2640,241,930,1,4,nao,nao,nao
103553,ativo,no-seller,382,2853,0,0,0,0,nao,nao,nao
103554,ativo,no-seller,9,112,0,0,0,0,nao,nao,nao
103555,ativo,tiny-seller,403,1657,524,2065,2,8,sim,sim,nao
103556,ativo,no-seller,690,2304,0,0,0,0,nao,nao,nao
103557,ativo,no-seller,10,39,0,0,0,0,nao,nao,nao
103558,ativo,struggling-seller,300,606,114,235,1,2,nao,sim,nao
103559,ativo,top-seller,190,420,571401,1656682,758,2297,nao,nao,nao
103560,ativo,no-seller,163,510,0,0,0,0,nao,sim,nao
103561,ativo,no-seller,313,3281,0,0,0,0,nao,nao,nao
103562,ativo,no-seller,246,2549,0,0,0,0,nao,nao,nao
103563,ativo,struggling-seller,22,876,360,863,2,5,nao,nao,nao
103564,ativo,no-seller,102,140,0,0,0,0,nao,nao,nao
103565,ativo,small-seller,41,57,7677,27587,15,57,nao,nao,nao
103566,ativo,no-seller,369,553,0,0,0,0,nao,nao,nao
103567,ativo,struggling-seller,76,101,335,739,2,4,nao,nao,nao
103568,ativo,struggling-seller,704,933,209,680,1,3,nao,nao,nao
103569,ativo,no-seller,597,597,0,0,0,0,nao,nao,nao
103570,ativo,no-seller,80,747,0,0,0,0,nao,nao,nao
103571,ativo,struggling-seller,638,1446,173,543,1,3,nao,nao,nao
103572,ativo,no-seller,332,498,0,0,0,0,sim,nao,nao
103573,ativo,medium-seller,251,2253,39043,134201,82,277,nao,nao,nao
103574,ativo,struggling-seller,547,1012,180,680,1,4,nao,nao,nao
103575,churnado,tiny-seller,489,2755,2918,10785,8,29,nao,nao,nao
103576,ativo,no-seller,119,396,0,0,0,0,nao,nao,nao
103577,ativo,no-seller,12,34,0,0,0,0,sim,nao,nao
103578,ativo,struggling-seller,13,426,221,580,2,5,nao,nao,nao
103579,ativo,no-seller,13,83,0,0,0,0,nao,nao,sim
103580,ativo,no-seller,22,67,0,0,0,0,nao,nao,nao
103581,ativo,no-seller,1,34,0,0,0,0,nao,nao,nao
103582,ativo,tiny-seller,147,277,1860,6838,8,27,nao,nao,nao
103583,churnado,small-seller,40,95,10199,35847,30,112,nao,nao,nao
103584,ativo,struggling-seller,61,150,118,245,1,2,nao,nao,nao
103585,ativo,struggling-seller,93,132,0,231,0,1,nao,nao,nao
103586,ativo,no-seller,378,3490,0,0,0,0,nao,nao,nao
103587,ativo,no-seller,63,1059,0,0,0,0,nao,nao,nao
103588,churnado,no-seller,66,131,0,0,0,0,nao,sim,nao
103589,churnado,tiny-seller,722,910,1906,4573,9,23,nao,nao,nao
103590,ativo,medium-seller,432,1095,31348,75483,60,153,nao,nao,nao
103591,ativo,no-seller,22,221,0,0,0,0,nao,nao,sim
103592,ativo,struggling-seller,685,3144,71,237,1,3,nao,nao,sim
103593,churnado,struggling-seller,465,1583,192,364,1,2,nao,nao,nao
103594,ativo,no-seller,8,276,0,0,0,0,sim,nao,nao
103595,ativo,no-seller,48,776,0,0,0,0,nao,nao,nao
103596,ativo,no-seller,6,143,0,0,0,0,nao,nao,nao
103597,ativo,struggling-seller,763,2904,237,568,2,5,nao,nao,nao
103598,ativo,no-seller,750,1731,0,0,0,0,nao,nao,nao
103599,cancelado,no-seller,148,190,0,0,0,0,nao,nao,sim
103600,ativo,no-seller,520,679,0,0,0,0,nao,nao,nao
103601,ativo,tiny-seller,15,653,1771,6617,7,28,nao,nao,nao
103602,ativo,struggling-seller,535,1558,159,496,1,3,nao,nao,sim
103603,ativo,no-seller,68,80,0,0,0,0,nao,nao,nao
103604,ativo,no-seller,565,1719,0,0,0,0,nao,nao,sim
103605,ativo,medium-seller,46,2536,62282,198219,135,409,nao,nao,nao
103606,ativo,no-seller,203,249,0,0,0,0,nao,nao,nao
103607,ativo,no-seller,61,81,0,0,0,0,sim,nao,nao
103608,ativo,no-seller,50,136,0,0,0,0,nao,nao,nao
103609,ativo,struggling-seller,633,1391,236,774,2,6,sim,nao,nao
103610,ativo,no-seller,12,338,0,0,0,0,nao,sim,nao
103611,ativo,tiny-seller,0,35,371,1562,2,9,nao,sim,nao
103612,ativo,struggling-seller,9,215,141,643,1,5,nao,nao,nao
103613,ativo,no-seller,25,52,0,0,0,0,sim,nao,nao
103614,ativo,no-seller,633,658,0,0,0,0,sim,nao,nao
103615,ativo,no-seller,26,1790,0,0,0,0,nao,nao,nao
103616,churnado,struggling-seller,6,51,193,565,2,6,nao,nao,nao
103617,ativo,tiny-seller,160,174,1558,4981,6,21,nao,nao,nao
103618,ativo,struggling-seller,494,1428,225,599,2,5,nao,sim,nao
103619,ativo,no-seller,16,504,0,0,0,0,sim,nao,nao
103620,ativo,no-seller,103,472,0,0,0,0,nao,nao,nao
103621,ativo,struggling-seller,215,2933,174,449,2,5,sim,nao,nao
103622,cancelado,medium-seller,29,1164,180132,445727,317,708,nao,nao,nao
103623,ativo,no-seller,514,1585,0,0,0,0,sim,nao,nao
103624,ativo,medium-seller,797,1148,75543,230765,223,626,nao,nao,nao
103625,ativo,no-seller,94,181,0,0,0,0,sim,nao,nao
103626,ativo,tiny-seller,37,481,480,1218,3,7,nao,nao,nao
103627,ativo,no-seller,196,760,0,0,0,0,nao,nao,nao
103628,ativo,no-seller,551,2709,0,0,0,0,nao,nao,nao
103629,ativo,tiny-seller,146,170,1813,5104,6,18,sim,nao,sim
103630,ativo,struggling-seller,695,3117,435,830,2,4,sim,sim,nao
103631,ativo,no-seller,428,1308,0,0,0,0,sim,sim,nao
103632,ativo,medium-seller,117,307,73777,176686,149,386,nao,nao,nao
103633,ativo,no-seller,746,1317,0,0,0,0,nao,sim,nao
103634,ativo,no-seller,547,2753,0,0,0,0,sim,nao,nao
103635,ativo,small-seller,145,222,10130,21127,25,57,nao,nao,nao
103636,ativo,no-seller,198,431,0,0,0,0,sim,nao,nao
103637,ativo,no-seller,255,401,0,0,0,0,nao,nao,nao
103638,ativo,no-seller,123,253,0,0,0,0,sim,nao,nao
103639,ativo,no-seller,86,424,0,0,0,0,nao,nao,nao
103640,ativo,struggling-seller,17,116,343,677,2,4,nao,nao,nao
103641,trial,tiny-seller,760,927,2318,5776,6,15,nao,nao,nao
103642,ativo,no-seller,13,65,0,0,0,0,nao,nao,nao
103643,ativo,no-seller,29,996,0,0,0,0,nao,nao,sim
103644,trial,tiny-seller,349,459,1960,5845,6,17,sim,nao,nao
103645,ativo,no-seller,553,873,0,0,0,0,sim,nao,nao
103646,ativo,no-seller,205,236,0,0,0,0,nao,nao,nao
103647,trial,no-seller,127,335,0,0,0,0,nao,nao,nao
103648,ativo,no-seller,101,1797,0,0,0,0,sim,nao,nao
103649,ativo,no-seller,473,1116,0,0,0,0,nao,nao,nao
103650,ativo,struggling-seller,518,1934,251,758,2,6,sim,nao,nao
103651,ativo,no-seller,346,1014,0,0,0,0,nao,nao,sim
103652,ativo,struggling-seller,124,230,546,1339,2,5,sim,nao,sim
103653,ativo,tiny-seller,782,868,2625,6065,8,19,nao,nao,nao
103654,ativo,no-seller,327,2304,0,0,0,0,nao,nao,sim
103655,trial,no-seller,26,790,0,0,0,0,nao,nao,nao
103656,ativo,no-seller,0,1223,0,0,0,0,sim,nao,nao
103657,ativo,medium-seller,753,2200,88069,283853,218,641,nao,sim,nao
103658,ativo,no-seller,111,125,0,0,0,0,nao,nao,nao
103659,ativo,no-seller,89,217,0,0,0,0,nao,nao,nao
103660,cancelado,no-seller,8,31,0,0,0,0,nao,nao,nao
103661,ativo,struggling-seller,79,261,396,1170,2,6,nao,nao,nao
103662,ativo,struggling-seller,45,316,0,184,0,1,nao,nao,nao
103663,ativo,struggling-seller,99,1853,163,321,2,4,sim,nao,nao
103664,ativo,medium-seller,624,2277,103165,232911,197,455,nao,sim,nao
103665,ativo,struggling-seller,575,1811,496,1302,2,5,nao,nao,nao
103666,ativo,small-seller,407,622,10844,32114,28,75,nao,sim,nao
103667,ativo,tiny-seller,673,3098,3792,8411,12,28,nao,nao,sim
103668,ativo,no-seller,746,1865,0,0,0,0,sim,sim,nao
103669,ativo,no-seller,39,161,0,0,0,0,nao,nao,nao
103670,cancelado,no-seller,38,546,0,0,0,0,sim,nao,nao
103671,ativo,no-seller,459,2450,0,0,0,0,nao,nao,nao
103672,ativo,struggling-seller,242,328,603,1107,3,6,nao,nao,nao
103673,ativo,no-seller,690,911,0,0,0,0,sim,nao,nao
103674,ativo,struggling-seller,41,260,155,389,2,5,nao,nao,nao
103675,ativo,large-seller,768,1601,151642,426659,331,942,nao,nao,nao
103676,ativo,no-seller,256,365,0,0,0,0,nao,nao,nao
103677,ativo,struggling-seller,5,88,0,83,0,1,nao,nao,nao
103678,ativo,no-seller,30,236,0,0,0,0,nao,nao,sim
103679,ativo,no-seller,493,1549,0,0,0,0,sim,nao,nao
103680,ativo,no-seller,50,83,0,0,0,0,nao,nao,nao
103681,ativo,no-seller,333,907,0,0,0,0,nao,nao,nao
103682,churnado,struggling-seller,165,194,104,226,1,2,nao,nao,nao
103683,ativo,tiny-seller,135,357,1276,3353,9,24,nao,nao,nao
103684,churnado,no-seller,529,539,0,0,0,0,nao,nao,nao
103685,ativo,struggling-seller,67,75,311,910,2,6,nao,nao,sim
103686,ativo,tiny-seller,655,1397,406,1533,2,7,nao,nao,nao
103687,ativo,no-seller,226,339,0,0,0,0,nao,nao,nao
103688,ativo,struggling-seller,46,416,76,159,1,2,sim,nao,nao
103689,ativo,struggling-seller,45,130,245,668,1,3,nao,nao,nao
103690,ativo,small-seller,32,232,14108,34825,42,96,nao,sim,nao
103691,ativo,tiny-seller,151,370,1407,3176,7,15,nao,nao,nao
103692,ativo,struggling-seller,507,699,0,227,0,1,nao,sim,nao
103693,ativo,no-seller,44,600,0,0,0,0,nao,nao,nao
103694,ativo,no-seller,48,54,0,0,0,0,sim,nao,nao
103695,ativo,no-seller,262,2293,0,0,0,0,sim,nao,nao
103696,ativo,tiny-seller,103,185,1318,3697,3,9,sim,nao,nao
103697,ativo,no-seller,680,740,0,0,0,0,nao,nao,nao
103698,ativo,struggling-seller,64,821,416,1146,2,5,nao,nao,nao
103699,churnado,tiny-seller,537,2021,730,2579,2,7,nao,sim,nao
103700,ativo,no-seller,401,1140,0,0,0,0,nao,nao,nao
103701,ativo,medium-seller,25,47,64545,242021,137,481,nao,sim,nao
103702,ativo,struggling-seller,439,2216,296,698,2,5,nao,nao,nao
103703,ativo,tiny-seller,111,700,704,2090,4,11,nao,nao,nao
103704,ativo,struggling-seller,61,129,0,104,0,1,nao,nao,nao
103705,ativo,struggling-seller,580,1988,0,210,0,1,nao,nao,nao
103706,ativo,struggling-seller,292,1750,0,263,0,1,nao,nao,sim
103707,ativo,struggling-seller,121,377,90,394,1,4,nao,nao,nao
103708,ativo,no-seller,240,277,0,0,0,0,nao,nao,nao
103709,ativo,no-seller,242,252,0,0,0,0,nao,sim,nao
103710,ativo,no-seller,542,3400,0,0,0,0,nao,nao,nao
103711,ativo,struggling-seller,180,2731,239,662,2,6,nao,sim,nao
103712,ativo,no-seller,39,66,0,0,0,0,nao,nao,nao
103713,ativo,tiny-seller,345,370,730,2600,2,7,sim,nao,nao
103714,ativo,medium-seller,90,227,76843,200370,124,352,nao,nao,nao
103715,ativo,struggling-seller,16,302,468,1082,2,5,sim,nao,nao
103716,ativo,no-seller,26,31,0,0,0,0,nao,sim,nao
103717,ativo,struggling-seller,174,249,122,475,1,4,nao,sim,nao
103718,ativo,no-seller,469,2003,0,0,0,0,nao,nao,nao
103719,ativo,no-seller,87,100,0,0,0,0,nao,nao,nao
103720,ativo,struggling-seller,763,1727,155,474,2,6,nao,nao,sim
103721,ativo,struggling-seller,12,213,425,881,3,6,nao,nao,sim
103722,ativo,tiny-seller,143,1379,2090,4933,9,20,sim,nao,nao
103723,ativo,tiny-seller,4,49,2249,6992,5,17,sim,nao,nao
103724,ativo,struggling-seller,282,1583,143,729,1,5,nao,nao,nao
103725,ativo,no-seller,40,640,0,0,0,0,nao,nao,nao
103726,ativo,tiny-seller,197,240,771,1989,3,7,nao,nao,nao
103727,ativo,tiny-seller,10,59,1559,4551,11,29,nao,nao,nao
103728,ativo,no-seller,343,495,0,0,0,0,nao,nao,nao
103729,trial,no-seller,222,1666,0,0,0,0,sim,nao,nao
103730,ativo,no-seller,394,415,0,0,0,0,nao,nao,nao
103731,ativo,no-seller,353,635,0,0,0,0,nao,nao,sim
103732,ativo,no-seller,58,101,0,0,0,0,nao,nao,sim
103733,ativo,struggling-seller,42,90,0,91,0,1,sim,nao,nao
103734,ativo,no-seller,714,958,0,0,0,0,nao,nao,nao
103735,ativo,tiny-seller,12,46,1650,4962,7,22,sim,nao,nao
103736,ativo,tiny-seller,438,1415,2463,5489,12,28,nao,nao,sim
103737,ativo,medium-seller,722,2887,84513,238410,145,426,nao,nao,nao
103738,ativo,struggling-seller,458,621,198,570,1,3,nao,nao,nao
103739,ativo,no-seller,443,661,0,0,0,0,nao,nao,nao
103740,ativo,struggling-seller,38,2305,105,302,1,3,nao,nao,nao
103741,ativo,no-seller,11,600,0,0,0,0,nao,nao,nao
103742,ativo,no-seller,228,883,0,0,0,0,nao,sim,nao
103743,ativo,no-seller,363,1531,0,0,0,0,nao,nao,nao
103744,ativo,tiny-seller,363,366,677,2773,5,19,nao,nao,sim
103745,ativo,small-seller,300,421,15032,40145,34,85,nao,nao,nao
103746,ativo,no-seller,396,410,0,0,0,0,nao,nao,nao
103747,ativo,struggling-seller,354,1017,0,140,0,1,sim,nao,sim
103748,ativo,struggling-seller,40,49,252,639,2,5,nao,nao,nao
103749,ativo,tiny-seller,267,2044,1508,3307,6,13,sim,sim,nao
103750,ativo,small-seller,107,264,6938,15833,35,83,nao,nao,nao
103751,ativo,no-seller,683,1197,0,0,0,0,nao,nao,nao
103752,ativo,small-seller,107,1405,11548,30455,26,73,nao,nao,nao
103753,ativo,no-seller,109,241,0,0,0,0,nao,nao,nao
103754,churnado,tiny-seller,332,1587,722,2157,3,9,sim,nao,sim
103755,ativo,no-seller,91,566,0,0,0,0,nao,sim,nao
103756,ativo,tiny-seller,245,589,2036,5055,6,15,nao,sim,nao
103757,ativo,no-seller,266,2316,0,0,0,0,nao,nao,sim
103758,ativo,struggling-seller,723,1441,219,890,1,4,sim,nao,nao
103759,ativo,no-seller,19,1339,0,0,0,0,nao,nao,nao
103760,ativo,no-seller,598,1324,0,0,0,0,sim,sim,nao
103761,ativo,struggling-seller,256,1803,399,990,2,5,sim,nao,nao
103762,ativo,tiny-seller,130,256,1651,5284,4,14,sim,nao,nao
103763,ativo,no-seller,200,258,0,0,0,0,nao,sim,nao
103764,ativo,no-seller,13,769,0,0,0,0,sim,nao,nao
103765,ativo,small-seller,103,304,5520,13428,28,68,nao,nao,nao
103766,ativo,no-seller,218,355,0,0,0,0,nao,nao,nao
103767,ativo,no-seller,189,264,0,0,0,0,nao,nao,nao
103768,ativo,struggling-seller,21,287,403,1117,2,6,nao,nao,nao
103769,ativo,tiny-seller,263,637,1421,3638,6,16,nao,sim,nao
103770,ativo,no-seller,307,510,0,0,0,0,nao,sim,sim
103771,ativo,struggling-seller,435,574,0,105,0,1,sim,nao,nao
103772,ativo,no-seller,22,221,0,0,0,0,nao,nao,nao
103773,ativo,no-seller,314,564,0,0,0,0,sim,nao,nao
103774,ativo,no-seller,46,2044,0,0,0,0,nao,nao,nao
103775,ativo,struggling-seller,32,56,316,590,2,4,nao,nao,nao
103776,ativo,no-seller,111,483,0,0,0,0,nao,sim,nao
103777,ativo,no-seller,782,3441,0,0,0,0,nao,nao,nao
103778,ativo,no-seller,32,416,0,0,0,0,nao,nao,nao
103779,ativo,no-seller,668,1225,0,0,0,0,nao,nao,nao
103780,ativo,no-seller,185,477,0,0,0,0,nao,nao,sim
103781,ativo,no-seller,30,2590,0,0,0,0,sim,nao,nao
103782,ativo,no-seller,61,2466,0,0,0,0,sim,nao,nao
103783,ativo,struggling-seller,84,154,367,949,2,5,sim,nao,nao
103784,ativo,no-seller,98,307,0,0,0,0,nao,nao,sim
103785,ativo,struggling-seller,104,123,194,623,1,3,nao,nao,nao
103786,ativo,no-seller,126,257,0,0,0,0,nao,nao,nao
103787,ativo,struggling-seller,173,946,234,436,1,2,nao,nao,nao
103788,ativo,medium-seller,35,62,114810,347972,199,630,nao,nao,sim
103789,ativo,tiny-seller,277,624,3789,9209,11,27,nao,nao,nao
103790,ativo,no-seller,787,2456,0,0,0,0,nao,nao,nao
103791,ativo,no-seller,642,642,0,0,0,0,nao,nao,nao
103792,ativo,struggling-seller,130,391,235,649,2,6,sim,nao,nao
103793,ativo,no-seller,216,1419,0,0,0,0,nao,nao,sim
103794,ativo,struggling-seller,74,150,0,194,0,1,sim,nao,nao
103795,ativo,struggling-seller,658,1333,297,868,2,6,nao,nao,nao
103796,churnado,small-seller,21,430,10761,38818,33,118,nao,nao,nao
103797,cancelado,struggling-seller,1,56,277,644,2,5,nao,nao,nao
103798,ativo,large-seller,67,2141,282054,841977,445,1321,nao,nao,nao
103799,ativo,no-seller,400,1711,0,0,0,0,nao,nao,nao
103800,ativo,no-seller,89,246,0,0,0,0,nao,sim,nao
103801,ativo,no-seller,765,2643,0,0,0,0,nao,nao,nao
103802,ativo,no-seller,714,2927,0,0,0,0,nao,nao,nao
103803,ativo,struggling-seller,366,1096,420,1005,2,5,nao,nao,sim
103804,ativo,tiny-seller,78,166,3026,7196,8,18,nao,nao,nao
103805,ativo,medium-seller,158,265,133941,419657,253,744,sim,sim,nao
103806,ativo,no-seller,594,2217,0,0,0,0,nao,nao,nao
103807,ativo,no-seller,272,1942,0,0,0,0,nao,nao,nao
103808,ativo,no-seller,339,443,0,0,0,0,nao,nao,sim
103809,ativo,no-seller,121,539,0,0,0,0,sim,nao,nao
103810,ativo,struggling-seller,41,595,0,162,0,1,nao,nao,sim
103811,ativo,no-seller,15,45,0,0,0,0,sim,nao,nao
103812,trial,medium-seller,713,1151,67770,244187,125,427,sim,nao,nao
103813,ativo,struggling-seller,44,85,205,562,1,3,nao,nao,nao
103814,ativo,struggling-seller,68,859,177,324,1,2,nao,nao,nao
103815,trial,struggling-seller,4,42,259,1010,1,4,nao,nao,nao
103816,ativo,no-seller,155,214,0,0,0,0,nao,nao,sim
103817,ativo,no-seller,25,91,0,0,0,0,nao,nao,nao
103818,ativo,no-seller,88,135,0,0,0,0,nao,nao,nao
103819,ativo,top-seller,575,698,887714,2644344,1379,4150,nao,nao,nao
103820,ativo,no-seller,166,1378,0,0,0,0,nao,sim,nao
103821,ativo,small-seller,688,1503,16184,43678,46,131,sim,nao,nao
103822,ativo,struggling-seller,694,933,102,322,1,3,nao,nao,nao
103823,trial,top-seller,543,617,1164838,2944888,1452,3905,nao,nao,sim
103824,ativo,no-seller,6,70,0,0,0,0,nao,nao,nao
103825,ativo,struggling-seller,210,628,161,465,2,6,sim,nao,nao
103826,ativo,struggling-seller,181,190,106,396,1,4,nao,nao,nao
103827,ativo,small-seller,18,33,13182,52164,31,117,nao,nao,nao
103828,ativo,struggling-seller,456,745,0,84,0,1,sim,nao,nao
103829,churnado,no-seller,38,1468,0,0,0,0,nao,nao,nao
103830,ativo,struggling-seller,134,1835,0,161,0,1,sim,nao,nao
103831,trial,no-seller,390,790,0,0,0,0,nao,nao,nao
103832,ativo,small-seller,140,141,11932,29855,53,124,nao,nao,nao
103833,ativo,no-seller,524,3284,0,0,0,0,nao,nao,nao
103834,ativo,no-seller,7,897,0,0,0,0,nao,nao,nao
103835,ativo,struggling-seller,29,63,194,419,2,4,sim,nao,nao
103836,ativo,small-seller,586,1422,9025,20696,43,96,nao,nao,nao
103837,ativo,no-seller,141,150,0,0,0,0,nao,nao,nao
103838,ativo,struggling-seller,61,752,209,609,2,6,nao,nao,nao
103839,ativo,no-seller,250,1486,0,0,0,0,sim,nao,nao
103840,ativo,struggling-seller,55,176,0,215,0,1,sim,nao,nao
103841,ativo,small-seller,23,42,11119,32267,24,73,nao,nao,nao
103842,ativo,struggling-seller,460,3116,331,637,3,6,nao,nao,nao
103843,ativo,no-seller,111,394,0,0,0,0,nao,nao,nao
103844,ativo,small-seller,289,904,16132,36463,39,94,nao,nao,nao
103845,ativo,medium-seller,291,342,66731,183245,126,379,sim,nao,nao
103846,ativo,struggling-seller,157,260,157,680,1,4,nao,nao,nao
103847,ativo,no-seller,30,150,0,0,0,0,nao,nao,nao
103848,ativo,no-seller,53,253,0,0,0,0,nao,nao,nao
103849,ativo,struggling-seller,292,1325,433,863,3,6,sim,nao,nao
103850,ativo,small-seller,509,1873,6170,21100,30,98,nao,nao,nao
103851,ativo,no-seller,19,54,0,0,0,0,nao,nao,nao
103852,ativo,no-seller,416,640,0,0,0,0,sim,nao,nao
103853,ativo,no-seller,474,1902,0,0,0,0,nao,nao,nao
103854,ativo,no-seller,30,97,0,0,0,0,nao,nao,nao
103855,ativo,struggling-seller,532,1771,0,139,0,1,nao,nao,nao
103856,trial,no-seller,62,1653,0,0,0,0,nao,nao,sim
103857,ativo,struggling-seller,107,298,0,224,0,1,nao,nao,nao
103858,ativo,struggling-seller,93,206,128,388,1,3,sim,nao,nao
103859,ativo,small-seller,112,217,8253,25893,22,70,sim,nao,nao
103860,ativo,medium-seller,109,2284,65395,163279,159,436,nao,nao,nao
103861,ativo,large-seller,45,148,228072,562675,312,811,nao,nao,nao
103862,ativo,no-seller,297,385,0,0,0,0,nao,sim,nao
103863,trial,no-seller,174,2386,0,0,0,0,sim,nao,nao
103864,ativo,no-seller,421,2924,0,0,0,0,sim,nao,sim
103865,ativo,struggling-seller,322,1947,0,179,0,1,nao,nao,nao
103866,ativo,struggling-seller,18,51,88,173,1,2,nao,nao,nao
103867,ativo,small-seller,93,124,12470,25953,36,81,nao,nao,nao
103868,ativo,no-seller,176,1035,0,0,0,0,nao,nao,nao
103869,ativo,no-seller,151,3105,0,0,0,0,nao,nao,sim
103870,ativo,struggling-seller,41,43,190,349,1,2,sim,sim,nao
103871,ativo,struggling-seller,74,99,112,219,1,2,nao,sim,nao
103872,ativo,no-seller,437,3106,0,0,0,0,nao,nao,nao
103873,ativo,no-seller,775,1458,0,0,0,0,nao,nao,nao
103874,ativo,struggling-seller,16,414,72,222,1,3,nao,nao,nao
103875,ativo,no-seller,365,1521,0,0,0,0,nao,sim,nao
103876,ativo,no-seller,120,378,0,0,0,0,sim,nao,nao
103877,ativo,tiny-seller,62,67,1531,4593,8,23,sim,nao,nao
103878,ativo,small-seller,65,194,5755,17642,14,40,nao,nao,nao
103879,ativo,tiny-seller,241,3233,1880,5005,8,20,nao,nao,nao
103880,ativo,struggling-seller,99,138,149,658,1,4,nao,nao,nao
103881,trial,no-seller,8,405,0,0,0,0,nao,nao,nao
103882,ativo,no-seller,22,171,0,0,0,0,nao,nao,nao
103883,ativo,no-seller,58,133,0,0,0,0,nao,nao,nao
103884,cancelado,struggling-seller,584,925,140,402,1,3,nao,nao,nao
103885,ativo,struggling-seller,131,131,0,240,0,1,nao,nao,sim
103886,ativo,struggling-seller,159,210,108,212,1,2,sim,nao,nao
103887,ativo,struggling-seller,189,548,107,202,1,2,nao,nao,nao
103888,ativo,no-seller,346,1082,0,0,0,0,nao,nao,nao
103889,ativo,struggling-seller,75,131,515,1209,2,5,nao,nao,nao
103890,ativo,no-seller,67,3047,0,0,0,0,nao,sim,sim
103891,ativo,no-seller,9,31,0,0,0,0,nao,nao,nao
103892,ativo,no-seller,186,389,0,0,0,0,nao,nao,nao
103893,ativo,struggling-seller,348,2143,0,254,0,1,nao,nao,nao
103894,ativo,no-seller,141,1420,0,0,0,0,nao,nao,nao
103895,ativo,tiny-seller,53,311,1170,4758,4,16,nao,sim,nao
103896,ativo,struggling-seller,46,221,109,199,1,2,sim,nao,nao
103897,ativo,small-seller,52,205,4672,17847,11,44,nao,nao,sim
103898,ativo,struggling-seller,111,279,193,561,1,3,nao,sim,nao
103899,ativo,tiny-seller,267,1519,2843,7107,9,21,nao,nao,nao
103900,ativo,no-seller,33,1118,0,0,0,0,nao,nao,nao
103901,ativo,small-seller,197,202,17012,34838,45,101,nao,nao,nao
103902,ativo,tiny-seller,150,342,1436,4204,9,26,nao,nao,nao
103903,ativo,no-seller,1,81,0,0,0,0,nao,nao,nao
103904,trial,tiny-seller,242,1710,1707,3821,8,19,sim,nao,nao
103905,ativo,no-seller,21,30,0,0,0,0,nao,nao,nao
103906,ativo,no-seller,6,107,0,0,0,0,nao,nao,nao
103907,ativo,struggling-seller,660,3243,244,893,1,4,sim,nao,nao
103908,ativo,struggling-seller,61,307,273,1043,1,4,nao,sim,nao
103909,ativo,tiny-seller,288,532,2871,7214,7,18,nao,nao,nao
103910,ativo,no-seller,259,278,0,0,0,0,nao,nao,nao
103911,ativo,struggling-seller,497,3402,241,560,2,5,nao,nao,nao
103912,ativo,struggling-seller,336,376,191,478,2,5,sim,nao,nao
103913,ativo,no-seller,87,162,0,0,0,0,nao,nao,nao
103914,ativo,small-seller,435,1793,15832,37460,48,116,nao,nao,nao
103915,ativo,struggling-seller,74,94,161,353,1,2,nao,nao,nao
103916,ativo,no-seller,150,2033,0,0,0,0,nao,nao,nao
103917,ativo,no-seller,189,262,0,0,0,0,sim,nao,nao
103918,ativo,large-seller,205,1692,341826,716487,500,1128,nao,nao,nao
103919,ativo,no-seller,41,42,0,0,0,0,nao,nao,nao
103920,ativo,no-seller,233,555,0,0,0,0,nao,nao,nao
103921,ativo,no-seller,64,1282,0,0,0,0,nao,nao,nao
103922,ativo,struggling-seller,90,1898,220,610,2,6,nao,nao,nao
103923,ativo,no-seller,64,343,0,0,0,0,nao,nao,nao
103924,trial,struggling-seller,353,2616,200,733,1,4,nao,nao,nao
103925,ativo,small-seller,350,2209,3945,15147,11,39,nao,nao,nao
103926,ativo,tiny-seller,148,210,1109,2823,3,8,nao,nao,nao
103927,ativo,no-seller,645,1473,0,0,0,0,sim,nao,nao
103928,ativo,no-seller,155,1317,0,0,0,0,nao,sim,nao
103929,ativo,tiny-seller,444,1104,1473,5621,8,28,nao,sim,nao
103930,ativo,no-seller,554,2237,0,0,0,0,nao,nao,nao
103931,ativo,small-seller,143,1577,17405,42000,51,133,nao,nao,nao
103932,ativo,no-seller,100,139,0,0,0,0,nao,nao,nao
103933,ativo,tiny-seller,237,1076,2445,7866,7,23,nao,sim,nao
103934,ativo,tiny-seller,48,105,2208,5238,11,26,nao,nao,nao
103935,ativo,large-seller,779,1879,172604,556365,299,1053,nao,nao,nao
103936,ativo,no-seller,114,1143,0,0,0,0,nao,nao,nao
103937,ativo,struggling-seller,310,1136,191,567,1,3,nao,sim,nao
103938,ativo,no-seller,467,1031,0,0,0,0,nao,nao,nao
103939,ativo,tiny-seller,542,942,628,1897,5,14,nao,sim,nao
103940,ativo,struggling-seller,87,130,232,470,2,4,nao,nao,nao
103941,ativo,tiny-seller,13,119,1558,5094,6,21,nao,nao,nao
103942,ativo,no-seller,376,926,0,0,0,0,nao,nao,nao
103943,ativo,medium-seller,742,846,64873,213753,156,484,nao,nao,nao
103944,ativo,small-seller,179,3258,10459,32295,25,75,nao,nao,nao
103945,trial,no-seller,187,401,0,0,0,0,nao,sim,nao
103946,ativo,struggling-seller,345,2690,0,94,0,1,sim,nao,nao
103947,ativo,no-seller,558,2072,0,0,0,0,sim,nao,nao
103948,ativo,no-seller,399,2968,0,0,0,0,nao,nao,nao
103949,ativo,no-seller,104,1300,0,0,0,0,nao,nao,nao
103950,ativo,struggling-seller,81,122,201,482,2,5,nao,nao,nao
103951,ativo,no-seller,249,566,0,0,0,0,nao,nao,nao
103952,ativo,no-seller,482,821,0,0,0,0,nao,nao,sim
103953,ativo,medium-seller,192,224,102240,252332,306,724,nao,nao,nao
103954,ativo,no-seller,228,822,0,0,0,0,nao,nao,nao
103955,ativo,no-seller,91,102,0,0,0,0,nao,nao,sim
103956,cancelado,struggling-seller,35,50,0,184,0,1,nao,nao,nao
103957,ativo,small-seller,1,268,8968,25198,25,67,sim,nao,nao
103958,ativo,struggling-seller,172,209,130,424,1,3,nao,nao,nao
103959,ativo,no-seller,29,46,0,0,0,0,nao,nao,nao
103960,ativo,no-seller,61,294,0,0,0,0,nao,nao,nao
103961,ativo,tiny-seller,453,3283,2315,7679,8,25,nao,sim,nao
103962,ativo,tiny-seller,153,156,2639,6304,7,17,nao,nao,nao
103963,ativo,no-seller,288,350,0,0,0,0,nao,nao,nao
103964,ativo,no-seller,182,639,0,0,0,0,nao,nao,sim
103965,ativo,no-seller,17,67,0,0,0,0,sim,nao,nao
103966,ativo,struggling-seller,597,1619,0,131,0,1,nao,nao,nao
103967,ativo,no-seller,248,1196,0,0,0,0,nao,nao,nao
103968,ativo,small-seller,66,89,8554,20879,16,42,nao,nao,sim
103969,ativo,no-seller,452,950,0,0,0,0,sim,nao,nao
103970,ativo,no-seller,426,550,0,0,0,0,nao,nao,nao
103971,ativo,struggling-seller,742,2026,0,125,0,1,nao,nao,nao
103972,ativo,no-seller,796,1611,0,0,0,0,nao,nao,nao
103973,ativo,no-seller,297,1515,0,0,0,0,nao,nao,nao
103974,ativo,no-seller,647,1242,0,0,0,0,nao,nao,nao
103975,ativo,struggling-seller,552,1257,390,1237,2,6,nao,sim,nao
103976,ativo,struggling-seller,46,291,114,424,1,4,nao,nao,nao
103977,ativo,no-seller,147,340,0,0,0,0,nao,sim,nao
103978,ativo,struggling-seller,22,418,208,506,2,5,nao,nao,nao
103979,ativo,no-seller,741,1211,0,0,0,0,nao,nao,nao
103980,ativo,no-seller,554,870,0,0,0,0,nao,nao,nao
103981,ativo,no-seller,72,101,0,0,0,0,sim,nao,nao
103982,churnado,small-seller,69,204,17127,43617,50,116,nao,nao,nao
103983,ativo,no-seller,421,1991,0,0,0,0,nao,nao,sim
103984,ativo,no-seller,36,81,0,0,0,0,nao,nao,nao
103985,ativo,no-seller,18,62,0,0,0,0,nao,nao,nao
103986,ativo,tiny-seller,403,665,2543,6704,6,16,sim,nao,nao
103987,ativo,no-seller,511,882,0,0,0,0,nao,nao,nao
103988,ativo,no-seller,766,3492,0,0,0,0,nao,nao,nao
103989,ativo,tiny-seller,14,123,1680,4303,5,12,nao,nao,nao
103990,ativo,small-seller,19,50,10838,38127,41,147,nao,nao,nao
103991,ativo,small-seller,95,160,6867,14760,22,51,nao,nao,nao
103992,ativo,no-seller,789,864,0,0,0,0,nao,nao,nao
103993,ativo,no-seller,592,600,0,0,0,0,nao,nao,sim
103994,ativo,no-seller,635,2992,0,0,0,0,nao,nao,nao
103995,ativo,struggling-seller,199,234,146,456,2,6,nao,nao,nao
103996,ativo,struggling-seller,1,98,105,288,1,3,nao,sim,sim
103997,ativo,struggling-seller,470,3112,118,216,1,2,nao,nao,nao
103998,ativo,no-seller,138,552,0,0,0,0,sim,nao,nao
103999,ativo,struggling-seller,614,815,0,88,0,1,nao,nao,nao
104000,ativo,struggling-seller,78,947,103,314,1,3,nao,nao,nao
104001,ativo,no-seller,151,347,0,0,0,0,nao,nao,nao
104002,ativo,no-seller,227,2200,0,0,0,0,sim,nao,nao
104003,ativo,no-seller,13,45,0,0,0,0,nao,nao,nao
104004,ativo,no-seller,486,807,0,0,0,0,nao,nao,nao
104005,ativo,medium-seller,93,1859,108314,358825,202,710,nao,nao,nao
104006,ativo,medium-seller,57,288,29425,112734,69,246,nao,nao,nao
104007,ativo,no-seller,178,1332,0,0,0,0,nao,nao,nao
104008,ativo,no-seller,402,2078,0,0,0,0,nao,nao,nao
104009,ativo,no-seller,442,1825,0,0,0,0,nao,nao,nao
104010,ativo,tiny-seller,86,157,1792,4235,6,14,nao,nao,nao
104011,ativo,small-seller,75,543,4976,17218,26,94,sim,sim,nao
104012,ativo,medium-seller,36,111,59615,223962,158,611,nao,nao,nao
104013,ativo,medium-seller,54,63,35504,126512,53,198,nao,nao,nao
104014,ativo,no-seller,133,311,0,0,0,0,nao,nao,nao
104015,ativo,struggling-seller,280,416,0,170,0,1,nao,nao,nao
104016,ativo,struggling-seller,728,775,250,531,2,4,nao,nao,nao
104017,ativo,struggling-seller,540,571,104,296,1,3,nao,nao,nao
104018,ativo,struggling-seller,224,396,217,1003,1,5,sim,nao,nao
104019,ativo,struggling-seller,158,907,291,597,2,4,nao,nao,nao
104020,ativo,struggling-seller,463,551,0,148,0,1,nao,nao,nao
104021,churnado,no-seller,672,746,0,0,0,0,nao,nao,nao
104022,ativo,struggling-seller,36,36,188,616,2,6,nao,sim,nao
104023,ativo,no-seller,270,498,0,0,0,0,nao,nao,nao
104024,ativo,no-seller,487,1219,0,0,0,0,nao,nao,nao
104025,ativo,tiny-seller,312,473,1415,3417,5,12,sim,nao,nao
104026,ativo,no-seller,203,344,0,0,0,0,nao,nao,nao
104027,ativo,no-seller,249,2572,0,0,0,0,nao,sim,nao
104028,ativo,no-seller,768,2652,0,0,0,0,sim,nao,nao
104029,ativo,tiny-seller,628,2267,1268,3231,3,8,nao,nao,nao
104030,ativo,tiny-seller,446,2621,2815,6116,11,26,nao,nao,nao
104031,ativo,no-seller,48,88,0,0,0,0,nao,nao,nao
104032,ativo,no-seller,124,956,0,0,0,0,nao,nao,sim
104033,ativo,no-seller,334,1648,0,0,0,0,nao,nao,nao
104034,ativo,no-seller,723,3180,0,0,0,0,nao,nao,nao
104035,ativo,struggling-seller,145,3098,268,733,1,3,sim,nao,nao
104036,ativo,no-seller,95,193,0,0,0,0,sim,sim,nao
104037,ativo,struggling-seller,127,578,467,1521,2,6,nao,nao,nao
104038,ativo,no-seller,85,260,0,0,0,0,sim,nao,nao
104039,ativo,no-seller,58,59,0,0,0,0,nao,nao,nao
104040,ativo,struggling-seller,200,368,222,862,1,4,nao,nao,nao
104041,ativo,no-seller,125,1294,0,0,0,0,nao,nao,nao
104042,ativo,no-seller,328,1948,0,0,0,0,nao,nao,nao
104043,ativo,no-seller,484,501,0,0,0,0,sim,nao,nao
104044,ativo,no-seller,119,202,0,0,0,0,nao,nao,nao
104045,ativo,small-seller,110,506,7746,23309,17,49,nao,nao,nao
104046,ativo,medium-seller,350,1178,66024,209564,141,432,nao,nao,nao
104047,ativo,no-seller,176,3383,0,0,0,0,nao,nao,nao
104048,ativo,medium-seller,223,1334,59792,184724,169,508,nao,nao,nao
104049,ativo,struggling-seller,226,3193,391,1204,2,6,nao,nao,sim
104050,ativo,no-seller,364,2708,0,0,0,0,nao,nao,nao
104051,ativo,no-seller,312,320,0,0,0,0,nao,nao,nao
104052,ativo,small-seller,345,2654,3150,8763,12,35,nao,nao,nao
104053,ativo,no-seller,618,1045,0,0,0,0,nao,sim,sim
104054,ativo,no-seller,9,170,0,0,0,0,sim,nao,nao
104055,trial,no-seller,148,385,0,0,0,0,sim,nao,nao
104056,ativo,tiny-seller,391,645,1353,4190,4,13,nao,nao,nao
104057,ativo,small-seller,80,530,12520,29596,27,66,nao,nao,nao
104058,ativo,no-seller,745,1385,0,0,0,0,nao,nao,nao
104059,ativo,struggling-seller,743,1186,393,1024,2,5,nao,nao,nao
104060,ativo,tiny-seller,39,122,1496,4899,5,17,sim,nao,nao
104061,ativo,no-seller,151,251,0,0,0,0,nao,sim,nao
104062,ativo,no-seller,143,277,0,0,0,0,nao,nao,nao
104063,ativo,no-seller,559,1243,0,0,0,0,nao,nao,nao
104064,ativo,no-seller,242,1661,0,0,0,0,nao,nao,nao
104065,ativo,no-seller,643,1447,0,0,0,0,nao,nao,nao
104066,churnado,struggling-seller,187,2165,248,773,2,6,nao,nao,nao
104067,ativo,top-seller,119,1407,557910,1304697,732,1757,sim,sim,nao
104068,ativo,no-seller,560,573,0,0,0,0,nao,nao,sim
104069,ativo,struggling-seller,356,880,431,1176,2,6,nao,nao,nao
104070,ativo,no-seller,172,229,0,0,0,0,nao,nao,nao
104071,ativo,no-seller,144,850,0,0,0,0,nao,nao,nao
104072,ativo,no-seller,170,243,0,0,0,0,nao,nao,nao
104073,ativo,struggling-seller,48,1692,381,1112,2,6,nao,nao,nao
104074,ativo,struggling-seller,281,749,92,265,1,3,nao,nao,nao
104075,ativo,no-seller,402,625,0,0,0,0,nao,nao,sim
104076,ativo,medium-seller,59,197,48447,173700,142,529,sim,nao,nao
104077,ativo,struggling-seller,331,455,233,661,2,6,nao,nao,nao
104078,ativo,no-seller,165,241,0,0,0,0,nao,nao,nao
104079,ativo,tiny-seller,513,2219,1107,3065,5,13,nao,nao,nao
104080,ativo,no-seller,464,2274,0,0,0,0,nao,nao,nao
104081,ativo,no-seller,437,3365,0,0,0,0,nao,nao,nao
104082,ativo,no-seller,728,2814,0,0,0,0,sim,sim,sim
104083,ativo,no-seller,107,309,0,0,0,0,sim,nao,nao
104084,ativo,no-seller,65,1269,0,0,0,0,nao,nao,nao
104085,ativo,no-seller,145,452,0,0,0,0,nao,nao,nao
104086,ativo,no-seller,4,32,0,0,0,0,nao,nao,sim
104087,ativo,no-seller,543,960,0,0,0,0,nao,nao,nao
104088,ativo,struggling-seller,10,110,180,486,2,5,nao,sim,nao
104089,churnado,no-seller,215,332,0,0,0,0,nao,sim,sim
104090,ativo,struggling-seller,327,1157,193,629,2,6,nao,nao,nao
104091,ativo,tiny-seller,500,555,630,1965,4,13,nao,nao,nao
104092,ativo,tiny-seller,126,307,2089,5938,8,22,nao,nao,nao
104093,ativo,tiny-seller,177,199,869,4003,3,13,nao,nao,nao
104094,ativo,tiny-seller,451,3064,1798,4726,6,17,nao,nao,nao
104095,ativo,no-seller,42,98,0,0,0,0,nao,nao,nao
104096,churnado,no-seller,22,48,0,0,0,0,sim,nao,nao
104097,ativo,tiny-seller,27,357,1773,5581,8,24,nao,nao,nao
104098,ativo,no-seller,132,186,0,0,0,0,nao,nao,nao
104099,ativo,tiny-seller,54,73,2733,6317,8,18,nao,nao,nao
104100,ativo,tiny-seller,241,958,4117,9016,11,26,nao,nao,nao
104101,ativo,tiny-seller,532,1531,737,2104,4,12,nao,nao,nao
104102,ativo,no-seller,138,1366,0,0,0,0,nao,nao,nao
104103,ativo,no-seller,223,381,0,0,0,0,nao,sim,nao
104104,churnado,no-seller,510,1695,0,0,0,0,nao,nao,nao
104105,ativo,large-seller,256,314,290997,746632,591,1391,nao,nao,nao
104106,ativo,small-seller,24,55,18521,39932,45,106,nao,nao,nao
104107,ativo,no-seller,407,622,0,0,0,0,nao,nao,nao
104108,ativo,struggling-seller,149,642,0,72,0,1,sim,nao,nao
104109,ativo,top-seller,48,349,1410873,2997784,2152,4804,nao,nao,nao
104110,ativo,tiny-seller,696,2867,2355,8053,8,25,nao,nao,nao
104111,ativo,no-seller,200,976,0,0,0,0,nao,nao,nao
104112,ativo,no-seller,30,175,0,0,0,0,nao,nao,nao
104113,ativo,no-seller,571,2310,0,0,0,0,nao,nao,nao
104114,ativo,no-seller,67,3266,0,0,0,0,sim,nao,sim
104115,ativo,no-seller,319,2683,0,0,0,0,sim,nao,nao
104116,ativo,medium-seller,110,480,86145,237468,213,565,nao,nao,nao
104117,ativo,small-seller,402,2245,10710,23746,22,51,nao,nao,nao
104118,ativo,no-seller,34,103,0,0,0,0,nao,nao,nao
104119,ativo,small-seller,20,1557,16024,42465,49,124,nao,sim,nao
104120,ativo,medium-seller,202,274,71941,175765,214,552,nao,nao,nao
104121,ativo,struggling-seller,459,1211,188,350,2,4,nao,nao,nao
104122,ativo,struggling-seller,501,1479,151,459,2,6,nao,nao,nao
104123,ativo,no-seller,508,873,0,0,0,0,nao,nao,nao
104124,ativo,no-seller,348,2465,0,0,0,0,nao,nao,nao
104125,ativo,tiny-seller,330,414,2001,7185,8,30,sim,nao,nao
104126,ativo,no-seller,211,1017,0,0,0,0,nao,nao,nao
104127,ativo,struggling-seller,293,1668,164,523,1,3,nao,sim,nao
104128,ativo,medium-seller,132,344,23928,72085,70,228,nao,nao,nao
104129,ativo,no-seller,675,762,0,0,0,0,nao,nao,nao
104130,ativo,no-seller,103,438,0,0,0,0,nao,nao,nao
104131,ativo,no-seller,6,64,0,0,0,0,sim,nao,nao
104132,ativo,struggling-seller,57,438,350,994,2,6,nao,nao,nao
104133,ativo,no-seller,114,148,0,0,0,0,nao,nao,nao
104134,ativo,no-seller,542,793,0,0,0,0,sim,nao,nao
104135,ativo,small-seller,275,448,4655,12283,16,44,nao,nao,nao
104136,ativo,struggling-seller,74,102,147,768,1,5,nao,nao,nao
104137,ativo,struggling-seller,368,505,157,295,1,2,nao,nao,nao
104138,ativo,struggling-seller,69,543,89,491,1,5,nao,nao,sim
104139,ativo,medium-seller,15,106,31500,92291,74,207,nao,nao,nao
104140,ativo,no-seller,38,107,0,0,0,0,sim,nao,nao
104141,ativo,no-seller,104,394,0,0,0,0,nao,nao,nao
104142,ativo,struggling-seller,35,638,0,168,0,1,sim,nao,nao
104143,ativo,no-seller,716,2476,0,0,0,0,nao,nao,nao
104144,ativo,small-seller,8,267,20036,55046,56,150,nao,nao,nao
104145,ativo,no-seller,144,244,0,0,0,0,nao,nao,nao
104146,ativo,struggling-seller,467,973,108,227,1,2,nao,sim,nao
104147,ativo,tiny-seller,487,1427,2322,7308,7,20,nao,nao,nao
104148,ativo,struggling-seller,119,1132,146,571,1,4,nao,nao,sim
104149,ativo,struggling-seller,582,2727,243,515,1,2,sim,nao,nao
104150,cancelado,no-seller,194,1558,0,0,0,0,nao,nao,nao
104151,ativo,small-seller,307,393,4623,17653,14,56,nao,nao,nao
104152,ativo,tiny-seller,213,1893,2144,6638,7,20,nao,nao,sim
104153,ativo,tiny-seller,135,177,1205,2708,5,11,nao,nao,nao
104154,ativo,no-seller,92,236,0,0,0,0,sim,nao,sim
104155,ativo,no-seller,761,2807,0,0,0,0,sim,sim,nao
104156,ativo,struggling-seller,540,696,261,648,2,5,nao,nao,nao
104157,ativo,struggling-seller,127,141,358,1155,2,6,sim,nao,nao
104158,ativo,no-seller,19,32,0,0,0,0,nao,nao,nao
104159,trial,no-seller,798,2015,0,0,0,0,nao,nao,nao
104160,ativo,no-seller,192,351,0,0,0,0,nao,sim,nao
104161,ativo,medium-seller,523,909,100990,252766,190,520,nao,nao,nao
104162,ativo,no-seller,607,2286,0,0,0,0,sim,nao,nao
104163,ativo,tiny-seller,749,1609,1302,2934,8,19,nao,nao,nao
104164,ativo,no-seller,594,1836,0,0,0,0,sim,nao,nao
104165,ativo,no-seller,323,478,0,0,0,0,nao,sim,nao
104166,ativo,no-seller,550,891,0,0,0,0,nao,nao,nao
104167,ativo,no-seller,13,2671,0,0,0,0,nao,nao,nao
104168,ativo,no-seller,324,465,0,0,0,0,sim,nao,nao
104169,churnado,small-seller,272,378,6822,16942,13,35,nao,nao,nao
104170,ativo,no-seller,94,2418,0,0,0,0,nao,nao,nao
104171,cancelado,tiny-seller,464,3180,3121,6911,10,24,nao,nao,nao
104172,ativo,no-seller,649,1100,0,0,0,0,nao,nao,nao
104173,ativo,no-seller,673,2385,0,0,0,0,nao,nao,nao
104174,ativo,small-seller,186,401,8536,25161,27,84,nao,nao,nao
104175,ativo,no-seller,317,329,0,0,0,0,nao,nao,sim
104176,ativo,no-seller,135,2684,0,0,0,0,nao,nao,nao
104177,ativo,no-seller,137,439,0,0,0,0,nao,nao,nao
104178,ativo,no-seller,82,265,0,0,0,0,nao,nao,nao
104179,ativo,small-seller,769,1059,5750,12538,24,57,nao,nao,nao
104180,ativo,no-seller,425,490,0,0,0,0,nao,nao,nao
104181,ativo,tiny-seller,765,2388,855,2208,4,10,nao,nao,nao
104182,ativo,no-seller,80,165,0,0,0,0,nao,nao,nao
104183,ativo,no-seller,221,222,0,0,0,0,nao,nao,nao
104184,ativo,no-seller,417,554,0,0,0,0,nao,nao,nao
104185,ativo,no-seller,248,598,0,0,0,0,nao,nao,nao
104186,ativo,no-seller,170,271,0,0,0,0,nao,nao,nao
104187,ativo,no-seller,526,2676,0,0,0,0,nao,nao,nao
104188,trial,medium-seller,89,2049,98078,218170,276,613,nao,nao,sim
104189,ativo,no-seller,55,78,0,0,0,0,nao,sim,nao
104190,ativo,no-seller,233,2324,0,0,0,0,nao,nao,nao
104191,ativo,struggling-seller,34,74,0,195,0,1,nao,nao,nao
104192,ativo,tiny-seller,334,1030,2156,6187,8,24,nao,nao,nao
104193,ativo,struggling-seller,391,2355,289,729,2,5,sim,nao,nao
104194,ativo,no-seller,169,184,0,0,0,0,sim,nao,nao
104195,ativo,no-seller,48,885,0,0,0,0,nao,nao,nao
104196,ativo,no-seller,386,567,0,0,0,0,nao,nao,nao
104197,ativo,no-seller,227,1645,0,0,0,0,nao,nao,nao
104198,ativo,no-seller,395,2630,0,0,0,0,nao,nao,sim
104199,ativo,no-seller,72,285,0,0,0,0,sim,nao,nao
104200,ativo,struggling-seller,50,54,193,597,1,3,nao,nao,nao
104201,ativo,no-seller,1,59,0,0,0,0,nao,nao,nao
104202,ativo,small-seller,91,1230,7853,31452,17,64,nao,nao,sim
104203,ativo,tiny-seller,295,1219,566,1747,4,12,nao,nao,nao
104204,ativo,no-seller,376,771,0,0,0,0,nao,nao,nao
104205,ativo,struggling-seller,124,227,111,331,1,3,nao,nao,nao
104206,ativo,no-seller,433,561,0,0,0,0,nao,nao,nao
104207,ativo,no-seller,9,98,0,0,0,0,nao,nao,nao
104208,churnado,no-seller,656,1667,0,0,0,0,nao,nao,nao
104209,ativo,struggling-seller,85,164,218,607,1,3,nao,nao,nao
104210,ativo,small-seller,159,165,10473,33414,40,140,nao,nao,nao
104211,churnado,no-seller,587,661,0,0,0,0,nao,nao,nao
104212,ativo,tiny-seller,366,518,2322,6088,9,22,nao,nao,nao
104213,ativo,no-seller,106,135,0,0,0,0,nao,nao,nao
104214,ativo,small-seller,16,80,18530,54673,47,150,sim,nao,nao
104215,ativo,struggling-seller,451,557,175,749,1,4,nao,nao,nao
104216,ativo,no-seller,137,298,0,0,0,0,nao,nao,nao
104217,ativo,tiny-seller,192,741,752,3530,2,9,nao,nao,nao
104218,ativo,no-seller,165,983,0,0,0,0,nao,sim,nao
104219,ativo,no-seller,37,39,0,0,0,0,nao,nao,nao
104220,ativo,struggling-seller,614,3248,303,879,2,6,nao,nao,nao
104221,ativo,small-seller,575,756,10582,45258,34,135,sim,nao,nao
104222,ativo,struggling-seller,111,384,130,476,1,4,nao,nao,nao
104223,ativo,struggling-seller,217,1447,0,105,0,1,nao,nao,nao
104224,churnado,struggling-seller,297,1160,381,722,3,6,nao,nao,sim
104225,ativo,struggling-seller,338,786,155,813,1,5,nao,nao,nao
104226,ativo,struggling-seller,561,3107,162,356,2,4,nao,nao,nao
104227,ativo,struggling-seller,154,272,185,541,2,6,nao,nao,nao
104228,ativo,tiny-seller,46,202,703,2905,3,12,nao,nao,sim
104229,ativo,no-seller,85,672,0,0,0,0,nao,nao,nao
104230,ativo,no-seller,718,765,0,0,0,0,nao,nao,nao
104231,ativo,tiny-seller,110,140,1478,3863,9,23,nao,nao,nao
104232,ativo,struggling-seller,165,557,0,204,0,1,nao,sim,nao
104233,ativo,no-seller,69,459,0,0,0,0,nao,nao,nao
104234,ativo,no-seller,52,658,0,0,0,0,nao,nao,nao
104235,ativo,no-seller,393,499,0,0,0,0,nao,nao,nao
104236,ativo,no-seller,58,179,0,0,0,0,sim,nao,nao
104237,ativo,no-seller,425,2593,0,0,0,0,nao,nao,nao
104238,ativo,small-seller,25,184,5458,19156,21,76,nao,nao,nao
104239,trial,small-seller,211,900,14908,47981,33,113,nao,nao,nao
104240,ativo,small-seller,336,1254,4764,11451,16,41,nao,nao,nao
104241,ativo,no-seller,216,892,0,0,0,0,nao,nao,nao
104242,churnado,no-seller,656,706,0,0,0,0,nao,nao,nao
104243,ativo,medium-seller,3,370,86704,323859,167,594,nao,nao,nao
104244,ativo,no-seller,25,85,0,0,0,0,sim,nao,nao
104245,ativo,struggling-seller,4,200,243,783,2,6,sim,nao,nao
104246,churnado,struggling-seller,207,2860,164,613,1,4,nao,nao,nao
104247,ativo,small-seller,29,74,5721,21950,15,57,sim,nao,nao
104248,ativo,struggling-seller,151,366,305,727,2,5,nao,nao,nao
104249,ativo,struggling-seller,214,387,195,1082,1,5,nao,nao,nao
104250,ativo,no-seller,161,2318,0,0,0,0,nao,nao,nao
104251,ativo,small-seller,44,593,18260,42918,34,85,nao,nao,sim
104252,ativo,no-seller,8,40,0,0,0,0,nao,nao,nao
104253,churnado,struggling-seller,719,1962,0,180,0,1,nao,nao,nao
104254,ativo,struggling-seller,44,62,0,264,0,1,nao,nao,nao
104255,ativo,no-seller,160,663,0,0,0,0,nao,sim,nao
104256,ativo,no-seller,776,1578,0,0,0,0,nao,nao,nao
104257,ativo,no-seller,346,603,0,0,0,0,nao,nao,nao
104258,ativo,no-seller,316,649,0,0,0,0,nao,nao,nao
104259,ativo,struggling-seller,601,939,407,1075,2,5,nao,nao,nao
104260,ativo,struggling-seller,77,705,451,1241,2,6,nao,nao,nao
104261,ativo,tiny-seller,24,129,2855,8221,8,25,nao,nao,nao
104262,ativo,medium-seller,183,3068,55726,179597,144,430,nao,nao,sim
104263,ativo,no-seller,301,1281,0,0,0,0,sim,nao,nao
104264,ativo,no-seller,615,1364,0,0,0,0,nao,nao,nao
104265,churnado,tiny-seller,89,161,671,2039,3,9,nao,nao,nao
104266,ativo,no-seller,60,2574,0,0,0,0,nao,sim,sim
104267,ativo,struggling-seller,43,81,188,1015,1,5,nao,sim,nao
104268,ativo,tiny-seller,172,344,4786,12079,10,27,nao,nao,nao
104269,ativo,struggling-seller,25,362,154,293,1,2,nao,nao,nao
104270,ativo,no-seller,235,2993,0,0,0,0,nao,nao,nao
104271,ativo,medium-seller,16,35,43021,172715,173,636,nao,nao,nao
104272,ativo,no-seller,755,1414,0,0,0,0,nao,nao,nao
104273,ativo,no-seller,303,941,0,0,0,0,sim,nao,nao
104274,ativo,small-seller,778,1471,2587,10303,9,33,nao,nao,nao
104275,ativo,no-seller,399,1610,0,0,0,0,sim,sim,nao
104276,ativo,struggling-seller,375,393,193,581,1,3,nao,nao,nao
104277,ativo,struggling-seller,587,666,326,653,2,4,nao,sim,nao
104278,ativo,tiny-seller,413,1025,1145,4553,3,11,nao,nao,nao
104279,ativo,no-seller,357,457,0,0,0,0,nao,nao,nao
104280,ativo,no-seller,51,455,0,0,0,0,nao,nao,nao
104281,ativo,tiny-seller,256,614,4196,11431,12,30,nao,nao,nao
104282,ativo,no-seller,709,2137,0,0,0,0,nao,nao,nao
104283,ativo,no-seller,57,295,0,0,0,0,nao,nao,nao
104284,churnado,no-seller,18,635,0,0,0,0,nao,nao,nao
104285,ativo,no-seller,323,428,0,0,0,0,nao,nao,nao
104286,ativo,no-seller,140,2247,0,0,0,0,nao,nao,nao
104287,ativo,small-seller,243,3355,6096,24283,14,55,nao,nao,nao
104288,churnado,tiny-seller,209,1873,1054,2538,6,15,sim,nao,nao
104289,ativo,struggling-seller,144,167,0,140,0,1,nao,sim,nao
104290,ativo,no-seller,0,292,0,0,0,0,sim,nao,nao
104291,ativo,struggling-seller,47,1757,280,654,2,5,nao,nao,nao
104292,ativo,no-seller,273,634,0,0,0,0,nao,nao,nao
104293,ativo,small-seller,211,414,13239,47572,34,120,nao,nao,nao
104294,ativo,no-seller,50,365,0,0,0,0,nao,nao,nao
104295,ativo,small-seller,90,691,7211,30722,30,116,nao,nao,nao
104296,ativo,no-seller,37,123,0,0,0,0,nao,nao,nao
104297,churnado,small-seller,549,2274,11346,28988,42,99,nao,nao,sim
104298,ativo,tiny-seller,21,69,624,1558,3,7,nao,nao,nao
104299,ativo,no-seller,121,133,0,0,0,0,nao,nao,nao
104300,ativo,no-seller,220,1481,0,0,0,0,nao,nao,nao
104301,ativo,struggling-seller,247,763,158,434,1,3,nao,sim,nao
104302,ativo,medium-seller,214,369,26639,68819,95,255,nao,nao,nao
104303,ativo,tiny-seller,285,1875,1199,2903,8,19,nao,nao,nao
104304,ativo,no-seller,640,3446,0,0,0,0,nao,nao,sim
104305,ativo,small-seller,719,822,7242,17705,31,74,nao,nao,nao
104306,ativo,no-seller,79,348,0,0,0,0,nao,nao,nao
104307,ativo,no-seller,183,682,0,0,0,0,nao,nao,nao
104308,trial,no-seller,14,43,0,0,0,0,nao,nao,nao
104309,trial,small-seller,2,491,17759,43423,44,116,nao,nao,nao
104310,ativo,no-seller,279,352,0,0,0,0,nao,nao,nao
104311,churnado,no-seller,107,232,0,0,0,0,nao,nao,nao
104312,ativo,no-seller,367,553,0,0,0,0,nao,nao,nao
104313,ativo,struggling-seller,449,1129,138,705,1,5,nao,nao,nao
104314,ativo,no-seller,73,387,0,0,0,0,nao,nao,nao
104315,ativo,no-seller,492,708,0,0,0,0,nao,nao,nao
104316,ativo,no-seller,681,2501,0,0,0,0,nao,nao,nao
104317,ativo,struggling-seller,79,1058,0,113,0,1,nao,nao,nao
104318,ativo,struggling-seller,341,361,470,1401,2,6,nao,nao,nao
104319,ativo,no-seller,47,401,0,0,0,0,nao,nao,nao
104320,ativo,no-seller,37,101,0,0,0,0,nao,nao,nao
104321,ativo,struggling-seller,495,587,211,495,2,5,nao,nao,nao
104322,trial,tiny-seller,121,315,1180,3724,9,26,sim,nao,nao
104323,ativo,no-seller,753,1055,0,0,0,0,nao,nao,nao
104324,churnado,medium-seller,81,148,42456,155513,71,268,nao,sim,sim
104325,ativo,struggling-seller,34,44,135,437,1,3,nao,nao,sim
104326,ativo,struggling-seller,562,3497,250,745,2,6,nao,nao,nao
104327,ativo,struggling-seller,323,1641,252,656,2,5,nao,nao,nao
104328,ativo,struggling-seller,3,43,284,577,2,4,nao,nao,nao
104329,ativo,struggling-seller,181,715,137,397,1,3,sim,nao,nao
104330,ativo,struggling-seller,603,1926,87,420,1,5,nao,nao,nao
104331,ativo,no-seller,49,86,0,0,0,0,nao,nao,nao
104332,trial,tiny-seller,462,2157,1270,3648,8,22,nao,nao,nao
104333,ativo,no-seller,136,204,0,0,0,0,nao,nao,nao
104334,ativo,no-seller,213,1785,0,0,0,0,sim,nao,nao
104335,ativo,no-seller,114,205,0,0,0,0,nao,nao,nao
104336,ativo,no-seller,89,305,0,0,0,0,sim,nao,nao
104337,ativo,struggling-seller,558,893,118,235,1,2,nao,nao,nao
104338,ativo,no-seller,273,689,0,0,0,0,sim,nao,nao
104339,ativo,struggling-seller,29,479,196,726,1,4,nao,nao,nao
104340,ativo,struggling-seller,71,3091,0,119,0,1,nao,nao,nao
104341,ativo,tiny-seller,585,2364,1117,4323,4,15,nao,nao,nao
104342,ativo,struggling-seller,484,1206,93,277,1,3,nao,nao,nao
104343,churnado,struggling-seller,445,557,507,998,2,4,nao,nao,nao
104344,ativo,tiny-seller,273,1074,1253,4790,4,14,sim,nao,nao
104345,trial,no-seller,8,31,0,0,0,0,sim,nao,nao
104346,ativo,no-seller,240,685,0,0,0,0,nao,nao,nao
104347,ativo,struggling-seller,27,43,92,372,1,4,nao,nao,nao
104348,ativo,small-seller,11,145,16618,54922,44,132,nao,nao,nao
104349,trial,tiny-seller,78,312,3979,10542,12,29,nao,nao,nao
104350,ativo,small-seller,437,1066,14861,41130,37,108,nao,nao,nao
104351,ativo,small-seller,182,226,20719,49195,42,95,nao,nao,nao
104352,trial,no-seller,182,600,0,0,0,0,nao,nao,nao
104353,ativo,struggling-seller,228,686,157,345,1,2,nao,sim,nao
104354,ativo,struggling-seller,417,426,104,428,1,4,nao,nao,nao
104355,ativo,no-seller,308,2995,0,0,0,0,nao,nao,nao
104356,ativo,medium-seller,398,995,55326,159746,132,381,nao,nao,nao
104357,ativo,struggling-seller,753,1533,486,1008,3,6,sim,nao,nao
104358,ativo,no-seller,692,3358,0,0,0,0,nao,sim,nao
104359,ativo,no-seller,757,2959,0,0,0,0,nao,nao,sim
104360,ativo,tiny-seller,459,3068,1326,4443,4,14,nao,sim,nao
104361,ativo,struggling-seller,397,664,199,403,1,2,sim,sim,nao
104362,ativo,no-seller,393,3154,0,0,0,0,nao,nao,sim
104363,ativo,struggling-seller,132,708,0,184,0,1,nao,nao,nao
104364,churnado,struggling-seller,137,3290,349,884,2,5,nao,nao,nao
104365,ativo,no-seller,175,228,0,0,0,0,sim,sim,nao
104366,ativo,small-seller,156,771,6920,17477,29,74,nao,nao,nao
104367,ativo,tiny-seller,736,908,654,1660,3,8,nao,nao,nao
104368,ativo,small-seller,518,2552,15091,55847,35,131,nao,nao,nao
104369,ativo,struggling-seller,28,92,79,248,1,3,nao,nao,nao
104370,ativo,no-seller,28,1705,0,0,0,0,nao,nao,sim
104371,ativo,tiny-seller,172,1172,3716,11713,9,30,nao,nao,nao
104372,ativo,tiny-seller,594,2314,851,3409,3,11,nao,nao,nao
104373,ativo,struggling-seller,69,80,758,1478,3,6,nao,nao,nao
104374,cancelado,no-seller,3,140,0,0,0,0,nao,nao,nao
104375,ativo,no-seller,355,1446,0,0,0,0,nao,nao,nao
104376,ativo,struggling-seller,72,689,153,294,1,2,nao,nao,sim
104377,ativo,tiny-seller,401,431,2560,7432,6,19,nao,nao,nao
104378,ativo,struggling-seller,641,1704,86,433,1,5,nao,nao,nao
104379,ativo,no-seller,22,77,0,0,0,0,nao,nao,nao
104380,ativo,no-seller,139,193,0,0,0,0,nao,nao,nao
104381,trial,tiny-seller,41,328,3409,8802,8,21,nao,nao,nao
104382,cancelado,medium-seller,160,1608,66436,213288,148,505,sim,nao,nao
104383,ativo,struggling-seller,743,856,0,142,0,1,nao,nao,nao
104384,ativo,medium-seller,190,234,97567,279661,205,557,nao,nao,nao
104385,ativo,no-seller,106,907,0,0,0,0,nao,nao,nao
104386,ativo,no-seller,136,488,0,0,0,0,sim,nao,nao
104387,ativo,no-seller,252,2400,0,0,0,0,sim,sim,nao
104388,ativo,no-seller,55,60,0,0,0,0,nao,nao,nao
104389,ativo,no-seller,293,293,0,0,0,0,nao,nao,nao
104390,ativo,no-seller,563,619,0,0,0,0,nao,nao,nao
104391,ativo,no-seller,663,720,0,0,0,0,nao,nao,nao
104392,ativo,no-seller,92,2691,0,0,0,0,nao,nao,nao
104393,ativo,struggling-seller,285,2580,476,984,2,4,nao,nao,nao
104394,ativo,struggling-seller,210,313,108,438,1,4,nao,nao,nao
104395,ativo,tiny-seller,18,30,858,1829,4,9,nao,nao,sim
104396,ativo,no-seller,175,262,0,0,0,0,sim,nao,nao
104397,churnado,no-seller,701,803,0,0,0,0,nao,nao,nao
104398,ativo,struggling-seller,89,149,384,1122,2,6,nao,sim,nao
104399,ativo,no-seller,19,52,0,0,0,0,nao,nao,nao
104400,ativo,medium-seller,286,2517,48619,131531,149,392,nao,sim,nao
104401,ativo,struggling-seller,155,1389,259,740,2,6,sim,nao,nao
104402,ativo,struggling-seller,761,3252,0,115,0,1,nao,nao,nao
104403,ativo,no-seller,292,414,0,0,0,0,sim,nao,nao
104404,ativo,no-seller,87,564,0,0,0,0,sim,nao,nao
104405,ativo,no-seller,720,2907,0,0,0,0,nao,nao,nao
104406,ativo,no-seller,180,348,0,0,0,0,nao,nao,nao
104407,ativo,no-seller,181,264,0,0,0,0,nao,nao,nao
104408,ativo,top-seller,588,1193,642224,1846906,945,2540,nao,nao,nao
104409,ativo,tiny-seller,24,79,2676,5474,9,19,nao,nao,nao
104410,ativo,no-seller,17,106,0,0,0,0,nao,nao,nao
104411,cancelado,struggling-seller,131,165,178,558,2,6,nao,sim,nao
104412,ativo,no-seller,109,431,0,0,0,0,nao,sim,nao
104413,ativo,struggling-seller,44,45,98,310,1,3,nao,sim,nao
104414,ativo,small-seller,667,1486,15893,50690,38,120,nao,nao,nao
104415,ativo,no-seller,88,439,0,0,0,0,nao,nao,nao
104416,ativo,large-seller,73,206,192974,519032,464,1312,nao,nao,nao
104417,ativo,no-seller,35,54,0,0,0,0,nao,nao,sim
104418,ativo,struggling-seller,11,31,253,545,1,2,nao,nao,nao
104419,ativo,no-seller,110,118,0,0,0,0,nao,nao,nao
104420,ativo,no-seller,1,73,0,0,0,0,nao,nao,nao
104421,ativo,small-seller,46,104,22604,52951,57,138,nao,nao,nao
104422,ativo,tiny-seller,141,251,726,1863,3,7,nao,nao,nao
104423,trial,struggling-seller,599,3484,255,715,1,3,nao,nao,sim
104424,churnado,struggling-seller,706,1312,165,465,1,3,nao,nao,nao
104425,ativo,struggling-seller,795,1762,0,194,0,1,nao,nao,nao
104426,ativo,no-seller,343,561,0,0,0,0,nao,nao,nao
104427,ativo,tiny-seller,706,1890,2514,6632,6,17,nao,sim,nao
104428,ativo,no-seller,762,1003,0,0,0,0,nao,nao,nao
104429,ativo,no-seller,76,314,0,0,0,0,sim,nao,nao
104430,ativo,medium-seller,88,1485,136593,296486,238,532,nao,nao,sim
104431,ativo,no-seller,14,110,0,0,0,0,sim,nao,nao
104432,ativo,tiny-seller,611,890,2818,8809,9,29,nao,nao,nao
104433,ativo,tiny-seller,23,2492,1736,5056,11,30,nao,nao,nao
104434,ativo,medium-seller,751,758,67751,222370,149,472,nao,nao,nao
104435,ativo,no-seller,41,728,0,0,0,0,nao,nao,nao
104436,ativo,no-seller,209,3003,0,0,0,0,sim,nao,nao
104437,ativo,no-seller,34,2303,0,0,0,0,nao,nao,nao
104438,ativo,no-seller,221,669,0,0,0,0,nao,nao,nao
104439,ativo,no-seller,172,3046,0,0,0,0,nao,nao,sim
104440,ativo,struggling-seller,457,1262,80,243,1,3,sim,sim,nao
104441,ativo,no-seller,333,1779,0,0,0,0,nao,nao,sim
104442,ativo,no-seller,278,580,0,0,0,0,nao,nao,nao
104443,ativo,no-seller,222,335,0,0,0,0,nao,nao,nao
104444,ativo,no-seller,522,2647,0,0,0,0,sim,nao,nao
104445,ativo,struggling-seller,60,96,445,1309,2,6,sim,nao,sim
104446,ativo,struggling-seller,216,506,135,263,1,2,sim,nao,nao
104447,ativo,tiny-seller,460,694,1408,4483,7,23,sim,nao,nao
104448,ativo,no-seller,43,76,0,0,0,0,nao,nao,nao
104449,ativo,no-seller,361,1080,0,0,0,0,sim,nao,nao
104450,ativo,struggling-seller,68,3161,554,1126,3,6,nao,nao,nao
104451,ativo,no-seller,629,711,0,0,0,0,nao,nao,nao
104452,ativo,struggling-seller,689,2354,0,165,0,1,nao,nao,nao
104453,ativo,struggling-seller,22,33,76,419,1,5,nao,nao,nao
104454,ativo,struggling-seller,470,3403,0,190,0,1,nao,nao,nao
104455,ativo,no-seller,57,62,0,0,0,0,nao,nao,nao
104456,ativo,struggling-seller,34,207,463,865,2,4,nao,nao,sim
104457,ativo,small-seller,70,172,24860,52709,61,137,nao,sim,sim
104458,ativo,struggling-seller,106,169,264,485,1,2,nao,nao,nao
104459,ativo,no-seller,601,1244,0,0,0,0,nao,nao,nao
104460,ativo,no-seller,53,147,0,0,0,0,nao,nao,nao
104461,ativo,tiny-seller,525,712,580,1549,3,8,nao,nao,sim
104462,ativo,tiny-seller,91,340,798,1958,4,10,nao,nao,nao
104463,ativo,small-seller,754,2443,5625,22057,22,80,nao,nao,nao
104464,ativo,no-seller,455,959,0,0,0,0,nao,nao,nao
104465,ativo,small-seller,1,159,5435,17722,12,37,nao,nao,nao
104466,ativo,struggling-seller,613,2623,223,1063,1,5,sim,nao,nao
104467,ativo,no-seller,51,56,0,0,0,0,nao,nao,nao
104468,ativo,struggling-seller,745,1683,0,170,0,1,nao,nao,sim
104469,ativo,struggling-seller,37,51,211,672,1,3,nao,nao,nao
104470,ativo,struggling-seller,187,1918,426,1213,2,6,nao,nao,nao
104471,ativo,no-seller,159,388,0,0,0,0,nao,nao,nao
104472,ativo,struggling-seller,60,204,0,115,0,1,nao,nao,nao
104473,ativo,tiny-seller,123,691,1517,4291,8,24,nao,nao,nao
104474,ativo,no-seller,752,915,0,0,0,0,nao,nao,sim
104475,ativo,no-seller,71,340,0,0,0,0,nao,nao,nao
104476,ativo,no-seller,12,60,0,0,0,0,nao,sim,nao
104477,ativo,no-seller,679,1666,0,0,0,0,nao,nao,nao
104478,ativo,no-seller,189,211,0,0,0,0,nao,nao,nao
104479,ativo,struggling-seller,26,88,219,400,2,4,nao,sim,nao
104480,ativo,no-seller,202,390,0,0,0,0,sim,nao,nao
104481,churnado,no-seller,76,90,0,0,0,0,sim,nao,nao
104482,churnado,struggling-seller,119,119,332,1037,2,6,nao,nao,sim
104483,ativo,struggling-seller,44,309,136,393,1,3,nao,nao,nao
104484,ativo,no-seller,126,1865,0,0,0,0,nao,nao,nao
104485,ativo,tiny-seller,137,316,1680,5441,8,25,nao,sim,nao
104486,ativo,no-seller,703,908,0,0,0,0,nao,nao,nao
104487,ativo,no-seller,6,98,0,0,0,0,nao,nao,nao
104488,ativo,struggling-seller,24,1284,188,939,1,5,nao,nao,nao
104489,ativo,small-seller,543,1141,6030,15769,21,56,nao,nao,nao
104490,ativo,no-seller,189,1057,0,0,0,0,nao,nao,nao
104491,trial,no-seller,46,75,0,0,0,0,nao,nao,nao
104492,ativo,no-seller,442,3450,0,0,0,0,nao,nao,nao
104493,ativo,no-seller,445,968,0,0,0,0,nao,sim,nao
104494,ativo,no-seller,79,93,0,0,0,0,nao,nao,nao
104495,churnado,struggling-seller,88,136,152,452,1,3,nao,nao,nao
104496,ativo,tiny-seller,376,839,581,2001,2,7,nao,nao,nao
104497,ativo,struggling-seller,748,3134,685,1271,3,6,nao,nao,nao
104498,ativo,no-seller,108,268,0,0,0,0,nao,nao,nao
104499,ativo,tiny-seller,403,445,821,1857,6,14,nao,nao,sim
104500,ativo,no-seller,453,1670,0,0,0,0,nao,nao,nao
104501,ativo,struggling-seller,85,612,0,228,0,1,nao,nao,nao
104502,ativo,no-seller,511,1563,0,0,0,0,nao,nao,nao
104503,ativo,small-seller,499,625,16354,64654,37,135,nao,nao,nao
104504,ativo,no-seller,288,719,0,0,0,0,nao,nao,nao
104505,ativo,no-seller,19,35,0,0,0,0,nao,nao,nao
104506,ativo,no-seller,590,3430,0,0,0,0,nao,nao,nao
104507,ativo,small-seller,502,3498,19201,48048,55,136,nao,nao,nao
104508,ativo,no-seller,334,385,0,0,0,0,nao,sim,nao
104509,ativo,no-seller,141,1819,0,0,0,0,nao,nao,nao
104510,ativo,no-seller,322,700,0,0,0,0,nao,nao,nao
104511,ativo,no-seller,5,34,0,0,0,0,sim,nao,nao
104512,ativo,no-seller,34,91,0,0,0,0,nao,nao,nao
104513,ativo,no-seller,10,99,0,0,0,0,nao,nao,nao
104514,ativo,no-seller,243,267,0,0,0,0,nao,sim,nao
104515,ativo,small-seller,128,143,4516,11420,15,38,sim,nao,nao
104516,ativo,struggling-seller,137,333,201,588,2,6,sim,nao,nao
104517,ativo,no-seller,134,873,0,0,0,0,nao,sim,nao
104518,ativo,no-seller,96,101,0,0,0,0,nao,nao,nao
104519,ativo,no-seller,26,41,0,0,0,0,nao,nao,nao
104520,ativo,struggling-seller,298,315,241,877,1,4,nao,nao,nao
104521,churnado,struggling-seller,39,227,289,627,2,4,nao,nao,nao
104522,ativo,no-seller,83,236,0,0,0,0,sim,nao,nao
104523,ativo,no-seller,777,980,0,0,0,0,nao,nao,nao
104524,ativo,no-seller,11,624,0,0,0,0,nao,sim,nao
104525,ativo,no-seller,30,33,0,0,0,0,nao,nao,nao
104526,ativo,struggling-seller,37,154,121,241,1,2,nao,nao,nao
104527,ativo,no-seller,230,571,0,0,0,0,nao,nao,sim
104528,ativo,no-seller,13,57,0,0,0,0,nao,nao,nao
104529,ativo,struggling-seller,277,1017,472,1198,2,5,nao,nao,nao
104530,ativo,no-seller,96,602,0,0,0,0,nao,nao,nao
104531,ativo,no-seller,456,999,0,0,0,0,nao,nao,nao
104532,ativo,no-seller,353,1627,0,0,0,0,nao,nao,nao
104533,ativo,no-seller,270,1293,0,0,0,0,nao,nao,nao
104534,ativo,large-seller,790,1764,202445,540264,357,1011,nao,nao,nao
104535,ativo,no-seller,12,171,0,0,0,0,nao,nao,nao
104536,ativo,no-seller,563,1017,0,0,0,0,nao,nao,nao
104537,ativo,no-seller,494,1079,0,0,0,0,nao,nao,nao
104538,ativo,small-seller,744,2999,21024,51220,50,124,sim,nao,nao
104539,cancelado,struggling-seller,800,3059,221,610,2,6,nao,sim,nao
104540,ativo,no-seller,158,959,0,0,0,0,nao,sim,nao
104541,ativo,no-seller,34,210,0,0,0,0,nao,nao,nao
104542,ativo,no-seller,154,3196,0,0,0,0,sim,nao,nao
104543,ativo,no-seller,41,88,0,0,0,0,nao,nao,nao
104544,ativo,no-seller,28,195,0,0,0,0,sim,nao,nao
104545,ativo,no-seller,620,868,0,0,0,0,nao,nao,sim
104546,ativo,medium-seller,499,1232,82810,193232,262,654,nao,nao,sim
104547,ativo,struggling-seller,30,173,332,883,2,5,nao,nao,nao
104548,churnado,no-seller,105,342,0,0,0,0,sim,nao,nao
104549,ativo,no-seller,378,1278,0,0,0,0,nao,sim,nao
104550,ativo,struggling-seller,750,2146,186,452,2,5,sim,nao,nao
104551,ativo,no-seller,588,634,0,0,0,0,nao,nao,nao
104552,ativo,no-seller,70,134,0,0,0,0,nao,nao,nao
104553,ativo,small-seller,555,1566,6239,18307,13,39,nao,nao,nao
104554,ativo,tiny-seller,122,811,1438,3649,10,24,nao,nao,nao
104555,ativo,no-seller,179,590,0,0,0,0,nao,sim,nao
104556,ativo,small-seller,184,2701,10781,24938,37,93,nao,nao,nao
104557,ativo,no-seller,24,62,0,0,0,0,nao,nao,nao
104558,ativo,no-seller,298,336,0,0,0,0,nao,nao,nao
104559,ativo,struggling-seller,6,223,96,315,1,3,nao,nao,nao
104560,ativo,medium-seller,609,1640,162019,403325,269,667,nao,nao,nao
104561,ativo,struggling-seller,556,2605,0,105,0,1,nao,nao,nao
104562,ativo,no-seller,48,680,0,0,0,0,nao,nao,nao
104563,ativo,no-seller,38,151,0,0,0,0,sim,nao,nao
104564,ativo,no-seller,358,1062,0,0,0,0,nao,nao,nao
104565,ativo,no-seller,506,627,0,0,0,0,nao,nao,nao
104566,ativo,tiny-seller,470,1361,302,1507,2,9,nao,nao,nao
104567,ativo,struggling-seller,57,124,86,345,1,4,nao,nao,sim
104568,ativo,struggling-seller,10,67,213,456,1,2,nao,nao,nao
104569,ativo,struggling-seller,196,877,148,411,1,3,nao,sim,nao
104570,ativo,no-seller,59,1215,0,0,0,0,sim,nao,sim
104571,cancelado,struggling-seller,120,583,142,260,1,2,nao,nao,nao
104572,ativo,no-seller,358,3405,0,0,0,0,sim,nao,nao
104573,ativo,medium-seller,28,205,83887,217921,167,461,sim,nao,nao
104574,cancelado,large-seller,358,1464,191603,482592,389,1006,nao,nao,nao
104575,ativo,small-seller,29,51,15010,35216,33,77,nao,nao,sim
104576,ativo,no-seller,183,196,0,0,0,0,nao,nao,nao
104577,ativo,no-seller,146,347,0,0,0,0,nao,nao,nao
104578,ativo,no-seller,463,1146,0,0,0,0,nao,nao,nao
104579,ativo,no-seller,121,460,0,0,0,0,nao,nao,nao
104580,ativo,no-seller,457,466,0,0,0,0,sim,nao,sim
104581,ativo,no-seller,306,545,0,0,0,0,sim,nao,nao
104582,churnado,no-seller,139,511,0,0,0,0,sim,nao,nao
104583,ativo,struggling-seller,17,167,206,633,1,3,sim,nao,nao
104584,ativo,no-seller,277,3278,0,0,0,0,nao,nao,nao
104585,ativo,struggling-seller,8,45,254,495,1,2,nao,nao,nao
104586,ativo,no-seller,8,201,0,0,0,0,nao,nao,nao
104587,ativo,no-seller,498,1219,0,0,0,0,nao,nao,nao
104588,ativo,small-seller,34,2316,11380,31403,37,100,nao,nao,sim
104589,ativo,struggling-seller,343,552,228,1096,1,5,nao,sim,nao
104590,ativo,struggling-seller,519,3027,296,768,2,5,nao,nao,nao
104591,ativo,no-seller,40,48,0,0,0,0,nao,nao,nao
104592,ativo,no-seller,382,681,0,0,0,0,nao,nao,nao
104593,ativo,no-seller,373,511,0,0,0,0,nao,nao,sim
104594,ativo,no-seller,58,113,0,0,0,0,sim,sim,nao
104595,ativo,medium-seller,51,122,72746,211236,264,729,nao,sim,nao
104596,ativo,small-seller,40,2716,8972,22813,32,82,nao,nao,nao
104597,ativo,no-seller,666,795,0,0,0,0,sim,nao,nao
104598,churnado,struggling-seller,178,587,147,481,2,6,nao,sim,nao
104599,churnado,no-seller,10,38,0,0,0,0,nao,nao,nao
104600,ativo,no-seller,415,1307,0,0,0,0,nao,nao,nao
104601,ativo,small-seller,73,376,8456,32264,27,94,sim,nao,nao
104602,ativo,medium-seller,233,341,63574,209158,160,486,sim,nao,nao
104603,ativo,struggling-seller,85,86,0,197,0,1,nao,nao,nao
104604,ativo,no-seller,233,280,0,0,0,0,nao,nao,nao
104605,ativo,medium-seller,81,171,96908,231978,169,382,nao,nao,nao
104606,ativo,struggling-seller,540,1204,320,971,2,6,nao,nao,nao
104607,ativo,small-seller,423,1622,7162,18633,22,58,sim,nao,nao
104608,ativo,no-seller,86,145,0,0,0,0,nao,nao,sim
104609,ativo,no-seller,186,219,0,0,0,0,nao,nao,nao
104610,ativo,medium-seller,300,330,76606,214229,263,732,nao,sim,nao
104611,ativo,no-seller,33,237,0,0,0,0,sim,nao,sim
104612,ativo,no-seller,248,402,0,0,0,0,nao,nao,sim
104613,ativo,struggling-seller,321,710,89,294,1,3,nao,nao,nao
104614,ativo,no-seller,24,37,0,0,0,0,nao,nao,nao
104615,ativo,small-seller,772,1004,5900,18821,31,104,nao,nao,nao
104616,ativo,struggling-seller,682,2528,371,1185,2,6,sim,nao,nao
104617,ativo,no-seller,87,128,0,0,0,0,nao,nao,nao
104618,ativo,struggling-seller,104,118,228,846,1,4,nao,nao,nao
104619,ativo,no-seller,420,2445,0,0,0,0,nao,nao,nao
104620,churnado,no-seller,38,56,0,0,0,0,nao,nao,nao
104621,ativo,no-seller,27,124,0,0,0,0,nao,sim,sim
104622,ativo,struggling-seller,17,38,116,255,1,2,nao,nao,sim
104623,ativo,small-seller,413,2292,9120,26845,33,95,nao,nao,nao
104624,ativo,small-seller,72,265,9309,23082,44,105,nao,nao,nao
104625,ativo,no-seller,57,57,0,0,0,0,nao,nao,nao
104626,churnado,struggling-seller,352,478,102,328,1,3,sim,nao,nao
104627,ativo,no-seller,29,111,0,0,0,0,nao,nao,nao
104628,ativo,no-seller,304,512,0,0,0,0,nao,nao,nao
104629,ativo,small-seller,444,1305,7226,19435,27,71,nao,nao,nao
104630,ativo,struggling-seller,501,718,220,425,1,2,nao,nao,nao
104631,ativo,small-seller,204,639,12248,28274,33,83,nao,nao,sim
104632,churnado,tiny-seller,125,937,2105,8441,6,24,nao,nao,nao
104633,ativo,no-seller,23,69,0,0,0,0,nao,nao,nao
104634,ativo,no-seller,267,1017,0,0,0,0,nao,nao,nao
104635,ativo,no-seller,79,79,0,0,0,0,nao,nao,nao
104636,ativo,no-seller,415,1541,0,0,0,0,nao,nao,nao
104637,ativo,struggling-seller,727,2359,161,324,2,4,nao,nao,nao
104638,ativo,no-seller,245,2832,0,0,0,0,nao,nao,nao
104639,ativo,struggling-seller,651,1536,0,120,0,1,nao,nao,nao
104640,ativo,tiny-seller,537,1693,4376,10902,12,29,nao,nao,nao
104641,ativo,no-seller,12,85,0,0,0,0,sim,nao,nao
104642,churnado,struggling-seller,262,582,0,134,0,1,nao,nao,nao
104643,ativo,no-seller,196,813,0,0,0,0,nao,nao,nao
104644,ativo,no-seller,239,2803,0,0,0,0,nao,nao,nao
104645,ativo,tiny-seller,451,1638,1993,6910,7,24,nao,nao,sim
104646,ativo,medium-seller,222,430,132567,380917,207,647,nao,nao,nao
104647,ativo,struggling-seller,53,61,0,247,0,1,nao,nao,nao
104648,ativo,top-seller,189,3470,1655974,3763385,2157,4823,nao,nao,nao
104649,ativo,small-seller,41,147,21579,61984,49,145,nao,sim,nao
104650,ativo,small-seller,122,169,19757,45071,59,144,nao,nao,nao
104651,ativo,no-seller,76,257,0,0,0,0,nao,nao,nao
104652,ativo,no-seller,139,175,0,0,0,0,nao,nao,nao
104653,ativo,tiny-seller,16,327,655,1864,3,8,nao,nao,nao
104654,ativo,struggling-seller,491,870,358,929,2,5,nao,nao,nao
104655,ativo,tiny-seller,159,795,1798,6422,7,24,nao,nao,nao
104656,ativo,no-seller,65,88,0,0,0,0,sim,nao,nao
104657,trial,no-seller,682,3340,0,0,0,0,nao,sim,nao
104658,ativo,small-seller,438,2884,9476,24753,29,78,nao,nao,sim
104659,ativo,no-seller,65,81,0,0,0,0,nao,nao,nao
104660,ativo,no-seller,153,253,0,0,0,0,nao,nao,nao
104661,ativo,no-seller,218,1250,0,0,0,0,nao,nao,nao
104662,ativo,no-seller,458,755,0,0,0,0,nao,nao,nao
104663,ativo,no-seller,140,221,0,0,0,0,nao,nao,nao
104664,ativo,no-seller,393,551,0,0,0,0,nao,nao,nao
104665,ativo,no-seller,78,124,0,0,0,0,sim,nao,nao
104666,ativo,medium-seller,654,1486,60314,173769,105,314,nao,nao,nao
104667,ativo,no-seller,461,644,0,0,0,0,nao,sim,sim
104668,ativo,no-seller,257,908,0,0,0,0,nao,nao,nao
104669,ativo,struggling-seller,685,2869,0,169,0,1,sim,nao,sim
104670,ativo,tiny-seller,597,1531,1785,5840,5,16,nao,nao,nao
104671,trial,no-seller,170,3329,0,0,0,0,nao,nao,nao
104672,ativo,struggling-seller,223,1616,390,1066,2,6,sim,nao,nao
104673,ativo,no-seller,7,46,0,0,0,0,nao,nao,nao
104674,ativo,struggling-seller,743,760,272,825,2,6,nao,nao,nao
104675,ativo,struggling-seller,459,1915,168,446,2,5,nao,nao,nao
104676,ativo,small-seller,318,387,14499,35001,52,115,nao,nao,sim
104677,ativo,struggling-seller,43,1506,254,803,2,6,nao,nao,nao
104678,ativo,struggling-seller,442,516,195,384,1,2,nao,sim,nao
104679,ativo,struggling-seller,524,3313,319,905,2,6,nao,nao,nao
104680,ativo,no-seller,110,296,0,0,0,0,nao,sim,nao
104681,churnado,small-seller,213,764,5699,18079,15,47,nao,nao,nao
104682,ativo,tiny-seller,402,1417,2973,7859,9,24,nao,nao,nao
104683,ativo,no-seller,345,1992,0,0,0,0,nao,nao,nao
104684,ativo,no-seller,400,1485,0,0,0,0,nao,nao,nao
104685,ativo,small-seller,84,108,19608,53245,47,134,nao,nao,nao
104686,ativo,struggling-seller,366,470,244,688,2,6,nao,nao,nao
104687,ativo,no-seller,11,32,0,0,0,0,nao,nao,nao
104688,ativo,no-seller,14,40,0,0,0,0,nao,sim,nao
104689,ativo,small-seller,677,1288,12006,47516,27,101,sim,nao,nao
104690,ativo,no-seller,122,266,0,0,0,0,nao,nao,nao
104691,ativo,no-seller,1,36,0,0,0,0,nao,nao,nao
104692,ativo,no-seller,233,448,0,0,0,0,nao,nao,nao
104693,ativo,no-seller,63,1316,0,0,0,0,nao,nao,sim
104694,ativo,no-seller,89,2500,0,0,0,0,nao,nao,nao
104695,ativo,struggling-seller,18,35,500,1498,2,6,nao,nao,nao
104696,ativo,struggling-seller,150,1003,0,102,0,1,nao,nao,nao
104697,ativo,small-seller,450,578,12946,42619,28,97,nao,nao,nao
104698,ativo,no-seller,94,1510,0,0,0,0,nao,nao,nao
104699,ativo,struggling-seller,74,117,164,342,1,2,nao,nao,nao
104700,ativo,no-seller,317,3007,0,0,0,0,nao,sim,nao
104701,ativo,tiny-seller,5,109,1151,4284,5,17,nao,nao,nao
104702,ativo,struggling-seller,424,680,0,175,0,1,nao,nao,nao
104703,ativo,no-seller,705,2940,0,0,0,0,nao,nao,sim
104704,trial,struggling-seller,75,113,352,730,3,6,sim,nao,nao
104705,trial,no-seller,426,881,0,0,0,0,nao,nao,nao
104706,ativo,no-seller,19,49,0,0,0,0,nao,nao,nao
104707,cancelado,no-seller,265,2627,0,0,0,0,sim,sim,nao
104708,ativo,no-seller,450,639,0,0,0,0,nao,nao,nao
104709,ativo,no-seller,95,124,0,0,0,0,nao,nao,nao
104710,ativo,no-seller,55,712,0,0,0,0,nao,nao,sim
104711,ativo,tiny-seller,9,36,759,2898,4,14,nao,nao,nao
104712,ativo,struggling-seller,543,2148,110,207,1,2,nao,nao,nao
104713,ativo,struggling-seller,39,114,235,664,1,3,nao,nao,nao
104714,ativo,struggling-seller,83,700,97,444,1,5,nao,sim,nao
104715,ativo,no-seller,36,60,0,0,0,0,nao,nao,nao
104716,ativo,no-seller,45,164,0,0,0,0,nao,nao,nao
104717,ativo,no-seller,361,2159,0,0,0,0,nao,nao,nao
104718,ativo,tiny-seller,9,2409,2624,6922,11,27,nao,sim,nao
104719,churnado,tiny-seller,38,383,1901,5023,10,24,nao,nao,nao
104720,ativo,no-seller,77,1889,0,0,0,0,nao,nao,nao
104721,ativo,no-seller,750,1343,0,0,0,0,nao,sim,nao
104722,ativo,no-seller,578,874,0,0,0,0,nao,nao,nao
104723,ativo,tiny-seller,475,2084,1243,4093,5,17,nao,sim,nao
104724,ativo,no-seller,101,266,0,0,0,0,nao,nao,nao
104725,ativo,no-seller,2,47,0,0,0,0,nao,nao,nao
104726,ativo,medium-seller,502,656,106672,261752,199,531,sim,nao,nao
104727,ativo,no-seller,35,253,0,0,0,0,nao,nao,nao
104728,ativo,no-seller,285,2409,0,0,0,0,nao,nao,nao
104729,ativo,no-seller,626,923,0,0,0,0,nao,nao,nao
104730,ativo,tiny-seller,44,114,2946,7068,8,18,nao,sim,nao
104731,ativo,struggling-seller,290,331,467,1241,2,5,nao,nao,sim
104732,ativo,no-seller,34,38,0,0,0,0,sim,nao,sim
104733,ativo,no-seller,12,998,0,0,0,0,nao,nao,nao
104734,ativo,no-seller,53,64,0,0,0,0,nao,nao,nao
104735,ativo,no-seller,341,2839,0,0,0,0,nao,nao,nao
104736,ativo,no-seller,181,297,0,0,0,0,sim,nao,nao
104737,ativo,struggling-seller,99,663,98,415,1,4,nao,nao,nao
104738,ativo,no-seller,72,305,0,0,0,0,nao,nao,nao
104739,ativo,tiny-seller,794,958,1351,4212,8,24,nao,nao,nao
104740,churnado,no-seller,45,120,0,0,0,0,nao,nao,nao
104741,ativo,small-seller,92,125,7962,24428,39,124,sim,nao,nao
104742,ativo,no-seller,272,556,0,0,0,0,nao,sim,nao
104743,ativo,struggling-seller,8,75,203,642,2,6,nao,nao,nao
104744,ativo,no-seller,329,2178,0,0,0,0,nao,nao,nao
104745,ativo,no-seller,271,705,0,0,0,0,sim,nao,nao
104746,churnado,struggling-seller,57,3435,418,851,3,6,sim,nao,nao
104747,ativo,no-seller,24,30,0,0,0,0,nao,nao,nao
104748,ativo,struggling-seller,105,223,249,752,1,3,nao,nao,nao
104749,ativo,no-seller,507,2927,0,0,0,0,sim,sim,nao
104750,ativo,no-seller,622,2190,0,0,0,0,nao,nao,nao
104751,ativo,tiny-seller,401,2356,596,2023,4,13,nao,nao,nao
104752,churnado,no-seller,15,37,0,0,0,0,nao,nao,nao
104753,ativo,tiny-seller,632,1635,1316,4043,4,13,nao,nao,nao
104754,ativo,no-seller,53,373,0,0,0,0,nao,nao,nao
104755,ativo,tiny-seller,41,487,1795,7490,6,23,nao,nao,nao
104756,ativo,struggling-seller,394,493,201,850,1,4,nao,nao,nao
104757,ativo,tiny-seller,51,491,3368,8622,12,29,sim,nao,nao
104758,churnado,no-seller,142,166,0,0,0,0,nao,sim,nao
104759,ativo,struggling-seller,214,336,196,359,1,2,nao,nao,nao
104760,ativo,no-seller,43,52,0,0,0,0,nao,nao,nao
104761,ativo,tiny-seller,175,409,738,1608,3,7,nao,nao,nao
104762,ativo,tiny-seller,748,2193,4439,11335,12,29,nao,nao,nao
104763,ativo,no-seller,394,929,0,0,0,0,nao,nao,nao
104764,ativo,no-seller,369,1764,0,0,0,0,nao,nao,nao
104765,ativo,struggling-seller,236,2983,311,756,2,5,nao,nao,nao
104766,ativo,struggling-seller,549,589,263,767,2,6,sim,nao,sim
104767,ativo,medium-seller,301,1140,54745,175989,182,548,nao,nao,nao
104768,ativo,no-seller,205,1829,0,0,0,0,nao,nao,nao
104769,churnado,struggling-seller,159,213,407,1028,2,5,nao,nao,nao
104770,ativo,struggling-seller,14,209,326,1054,2,6,nao,nao,nao
104771,ativo,struggling-seller,367,411,202,1069,1,5,nao,nao,sim
104772,ativo,small-seller,481,759,6731,18691,28,82,nao,nao,nao
104773,ativo,no-seller,103,860,0,0,0,0,sim,nao,nao
104774,ativo,no-seller,151,937,0,0,0,0,nao,nao,nao
104775,ativo,tiny-seller,590,1881,1657,5890,4,15,nao,nao,nao
104776,ativo,tiny-seller,26,2848,1698,5765,7,26,nao,nao,nao
104777,ativo,no-seller,6,34,0,0,0,0,nao,nao,nao
104778,churnado,small-seller,296,783,13338,39624,32,88,nao,nao,sim
104779,ativo,no-seller,13,78,0,0,0,0,nao,nao,nao
104780,churnado,no-seller,727,3053,0,0,0,0,nao,nao,nao
104781,ativo,no-seller,145,848,0,0,0,0,nao,nao,nao
104782,ativo,no-seller,138,144,0,0,0,0,nao,nao,nao
104783,ativo,tiny-seller,128,302,1481,3778,5,12,nao,sim,sim
104784,ativo,no-seller,198,2989,0,0,0,0,sim,nao,nao
104785,ativo,struggling-seller,319,2853,324,889,2,6,nao,nao,nao
104786,ativo,no-seller,194,2551,0,0,0,0,nao,nao,nao
104787,ativo,no-seller,95,2152,0,0,0,0,sim,nao,nao
104788,ativo,no-seller,224,2462,0,0,0,0,sim,nao,nao
104789,ativo,no-seller,233,423,0,0,0,0,nao,nao,nao
104790,ativo,no-seller,586,794,0,0,0,0,nao,nao,nao
104791,ativo,no-seller,35,89,0,0,0,0,sim,nao,nao
104792,ativo,no-seller,196,291,0,0,0,0,nao,nao,nao
104793,ativo,no-seller,36,56,0,0,0,0,nao,nao,nao
104794,ativo,large-seller,49,137,469318,1075234,642,1486,nao,nao,nao
104795,ativo,no-seller,9,114,0,0,0,0,nao,nao,nao
104796,ativo,no-seller,221,1228,0,0,0,0,nao,nao,nao
104797,ativo,struggling-seller,105,147,189,343,1,2,nao,nao,nao
104798,ativo,struggling-seller,5,93,508,1418,2,6,nao,nao,nao
104799,ativo,tiny-seller,418,3408,2427,6530,10,26,sim,nao,nao
104800,ativo,no-seller,345,716,0,0,0,0,nao,nao,nao
104801,ativo,top-seller,622,1941,377228,1278716,663,2104,nao,nao,nao
104802,ativo,medium-seller,32,49,113728,262265,195,482,nao,sim,nao
104803,ativo,no-seller,620,650,0,0,0,0,nao,nao,nao
104804,ativo,small-seller,1,1561,9424,28539,26,81,sim,nao,nao
104805,trial,small-seller,508,1722,13589,39370,33,90,nao,nao,nao
104806,ativo,no-seller,139,567,0,0,0,0,nao,nao,nao
104807,ativo,small-seller,602,1211,12483,37319,39,111,nao,nao,sim
104808,ativo,no-seller,181,552,0,0,0,0,sim,nao,nao
104809,ativo,tiny-seller,333,1982,1328,3920,6,16,nao,nao,nao
104810,ativo,struggling-seller,123,194,454,884,2,4,nao,sim,nao
104811,ativo,no-seller,40,48,0,0,0,0,sim,nao,nao
104812,ativo,small-seller,9,82,13540,44521,27,87,nao,nao,sim
104813,ativo,no-seller,40,186,0,0,0,0,nao,nao,nao
104814,ativo,no-seller,204,363,0,0,0,0,nao,nao,nao
104815,ativo,no-seller,38,190,0,0,0,0,sim,nao,nao
104816,ativo,tiny-seller,0,144,4247,11263,12,29,nao,nao,nao
104817,ativo,struggling-seller,99,214,186,742,1,4,sim,nao,nao
104818,ativo,no-seller,641,765,0,0,0,0,nao,nao,nao
104819,ativo,no-seller,255,2940,0,0,0,0,nao,nao,nao
104820,ativo,no-seller,11,125,0,0,0,0,nao,nao,nao
104821,ativo,no-seller,314,394,0,0,0,0,nao,nao,nao
104822,ativo,small-seller,258,2582,27690,59857,64,149,nao,sim,nao
104823,ativo,tiny-seller,72,1123,1037,3136,4,11,nao,sim,nao
104824,ativo,no-seller,322,1131,0,0,0,0,nao,nao,nao
104825,ativo,no-seller,184,194,0,0,0,0,sim,nao,nao
104826,ativo,no-seller,365,1182,0,0,0,0,nao,nao,nao
104827,ativo,no-seller,473,652,0,0,0,0,nao,nao,nao
104828,ativo,no-seller,493,523,0,0,0,0,nao,nao,nao
104829,ativo,no-seller,319,545,0,0,0,0,nao,sim,nao
104830,ativo,struggling-seller,108,1578,213,430,1,2,nao,nao,nao
104831,cancelado,tiny-seller,39,65,1673,6404,7,29,nao,nao,nao
104832,ativo,tiny-seller,515,2817,706,2255,5,15,nao,nao,nao
104833,ativo,small-seller,23,63,5647,16571,11,34,sim,nao,nao
104834,cancelado,small-seller,154,2355,11959,40676,34,115,nao,nao,nao
104835,churnado,no-seller,374,2180,0,0,0,0,nao,sim,nao
104836,trial,no-seller,425,1750,0,0,0,0,nao,nao,nao
104837,ativo,no-seller,49,1859,0,0,0,0,nao,sim,nao
104838,ativo,no-seller,22,1718,0,0,0,0,nao,nao,nao
104839,trial,struggling-seller,20,50,200,537,2,5,nao,nao,sim
104840,ativo,no-seller,412,1462,0,0,0,0,nao,nao,nao
104841,ativo,struggling-seller,537,1230,0,130,0,1,nao,nao,nao
104842,ativo,large-seller,565,1125,227697,664974,477,1466,nao,nao,nao
104843,ativo,struggling-seller,59,177,226,619,1,3,sim,nao,nao
104844,ativo,struggling-seller,3,2430,463,1058,2,5,nao,nao,nao
104845,ativo,tiny-seller,291,2205,2658,6390,12,30,nao,nao,nao
104846,ativo,struggling-seller,639,898,256,634,2,5,nao,nao,nao
104847,ativo,no-seller,77,246,0,0,0,0,nao,nao,sim
104848,ativo,struggling-seller,38,84,186,520,1,3,nao,nao,nao
104849,churnado,large-seller,542,999,280946,642462,339,833,nao,nao,sim
104850,ativo,tiny-seller,154,233,2841,7240,9,22,nao,sim,nao
104851,ativo,small-seller,116,324,9924,33481,21,65,nao,nao,nao
104852,ativo,tiny-seller,3,57,1570,3185,5,11,sim,nao,nao
104853,ativo,tiny-seller,219,3269,596,2541,3,12,nao,nao,nao
104854,ativo,no-seller,459,524,0,0,0,0,sim,nao,nao
104855,churnado,struggling-seller,741,982,354,1009,2,6,nao,nao,nao
104856,ativo,no-seller,110,555,0,0,0,0,nao,sim,nao
104857,ativo,no-seller,42,125,0,0,0,0,nao,sim,nao
104858,ativo,struggling-seller,409,604,426,981,2,5,nao,nao,nao
104859,ativo,no-seller,34,90,0,0,0,0,sim,sim,nao
104860,churnado,no-seller,36,234,0,0,0,0,sim,nao,nao
104861,ativo,tiny-seller,127,130,1077,2430,3,7,sim,nao,nao
104862,ativo,medium-seller,150,546,55726,148286,140,391,nao,nao,nao
104863,ativo,struggling-seller,230,1158,170,744,1,4,sim,sim,nao
104864,ativo,no-seller,390,2264,0,0,0,0,nao,nao,nao
104865,ativo,small-seller,73,654,19896,44956,53,119,nao,nao,nao
104866,ativo,tiny-seller,478,1104,2653,5871,8,18,nao,nao,nao
104867,ativo,tiny-seller,393,546,472,1522,3,9,nao,nao,nao
104868,ativo,no-seller,28,89,0,0,0,0,nao,nao,nao
104869,ativo,no-seller,261,303,0,0,0,0,sim,nao,nao
104870,ativo,tiny-seller,248,854,608,2306,2,7,nao,nao,nao
104871,ativo,no-seller,70,140,0,0,0,0,sim,nao,nao
104872,ativo,struggling-seller,528,3059,98,315,1,3,nao,nao,nao
104873,ativo,no-seller,409,1305,0,0,0,0,nao,nao,sim
104874,ativo,struggling-seller,137,1199,0,232,0,1,nao,nao,nao
104875,ativo,no-seller,117,1783,0,0,0,0,nao,nao,nao
104876,ativo,tiny-seller,22,67,454,1287,3,8,nao,nao,nao
104877,ativo,no-seller,15,213,0,0,0,0,nao,nao,nao
104878,ativo,no-seller,191,334,0,0,0,0,nao,nao,sim
104879,ativo,tiny-seller,160,538,2853,6247,11,26,nao,sim,nao
104880,ativo,struggling-seller,13,176,203,437,1,2,nao,sim,nao
104881,ativo,no-seller,140,157,0,0,0,0,nao,nao,nao
104882,churnado,struggling-seller,115,256,315,574,3,6,nao,nao,nao
104883,ativo,no-seller,81,1892,0,0,0,0,nao,nao,nao
104884,ativo,tiny-seller,472,652,1100,3648,3,9,nao,sim,nao
104885,ativo,struggling-seller,288,906,198,362,1,2,nao,nao,nao
104886,ativo,tiny-seller,231,2933,1092,2809,4,10,nao,nao,nao
104887,ativo,no-seller,284,348,0,0,0,0,nao,nao,nao
104888,ativo,no-seller,155,642,0,0,0,0,nao,sim,sim
104889,trial,struggling-seller,274,484,118,341,1,3,nao,nao,nao
104890,ativo,no-seller,510,2191,0,0,0,0,nao,nao,nao
104891,ativo,tiny-seller,549,1714,930,2819,5,14,nao,sim,nao
104892,ativo,tiny-seller,72,203,3664,8845,8,20,sim,nao,nao
104893,ativo,struggling-seller,284,960,88,288,1,3,nao,nao,nao
104894,ativo,tiny-seller,300,3032,755,2091,4,12,nao,nao,nao
104895,ativo,struggling-seller,33,40,277,511,2,4,nao,nao,nao
104896,churnado,no-seller,17,144,0,0,0,0,nao,nao,nao
104897,ativo,no-seller,23,102,0,0,0,0,nao,nao,nao
104898,ativo,struggling-seller,199,711,862,1609,3,6,nao,nao,nao
104899,ativo,no-seller,319,352,0,0,0,0,nao,nao,nao
104900,ativo,no-seller,166,849,0,0,0,0,nao,sim,nao
104901,ativo,no-seller,306,845,0,0,0,0,nao,nao,nao
104902,ativo,no-seller,608,624,0,0,0,0,nao,nao,nao
104903,ativo,no-seller,5,796,0,0,0,0,nao,nao,sim
104904,ativo,struggling-seller,179,682,0,164,0,1,nao,nao,nao
104905,ativo,struggling-seller,417,1090,207,581,2,6,nao,nao,nao
104906,churnado,struggling-seller,553,829,0,213,0,1,nao,nao,nao
104907,ativo,no-seller,99,243,0,0,0,0,nao,nao,nao
104908,ativo,tiny-seller,235,2580,3081,6475,9,20,nao,nao,nao
104909,ativo,no-seller,547,728,0,0,0,0,nao,nao,nao
104910,ativo,no-seller,312,485,0,0,0,0,sim,nao,nao
104911,ativo,top-seller,429,935,1277732,3080318,1687,4236,nao,nao,nao
104912,ativo,no-seller,394,1697,0,0,0,0,nao,nao,nao
104913,ativo,no-seller,105,394,0,0,0,0,nao,nao,nao
104914,ativo,no-seller,1,172,0,0,0,0,nao,sim,nao
104915,ativo,no-seller,166,233,0,0,0,0,sim,nao,nao
104916,ativo,no-seller,67,97,0,0,0,0,nao,nao,nao
104917,trial,no-seller,75,75,0,0,0,0,nao,sim,nao
104918,ativo,struggling-seller,299,1385,0,137,0,1,nao,nao,nao
104919,ativo,no-seller,61,184,0,0,0,0,nao,nao,nao
104920,ativo,no-seller,726,1146,0,0,0,0,nao,nao,nao
104921,ativo,struggling-seller,0,259,195,1062,1,5,nao,nao,nao
104922,ativo,no-seller,619,2985,0,0,0,0,nao,nao,sim
104923,ativo,struggling-seller,69,219,466,1083,2,5,sim,nao,sim
104924,cancelado,tiny-seller,91,285,1723,6190,8,26,sim,sim,nao
104925,ativo,struggling-seller,44,171,92,176,1,2,nao,nao,nao
104926,ativo,no-seller,116,159,0,0,0,0,nao,nao,nao
104927,ativo,no-seller,130,468,0,0,0,0,nao,nao,nao
104928,ativo,tiny-seller,372,2231,806,2625,4,12,nao,nao,sim
104929,ativo,no-seller,240,2396,0,0,0,0,sim,nao,nao
104930,ativo,struggling-seller,134,434,254,520,3,6,nao,nao,nao
104931,ativo,struggling-seller,45,81,0,162,0,1,nao,nao,nao
104932,ativo,no-seller,16,51,0,0,0,0,nao,nao,nao
104933,ativo,no-seller,561,2160,0,0,0,0,nao,nao,nao
104934,ativo,no-seller,15,261,0,0,0,0,nao,nao,nao
104935,ativo,no-seller,181,2584,0,0,0,0,nao,nao,sim
104936,ativo,no-seller,139,192,0,0,0,0,nao,sim,nao
104937,ativo,no-seller,146,249,0,0,0,0,nao,nao,nao
104938,ativo,no-seller,23,41,0,0,0,0,nao,nao,nao
104939,trial,no-seller,202,2212,0,0,0,0,nao,nao,nao
104940,ativo,struggling-seller,194,567,358,978,2,6,nao,nao,nao
104941,ativo,struggling-seller,120,721,497,1646,2,6,nao,nao,nao
104942,ativo,tiny-seller,73,77,3898,11288,10,29,nao,nao,nao
104943,ativo,no-seller,230,687,0,0,0,0,nao,sim,nao
104944,ativo,no-seller,110,1448,0,0,0,0,nao,nao,nao
104945,ativo,struggling-seller,159,228,373,997,2,5,nao,nao,sim
104946,ativo,tiny-seller,377,1086,1426,5236,6,23,sim,nao,nao
104947,ativo,no-seller,29,87,0,0,0,0,nao,nao,nao
104948,ativo,no-seller,94,938,0,0,0,0,nao,nao,nao
104949,ativo,no-seller,308,2241,0,0,0,0,sim,nao,nao
104950,ativo,no-seller,3,533,0,0,0,0,nao,nao,nao
104951,ativo,struggling-seller,11,55,636,1266,3,6,nao,nao,nao
104952,ativo,no-seller,113,165,0,0,0,0,nao,nao,sim
104953,ativo,no-seller,91,132,0,0,0,0,nao,nao,nao
104954,ativo,medium-seller,78,145,87205,321396,213,710,nao,nao,nao
104955,ativo,no-seller,136,3067,0,0,0,0,nao,nao,nao
104956,ativo,no-seller,24,249,0,0,0,0,sim,nao,nao
104957,ativo,no-seller,497,1390,0,0,0,0,nao,nao,nao
104958,ativo,struggling-seller,168,204,415,1261,2,6,nao,nao,nao
104959,ativo,tiny-seller,580,947,2786,7897,10,26,nao,nao,nao
104960,ativo,no-seller,200,1548,0,0,0,0,nao,nao,nao
104961,ativo,tiny-seller,280,615,1302,3610,4,12,nao,nao,nao
104962,ativo,no-seller,443,541,0,0,0,0,nao,nao,nao
104963,ativo,no-seller,130,1619,0,0,0,0,nao,nao,nao
104964,ativo,no-seller,598,2341,0,0,0,0,nao,nao,sim
104965,ativo,tiny-seller,539,1358,1488,4878,6,20,nao,nao,nao
104966,ativo,tiny-seller,9,331,1005,3507,4,13,nao,nao,nao
104967,ativo,no-seller,57,226,0,0,0,0,nao,nao,nao
104968,ativo,no-seller,383,1952,0,0,0,0,nao,nao,nao
104969,ativo,no-seller,5,992,0,0,0,0,sim,nao,nao
104970,ativo,no-seller,271,341,0,0,0,0,sim,nao,nao
104971,ativo,no-seller,800,3185,0,0,0,0,nao,nao,nao
104972,ativo,no-seller,256,727,0,0,0,0,sim,nao,nao
104973,ativo,no-seller,61,76,0,0,0,0,nao,nao,nao
104974,ativo,no-seller,707,3081,0,0,0,0,nao,nao,nao
104975,ativo,struggling-seller,196,272,192,550,1,3,nao,nao,sim
104976,ativo,no-seller,99,120,0,0,0,0,nao,nao,nao
104977,ativo,struggling-seller,644,825,280,699,2,5,nao,nao,nao
104978,ativo,no-seller,133,474,0,0,0,0,nao,nao,nao
104979,ativo,no-seller,443,2325,0,0,0,0,nao,nao,nao
104980,ativo,no-seller,547,1946,0,0,0,0,nao,nao,nao
104981,trial,medium-seller,376,3424,58876,184618,92,300,nao,nao,nao
104982,ativo,struggling-seller,69,74,414,942,2,5,nao,nao,nao
104983,ativo,no-seller,191,408,0,0,0,0,nao,sim,nao
104984,ativo,no-seller,12,107,0,0,0,0,nao,nao,nao
104985,ativo,no-seller,100,366,0,0,0,0,nao,nao,nao
104986,ativo,no-seller,650,3111,0,0,0,0,nao,nao,nao
104987,ativo,no-seller,355,3256,0,0,0,0,sim,nao,nao
104988,ativo,small-seller,113,131,24384,69737,44,134,nao,nao,nao
104989,ativo,struggling-seller,288,428,99,190,1,2,nao,nao,nao
104990,ativo,no-seller,5,103,0,0,0,0,nao,nao,nao
104991,ativo,struggling-seller,295,334,288,533,2,4,nao,nao,nao
104992,trial,no-seller,577,1882,0,0,0,0,nao,nao,nao
104993,ativo,no-seller,429,788,0,0,0,0,nao,nao,nao
104994,ativo,tiny-seller,71,2570,2505,6330,8,20,sim,nao,nao
104995,ativo,struggling-seller,592,3371,156,605,1,4,nao,nao,nao
104996,ativo,no-seller,8,50,0,0,0,0,nao,nao,nao
104997,trial,no-seller,334,396,0,0,0,0,nao,nao,sim
104998,ativo,struggling-seller,682,1898,378,828,3,6,nao,nao,nao
104999,ativo,tiny-seller,657,1646,2397,5054,6,13,nao,nao,nao
105000,ativo,no-seller,609,718,0,0,0,0,nao,nao,nao
105001,ativo,no-seller,264,1045,0,0,0,0,nao,nao,nao
105002,ativo,no-seller,169,3436,0,0,0,0,nao,sim,nao
105003,churnado,no-seller,755,1212,0,0,0,0,nao,nao,nao
105004,ativo,tiny-seller,305,693,699,1755,3,8,sim,nao,nao
105005,cancelado,tiny-seller,52,84,458,1750,2,8,sim,nao,nao
105006,ativo,no-seller,35,358,0,0,0,0,nao,sim,sim
105007,ativo,no-seller,149,164,0,0,0,0,nao,nao,nao
105008,ativo,tiny-seller,718,2149,3521,7949,8,19,nao,nao,nao
105009,ativo,struggling-seller,502,721,0,144,0,1,nao,nao,nao
105010,ativo,struggling-seller,75,2108,94,288,1,3,nao,nao,nao
105011,ativo,no-seller,577,1829,0,0,0,0,nao,nao,nao
105012,ativo,no-seller,14,248,0,0,0,0,nao,nao,nao
105013,ativo,no-seller,88,98,0,0,0,0,nao,nao,sim
105014,ativo,no-seller,286,1713,0,0,0,0,nao,nao,nao
105015,ativo,no-seller,28,91,0,0,0,0,nao,nao,nao
105016,ativo,no-seller,202,260,0,0,0,0,nao,nao,nao
105017,ativo,no-seller,45,1377,0,0,0,0,nao,nao,nao
105018,ativo,struggling-seller,488,892,268,617,2,5,nao,nao,nao
105019,ativo,struggling-seller,74,83,540,1670,2,6,nao,nao,nao
105020,cancelado,struggling-seller,39,102,153,333,2,4,nao,nao,nao
105021,ativo,no-seller,330,795,0,0,0,0,nao,sim,nao
105022,ativo,no-seller,590,916,0,0,0,0,nao,sim,nao
105023,ativo,tiny-seller,69,75,399,1462,2,8,sim,nao,nao
105024,ativo,struggling-seller,305,876,220,416,1,2,sim,nao,nao
105025,ativo,small-seller,314,324,16955,53118,46,139,nao,nao,sim
105026,ativo,no-seller,0,519,0,0,0,0,nao,nao,nao
105027,ativo,no-seller,406,673,0,0,0,0,sim,nao,nao
105028,ativo,struggling-seller,159,517,0,168,0,1,nao,nao,nao
105029,ativo,no-seller,3,182,0,0,0,0,sim,nao,nao
105030,ativo,no-seller,13,49,0,0,0,0,nao,nao,nao
105031,ativo,no-seller,27,151,0,0,0,0,sim,nao,nao
105032,ativo,medium-seller,189,2460,124805,271162,203,468,nao,sim,nao
105033,ativo,tiny-seller,24,36,897,3102,2,7,nao,nao,nao
105034,ativo,small-seller,18,42,18475,44677,42,97,nao,nao,nao
105035,ativo,no-seller,188,314,0,0,0,0,nao,nao,nao
105036,ativo,no-seller,381,433,0,0,0,0,nao,nao,nao
105037,ativo,no-seller,348,3481,0,0,0,0,nao,nao,sim
105038,ativo,no-seller,152,157,0,0,0,0,sim,nao,nao
105039,churnado,struggling-seller,127,268,321,655,2,4,nao,nao,nao
105040,ativo,no-seller,10,69,0,0,0,0,nao,nao,nao
105041,ativo,struggling-seller,232,2443,250,676,2,5,nao,nao,nao
105042,ativo,no-seller,44,244,0,0,0,0,nao,nao,nao
105043,ativo,no-seller,20,229,0,0,0,0,nao,nao,nao
105044,churnado,struggling-seller,158,818,233,685,1,3,nao,nao,nao
105045,churnado,struggling-seller,9,41,265,511,2,4,nao,nao,nao
105046,ativo,struggling-seller,15,1271,189,370,1,2,nao,nao,nao
105047,ativo,no-seller,301,990,0,0,0,0,nao,nao,nao
105048,cancelado,no-seller,355,573,0,0,0,0,nao,nao,nao
105049,ativo,no-seller,232,1936,0,0,0,0,nao,nao,nao
105050,ativo,no-seller,290,686,0,0,0,0,nao,sim,nao
105051,ativo,no-seller,569,1214,0,0,0,0,sim,nao,nao
105052,ativo,no-seller,361,1021,0,0,0,0,nao,nao,nao
105053,ativo,struggling-seller,174,2615,217,861,1,4,nao,nao,nao
105054,ativo,tiny-seller,313,3397,2390,9213,7,27,nao,nao,nao
105055,ativo,no-seller,781,2185,0,0,0,0,sim,nao,nao
105056,ativo,struggling-seller,17,87,0,257,0,1,nao,nao,nao
105057,ativo,tiny-seller,442,2483,2085,5261,11,27,sim,nao,nao
105058,ativo,tiny-seller,794,3129,1339,3599,7,18,nao,nao,nao
105059,ativo,no-seller,18,47,0,0,0,0,nao,nao,nao
105060,churnado,tiny-seller,591,2223,1198,2886,4,10,nao,nao,nao
105061,ativo,no-seller,4,31,0,0,0,0,nao,nao,nao
105062,ativo,large-seller,488,2278,169255,537349,381,1191,nao,nao,nao
105063,ativo,no-seller,125,231,0,0,0,0,sim,nao,nao
105064,ativo,medium-seller,55,621,37984,159032,71,281,nao,nao,nao
105065,ativo,no-seller,131,141,0,0,0,0,nao,nao,nao
105066,ativo,no-seller,5,419,0,0,0,0,nao,nao,sim
105067,ativo,struggling-seller,176,1727,320,842,2,5,sim,nao,sim
105068,ativo,no-seller,264,2934,0,0,0,0,sim,nao,nao
105069,cancelado,struggling-seller,234,1144,288,817,1,3,nao,nao,nao
105070,ativo,no-seller,117,713,0,0,0,0,nao,sim,nao
105071,ativo,no-seller,56,316,0,0,0,0,sim,nao,nao
105072,ativo,tiny-seller,16,95,1664,4411,4,11,nao,nao,nao
105073,ativo,no-seller,392,2972,0,0,0,0,nao,nao,nao
105074,ativo,no-seller,438,1535,0,0,0,0,sim,nao,nao
105075,ativo,no-seller,45,321,0,0,0,0,nao,nao,nao
105076,trial,struggling-seller,37,79,260,825,2,6,nao,nao,nao
105077,ativo,no-seller,160,1100,0,0,0,0,sim,nao,sim
105078,ativo,no-seller,141,244,0,0,0,0,nao,sim,nao
105079,ativo,no-seller,378,1891,0,0,0,0,nao,nao,nao
105080,ativo,no-seller,104,156,0,0,0,0,nao,nao,nao
105081,ativo,no-seller,625,2543,0,0,0,0,nao,nao,nao
105082,ativo,no-seller,220,3060,0,0,0,0,nao,nao,nao
105083,ativo,no-seller,184,748,0,0,0,0,nao,nao,nao
105084,ativo,tiny-seller,792,3263,1832,5842,8,26,nao,nao,nao
105085,ativo,no-seller,485,1856,0,0,0,0,sim,nao,nao
105086,ativo,no-seller,669,1173,0,0,0,0,nao,nao,nao
105087,trial,no-seller,31,67,0,0,0,0,nao,nao,nao
105088,ativo,no-seller,559,2482,0,0,0,0,nao,nao,nao
105089,ativo,no-seller,7,55,0,0,0,0,sim,nao,nao
105090,ativo,no-seller,261,1675,0,0,0,0,nao,nao,nao
105091,ativo,no-seller,68,399,0,0,0,0,sim,nao,nao
105092,ativo,tiny-seller,11,67,665,1697,3,7,nao,sim,nao
105093,ativo,small-seller,0,34,4987,12367,13,31,nao,nao,nao
105094,ativo,no-seller,593,2963,0,0,0,0,nao,nao,sim
105095,ativo,struggling-seller,274,322,213,522,2,5,nao,nao,nao
105096,churnado,no-seller,1,74,0,0,0,0,nao,nao,nao
105097,ativo,tiny-seller,326,3310,1972,6033,9,25,sim,nao,nao
105098,ativo,no-seller,117,176,0,0,0,0,nao,nao,nao
105099,ativo,medium-seller,64,83,44570,110607,114,298,nao,nao,nao
105100,ativo,struggling-seller,46,3430,111,311,1,3,nao,nao,nao
105101,ativo,small-seller,180,1660,10637,41206,28,101,nao,nao,nao
105102,ativo,no-seller,688,862,0,0,0,0,nao,nao,nao
105103,ativo,no-seller,15,127,0,0,0,0,nao,nao,nao
105104,ativo,struggling-seller,210,240,0,212,0,1,nao,nao,sim
105105,ativo,tiny-seller,193,1420,2661,7488,11,30,nao,nao,sim
105106,ativo,no-seller,19,41,0,0,0,0,nao,nao,nao
105107,cancelado,no-seller,93,2769,0,0,0,0,nao,nao,nao
105108,ativo,tiny-seller,498,2038,353,1526,2,8,nao,nao,nao
105109,ativo,no-seller,512,1119,0,0,0,0,sim,nao,nao
105110,ativo,small-seller,741,1482,12906,38951,31,102,nao,nao,nao
105111,ativo,struggling-seller,149,2246,150,299,1,2,nao,nao,sim
105112,ativo,struggling-seller,23,50,307,754,2,5,nao,nao,sim
105113,ativo,tiny-seller,11,107,2264,5963,9,22,sim,sim,nao
105114,ativo,small-seller,473,2857,4434,11309,17,41,nao,nao,nao
105115,ativo,no-seller,47,109,0,0,0,0,nao,nao,nao
105116,ativo,medium-seller,616,1000,70167,258801,99,396,nao,sim,sim
105117,ativo,struggling-seller,66,2824,245,622,2,5,nao,nao,nao
105118,ativo,no-seller,566,1102,0,0,0,0,sim,nao,nao
105119,ativo,no-seller,385,505,0,0,0,0,nao,nao,sim
105120,ativo,no-seller,675,1509,0,0,0,0,nao,nao,sim
105121,churnado,struggling-seller,81,862,146,276,1,2,nao,nao,sim
105122,ativo,tiny-seller,517,1024,2865,8541,8,25,nao,nao,nao
105123,ativo,struggling-seller,378,2140,82,170,1,2,sim,nao,nao
105124,churnado,struggling-seller,260,2361,257,835,2,6,nao,nao,nao
105125,ativo,small-seller,754,1480,6158,18201,21,56,nao,nao,nao
105126,ativo,no-seller,716,1106,0,0,0,0,nao,nao,nao
105127,cancelado,tiny-seller,55,517,2651,9563,6,23,sim,nao,sim
105128,ativo,no-seller,519,1371,0,0,0,0,nao,nao,nao
105129,ativo,struggling-seller,192,1899,215,1189,1,5,nao,nao,nao
105130,ativo,struggling-seller,518,1077,215,690,2,6,nao,nao,nao
105131,ativo,no-seller,537,3253,0,0,0,0,nao,nao,nao
105132,ativo,no-seller,26,46,0,0,0,0,nao,nao,nao
105133,ativo,no-seller,25,119,0,0,0,0,nao,nao,nao
105134,cancelado,struggling-seller,69,220,0,202,0,1,nao,nao,nao
105135,ativo,small-seller,149,211,10407,35033,29,101,nao,nao,nao
105136,ativo,struggling-seller,268,417,435,1377,2,6,nao,nao,nao
105137,ativo,no-seller,111,417,0,0,0,0,nao,nao,sim
105138,ativo,no-seller,386,526,0,0,0,0,nao,sim,nao
105139,ativo,no-seller,341,348,0,0,0,0,nao,nao,nao
105140,ativo,small-seller,62,315,3159,7739,14,37,nao,nao,nao
105141,ativo,no-seller,91,317,0,0,0,0,nao,nao,nao
105142,ativo,struggling-seller,54,252,93,354,1,4,nao,nao,nao
105143,ativo,no-seller,133,638,0,0,0,0,nao,nao,nao
105144,ativo,no-seller,32,46,0,0,0,0,nao,nao,nao
105145,ativo,tiny-seller,90,170,2247,8104,8,26,nao,nao,nao
105146,ativo,no-seller,688,1205,0,0,0,0,nao,nao,nao
105147,churnado,no-seller,232,2380,0,0,0,0,nao,nao,nao
105148,ativo,struggling-seller,637,1226,378,709,2,4,sim,nao,nao
105149,ativo,small-seller,86,360,8106,22267,20,57,nao,nao,sim
105150,ativo,no-seller,89,1466,0,0,0,0,sim,nao,nao
105151,ativo,no-seller,77,175,0,0,0,0,sim,nao,nao
105152,ativo,no-seller,740,1303,0,0,0,0,nao,nao,sim
105153,ativo,small-seller,331,504,14239,35642,30,76,sim,nao,nao
105154,ativo,struggling-seller,190,445,212,774,1,4,nao,nao,nao
105155,ativo,struggling-seller,189,1704,135,547,1,4,sim,nao,nao
105156,ativo,no-seller,45,85,0,0,0,0,nao,nao,nao
105157,ativo,no-seller,462,1156,0,0,0,0,nao,nao,sim
105158,ativo,no-seller,553,1231,0,0,0,0,nao,nao,nao
105159,ativo,no-seller,16,340,0,0,0,0,nao,nao,nao
105160,ativo,tiny-seller,736,2873,3101,8757,8,23,nao,nao,nao
105161,trial,struggling-seller,213,399,519,1658,2,6,nao,sim,nao
105162,ativo,struggling-seller,42,627,402,1152,2,6,nao,nao,nao
105163,ativo,no-seller,12,35,0,0,0,0,nao,nao,sim
105164,ativo,no-seller,76,294,0,0,0,0,nao,nao,nao
105165,ativo,no-seller,82,200,0,0,0,0,nao,nao,nao
105166,ativo,no-seller,752,1004,0,0,0,0,nao,nao,nao
105167,ativo,struggling-seller,294,631,382,1060,2,5,sim,nao,nao
105168,ativo,tiny-seller,115,170,1032,3178,3,10,nao,nao,nao
105169,ativo,struggling-seller,32,2209,394,1227,2,6,nao,nao,nao
105170,ativo,no-seller,584,2124,0,0,0,0,nao,nao,sim
105171,ativo,no-seller,68,139,0,0,0,0,nao,sim,nao
105172,ativo,struggling-seller,48,185,324,638,2,4,nao,nao,nao
105173,ativo,no-seller,179,811,0,0,0,0,nao,nao,sim
105174,ativo,struggling-seller,16,102,110,320,1,3,nao,nao,nao
105175,ativo,no-seller,391,1484,0,0,0,0,nao,sim,nao
105176,churnado,no-seller,21,104,0,0,0,0,nao,nao,nao
105177,ativo,struggling-seller,39,347,0,93,0,1,nao,nao,nao
105178,ativo,small-seller,47,232,7500,19853,39,94,nao,nao,nao
105179,ativo,struggling-seller,0,3093,220,622,1,3,nao,nao,nao
105180,ativo,struggling-seller,311,914,411,1195,2,6,nao,nao,nao
105181,ativo,no-seller,53,225,0,0,0,0,nao,nao,nao
105182,cancelado,no-seller,241,242,0,0,0,0,nao,nao,nao
105183,ativo,small-seller,140,733,13130,35244,49,135,nao,nao,nao
105184,ativo,struggling-seller,209,742,309,744,2,5,nao,nao,nao
105185,ativo,medium-seller,18,64,128044,290166,279,626,nao,nao,nao
105186,ativo,tiny-seller,44,801,1551,3566,9,21,nao,nao,nao
105187,churnado,no-seller,556,1204,0,0,0,0,nao,nao,nao
105188,ativo,tiny-seller,199,438,1773,4758,9,23,sim,nao,nao
105189,ativo,tiny-seller,556,1460,1118,3380,4,12,sim,nao,nao
105190,ativo,struggling-seller,31,78,130,262,1,2,nao,nao,nao
105191,cancelado,no-seller,51,1568,0,0,0,0,nao,nao,sim
105192,ativo,no-seller,9,899,0,0,0,0,nao,nao,sim
105193,ativo,no-seller,315,324,0,0,0,0,nao,sim,nao
105194,ativo,struggling-seller,789,1611,248,678,1,3,nao,nao,nao
105195,ativo,struggling-seller,93,229,256,804,1,3,nao,nao,nao
105196,ativo,tiny-seller,159,184,4414,9738,12,27,nao,nao,sim
105197,ativo,tiny-seller,349,1902,917,2277,3,7,nao,nao,nao
105198,ativo,top-seller,737,3371,1054661,3692952,1510,4927,nao,nao,nao
105199,ativo,no-seller,377,2464,0,0,0,0,nao,nao,nao
105200,ativo,no-seller,695,1142,0,0,0,0,nao,nao,nao
105201,ativo,no-seller,151,384,0,0,0,0,sim,nao,nao
105202,ativo,tiny-seller,580,1311,1627,3582,7,16,nao,nao,nao
105203,ativo,no-seller,468,527,0,0,0,0,nao,sim,nao
105204,ativo,small-seller,372,2662,11995,38141,27,84,nao,sim,nao
105205,ativo,no-seller,115,374,0,0,0,0,nao,nao,nao
105206,ativo,no-seller,39,116,0,0,0,0,nao,nao,nao
105207,ativo,no-seller,95,307,0,0,0,0,nao,nao,nao
105208,ativo,no-seller,70,955,0,0,0,0,nao,nao,nao
105209,ativo,small-seller,60,90,12926,40625,29,99,nao,nao,sim
105210,ativo,tiny-seller,316,1076,2544,8180,8,26,nao,nao,nao
105211,ativo,no-seller,200,482,0,0,0,0,nao,nao,sim
105212,ativo,small-seller,43,154,14892,53703,40,143,nao,nao,nao
105213,ativo,no-seller,57,3499,0,0,0,0,nao,nao,nao
105214,churnado,small-seller,506,578,11545,30464,49,127,nao,nao,nao
105215,ativo,no-seller,10,42,0,0,0,0,sim,sim,nao
105216,ativo,no-seller,65,148,0,0,0,0,nao,nao,nao
105217,ativo,no-seller,466,3324,0,0,0,0,nao,nao,nao
105218,ativo,no-seller,74,643,0,0,0,0,sim,nao,nao
105219,ativo,no-seller,575,1793,0,0,0,0,nao,nao,nao
105220,ativo,no-seller,766,959,0,0,0,0,sim,nao,nao
105221,ativo,no-seller,662,1910,0,0,0,0,nao,nao,nao
105222,ativo,struggling-seller,98,151,0,144,0,1,nao,sim,nao
105223,ativo,no-seller,197,326,0,0,0,0,nao,nao,nao
105224,churnado,no-seller,68,247,0,0,0,0,sim,nao,nao
105225,ativo,medium-seller,0,79,106775,282805,233,557,nao,nao,nao
105226,ativo,no-seller,268,1034,0,0,0,0,nao,nao,nao
105227,ativo,no-seller,259,1265,0,0,0,0,nao,nao,nao
105228,ativo,no-seller,423,497,0,0,0,0,nao,nao,nao
105229,ativo,struggling-seller,144,299,203,562,1,3,nao,sim,nao
105230,ativo,no-seller,141,383,0,0,0,0,nao,nao,nao
105231,ativo,tiny-seller,327,340,1434,4465,6,19,nao,sim,nao
105232,ativo,small-seller,573,3427,13946,40288,52,137,sim,nao,nao
105233,ativo,no-seller,438,3442,0,0,0,0,sim,nao,nao
105234,ativo,no-seller,49,186,0,0,0,0,nao,nao,sim
105235,ativo,no-seller,499,3321,0,0,0,0,nao,nao,sim
105236,ativo,no-seller,95,358,0,0,0,0,nao,nao,nao
105237,ativo,struggling-seller,16,45,131,385,1,3,sim,sim,nao
105238,ativo,no-seller,446,704,0,0,0,0,nao,nao,nao
105239,ativo,tiny-seller,284,1567,2745,6611,7,18,nao,nao,nao
105240,churnado,no-seller,80,1212,0,0,0,0,nao,nao,nao
105241,ativo,no-seller,508,2401,0,0,0,0,sim,nao,nao
105242,cancelado,no-seller,5,73,0,0,0,0,nao,sim,nao
105243,ativo,no-seller,259,390,0,0,0,0,nao,nao,nao
105244,trial,no-seller,567,2419,0,0,0,0,nao,nao,sim
105245,ativo,no-seller,752,1317,0,0,0,0,nao,nao,nao
105246,ativo,tiny-seller,507,963,2524,6080,10,24,nao,nao,nao
105247,ativo,large-seller,213,1416,210167,686134,366,1234,sim,nao,nao
105248,ativo,no-seller,188,213,0,0,0,0,nao,nao,nao
105249,ativo,no-seller,490,610,0,0,0,0,nao,nao,sim
105250,ativo,tiny-seller,49,50,978,4235,4,16,nao,nao,sim
105251,ativo,tiny-seller,225,515,2535,8786,8,25,sim,nao,nao
105252,ativo,struggling-seller,105,187,124,353,1,3,nao,nao,nao
105253,ativo,small-seller,128,408,19920,45347,35,87,nao,nao,nao
105254,ativo,struggling-seller,256,1239,206,650,1,3,nao,sim,nao
105255,ativo,tiny-seller,33,48,2783,6964,9,22,nao,sim,nao
105256,ativo,struggling-seller,159,483,484,1336,2,6,sim,nao,nao
105257,ativo,struggling-seller,555,2862,374,825,3,6,nao,nao,nao
105258,ativo,no-seller,219,277,0,0,0,0,sim,nao,nao
105259,ativo,struggling-seller,271,2373,392,1081,2,6,nao,nao,nao
105260,ativo,no-seller,28,109,0,0,0,0,nao,sim,nao
105261,trial,no-seller,155,174,0,0,0,0,nao,nao,nao
105262,ativo,small-seller,187,1671,5478,21369,13,47,nao,nao,nao
105263,ativo,large-seller,515,2862,219769,554472,437,1128,nao,sim,nao
105264,ativo,struggling-seller,384,507,256,970,1,4,nao,nao,nao
105265,ativo,struggling-seller,32,51,114,250,1,2,nao,nao,nao
105266,ativo,struggling-seller,0,120,180,546,1,3,nao,nao,nao
105267,ativo,no-seller,108,304,0,0,0,0,nao,nao,nao
105268,ativo,medium-seller,204,3454,47784,131719,135,358,nao,nao,nao
105269,ativo,struggling-seller,59,107,134,282,1,2,nao,nao,nao
105270,ativo,no-seller,12,1786,0,0,0,0,nao,nao,nao
105271,ativo,no-seller,6,93,0,0,0,0,nao,nao,nao
105272,ativo,no-seller,643,3402,0,0,0,0,nao,nao,nao
105273,ativo,no-seller,106,168,0,0,0,0,nao,nao,nao
105274,ativo,small-seller,179,430,9855,22800,28,64,sim,sim,nao
105275,churnado,small-seller,373,3176,16389,41423,36,92,nao,nao,nao
105276,ativo,tiny-seller,705,2033,3482,9122,10,24,nao,nao,nao
105277,ativo,no-seller,122,706,0,0,0,0,nao,nao,nao
105278,ativo,no-seller,128,215,0,0,0,0,nao,sim,nao
105279,ativo,tiny-seller,181,3344,491,1657,3,10,nao,nao,nao
105280,ativo,tiny-seller,113,147,1157,2963,3,7,nao,nao,nao
105281,ativo,tiny-seller,456,597,2734,8896,8,27,nao,nao,nao
105282,ativo,medium-seller,131,3478,45207,176143,157,563,nao,nao,nao
105283,ativo,struggling-seller,134,584,168,448,2,5,nao,nao,nao
105284,ativo,small-seller,457,1385,11220,31205,35,98,nao,nao,nao
105285,ativo,no-seller,66,100,0,0,0,0,sim,nao,nao
105286,ativo,tiny-seller,47,275,1508,3931,5,13,nao,nao,nao
105287,ativo,no-seller,41,1973,0,0,0,0,nao,sim,nao
105288,ativo,no-seller,120,898,0,0,0,0,nao,sim,nao
105289,ativo,no-seller,526,709,0,0,0,0,nao,nao,nao
105290,ativo,no-seller,17,34,0,0,0,0,nao,nao,nao
105291,ativo,struggling-seller,127,231,123,398,1,3,nao,nao,nao
105292,churnado,no-seller,116,120,0,0,0,0,nao,nao,nao
105293,ativo,small-seller,83,417,14554,32817,63,149,sim,nao,nao
105294,ativo,struggling-seller,180,184,318,746,2,5,nao,nao,nao
105295,ativo,no-seller,50,97,0,0,0,0,sim,nao,nao
105296,ativo,struggling-seller,2,88,204,665,1,3,nao,nao,nao
105297,ativo,small-seller,401,423,5069,17402,14,51,nao,nao,nao
105298,ativo,struggling-seller,61,78,238,683,2,6,nao,nao,nao
105299,cancelado,no-seller,190,250,0,0,0,0,nao,nao,nao
105300,ativo,no-seller,472,2045,0,0,0,0,nao,sim,nao
105301,ativo,tiny-seller,425,712,2119,8190,6,24,nao,nao,nao
105302,ativo,no-seller,349,1171,0,0,0,0,nao,nao,nao
105303,ativo,tiny-seller,40,77,2606,9104,7,24,nao,sim,nao
105304,ativo,struggling-seller,426,586,0,190,0,1,nao,nao,nao
105305,ativo,no-seller,670,840,0,0,0,0,nao,nao,nao
105306,ativo,no-seller,20,85,0,0,0,0,sim,nao,nao
105307,ativo,struggling-seller,89,462,221,1225,1,5,nao,nao,nao
105308,ativo,no-seller,552,970,0,0,0,0,nao,nao,nao
105309,ativo,no-seller,134,162,0,0,0,0,nao,nao,nao
105310,churnado,no-seller,11,107,0,0,0,0,sim,nao,nao
105311,ativo,tiny-seller,65,415,612,1686,4,10,nao,sim,nao
105312,ativo,no-seller,522,593,0,0,0,0,nao,nao,sim
105313,ativo,tiny-seller,330,2102,639,1379,3,7,nao,nao,nao
105314,cancelado,no-seller,42,513,0,0,0,0,nao,sim,nao
105315,ativo,no-seller,291,819,0,0,0,0,nao,nao,nao
105316,churnado,struggling-seller,23,44,0,124,0,1,nao,nao,nao
105317,ativo,no-seller,66,2760,0,0,0,0,nao,nao,nao
105318,churnado,tiny-seller,222,253,2917,7163,9,22,sim,nao,nao
105319,ativo,small-seller,364,708,17088,43904,48,124,nao,nao,nao
105320,ativo,no-seller,2,72,0,0,0,0,nao,nao,nao
105321,cancelado,no-seller,59,101,0,0,0,0,sim,nao,nao
105322,ativo,no-seller,8,130,0,0,0,0,nao,nao,nao
105323,ativo,no-seller,73,374,0,0,0,0,nao,sim,nao
105324,churnado,struggling-seller,29,34,472,1358,2,6,nao,sim,nao
105325,churnado,no-seller,78,250,0,0,0,0,nao,nao,nao
105326,ativo,no-seller,212,388,0,0,0,0,nao,nao,nao
105327,ativo,struggling-seller,29,85,433,1003,2,5,nao,nao,nao
105328,ativo,no-seller,91,1134,0,0,0,0,nao,nao,nao
105329,ativo,no-seller,401,2634,0,0,0,0,sim,sim,nao
105330,ativo,medium-seller,689,2583,118166,307233,248,655,nao,nao,nao
105331,ativo,no-seller,327,522,0,0,0,0,nao,sim,nao
105332,ativo,no-seller,95,414,0,0,0,0,nao,sim,nao
105333,ativo,struggling-seller,3,1088,264,756,1,3,nao,nao,nao
105334,ativo,no-seller,26,730,0,0,0,0,nao,sim,nao
105335,ativo,no-seller,30,216,0,0,0,0,nao,nao,nao
105336,ativo,top-seller,127,144,925288,2493361,1542,3836,nao,nao,nao
105337,ativo,no-seller,132,475,0,0,0,0,nao,nao,nao
105338,ativo,no-seller,772,1634,0,0,0,0,nao,nao,nao
105339,ativo,tiny-seller,366,2595,805,1990,3,8,sim,nao,nao
105340,ativo,no-seller,110,1307,0,0,0,0,nao,nao,nao
105341,ativo,no-seller,695,1060,0,0,0,0,nao,nao,nao
105342,ativo,no-seller,106,1139,0,0,0,0,nao,nao,nao
105343,ativo,no-seller,13,339,0,0,0,0,nao,nao,nao
105344,ativo,tiny-seller,367,475,1546,5544,7,27,nao,nao,nao
105345,ativo,no-seller,117,176,0,0,0,0,sim,nao,nao
105346,ativo,tiny-seller,56,433,2527,5790,9,22,nao,nao,nao
105347,ativo,no-seller,28,322,0,0,0,0,nao,nao,nao
105348,ativo,no-seller,548,1102,0,0,0,0,sim,nao,nao
105349,churnado,tiny-seller,276,3016,2436,6245,10,28,sim,nao,nao
105350,ativo,no-seller,252,1356,0,0,0,0,nao,nao,nao
105351,ativo,struggling-seller,532,677,108,240,1,2,sim,nao,nao
105352,ativo,struggling-seller,69,496,140,273,1,2,nao,sim,nao
105353,ativo,struggling-seller,133,437,115,368,1,3,nao,nao,nao
105354,ativo,no-seller,446,2207,0,0,0,0,nao,nao,nao
105355,ativo,no-seller,593,1290,0,0,0,0,sim,sim,nao
105356,ativo,small-seller,76,146,7080,20396,26,77,nao,nao,nao
105357,ativo,struggling-seller,124,1098,374,706,3,6,nao,nao,nao
105358,ativo,no-seller,248,480,0,0,0,0,nao,nao,sim
105359,ativo,no-seller,78,2670,0,0,0,0,nao,nao,nao
105360,ativo,no-seller,384,411,0,0,0,0,nao,nao,nao
105361,ativo,struggling-seller,121,157,140,521,1,4,nao,nao,nao
105362,ativo,no-seller,205,491,0,0,0,0,sim,sim,nao
105363,ativo,no-seller,497,583,0,0,0,0,sim,nao,nao
105364,ativo,no-seller,96,263,0,0,0,0,nao,nao,nao
105365,ativo,no-seller,10,34,0,0,0,0,nao,nao,nao
105366,ativo,medium-seller,480,1272,52322,136662,110,269,sim,nao,nao
105367,ativo,no-seller,327,543,0,0,0,0,nao,nao,nao
105368,ativo,struggling-seller,348,709,361,945,2,5,nao,nao,nao
105369,ativo,small-seller,237,634,14572,51115,37,123,sim,nao,nao
105370,ativo,no-seller,172,1162,0,0,0,0,sim,nao,nao
105371,ativo,no-seller,11,196,0,0,0,0,nao,nao,nao
105372,churnado,large-seller,773,900,150154,577083,221,865,nao,nao,nao
105373,ativo,medium-seller,24,2868,45846,119342,82,228,sim,nao,nao
105374,ativo,struggling-seller,82,1385,298,958,2,6,nao,nao,nao
105375,churnado,struggling-seller,323,365,124,267,1,2,nao,nao,nao
105376,ativo,struggling-seller,60,168,181,393,1,2,nao,nao,nao
105377,ativo,no-seller,18,220,0,0,0,0,nao,nao,nao
105378,ativo,tiny-seller,748,1207,2022,8407,6,23,nao,nao,nao
105379,ativo,struggling-seller,70,344,186,1027,1,5,nao,nao,nao
105380,ativo,struggling-seller,282,1948,158,477,1,3,nao,nao,nao
105381,ativo,no-seller,259,3211,0,0,0,0,nao,nao,nao
105382,ativo,struggling-seller,224,980,182,772,1,4,sim,nao,nao
105383,churnado,struggling-seller,455,902,219,697,1,3,nao,nao,nao
105384,ativo,tiny-seller,380,1037,1382,3661,7,17,nao,nao,nao
105385,ativo,small-seller,131,970,5230,14043,16,47,nao,nao,nao
105386,churnado,large-seller,658,1209,312054,822520,420,1174,nao,nao,nao
105387,ativo,medium-seller,100,735,147866,351409,324,740,nao,nao,nao
105388,trial,struggling-seller,56,111,114,375,1,3,nao,nao,nao
105389,ativo,tiny-seller,799,1993,1120,2986,5,13,nao,nao,nao
105390,ativo,no-seller,300,1461,0,0,0,0,nao,nao,nao
105391,ativo,tiny-seller,150,868,1326,3829,5,13,nao,nao,nao
105392,ativo,no-seller,544,650,0,0,0,0,nao,nao,nao
105393,ativo,no-seller,634,3330,0,0,0,0,nao,sim,nao
105394,trial,no-seller,541,740,0,0,0,0,nao,nao,nao
105395,ativo,struggling-seller,139,264,149,290,1,2,nao,nao,nao
105396,ativo,medium-seller,175,1284,17870,58683,74,221,nao,nao,nao
105397,ativo,struggling-seller,172,230,250,703,2,6,sim,sim,nao
105398,ativo,no-seller,725,842,0,0,0,0,nao,nao,nao
105399,ativo,tiny-seller,121,186,1557,3730,4,9,nao,nao,nao
105400,churnado,no-seller,316,1070,0,0,0,0,nao,nao,nao
105401,ativo,small-seller,681,1630,5978,15483,26,67,nao,nao,nao
105402,ativo,small-seller,41,152,5465,17731,17,50,nao,nao,nao
105403,ativo,no-seller,452,759,0,0,0,0,nao,nao,nao
105404,ativo,medium-seller,344,1132,72225,266433,191,693,sim,nao,nao
105405,churnado,no-seller,371,2431,0,0,0,0,nao,nao,nao
105406,ativo,no-seller,413,1357,0,0,0,0,sim,nao,nao
105407,ativo,no-seller,31,253,0,0,0,0,sim,nao,nao
105408,ativo,struggling-seller,204,742,602,1655,2,6,nao,nao,nao
105409,ativo,no-seller,113,732,0,0,0,0,nao,sim,nao
105410,ativo,medium-seller,437,1288,49365,128336,104,268,nao,nao,nao
105411,ativo,no-seller,653,1132,0,0,0,0,nao,nao,nao
105412,ativo,small-seller,420,1220,12993,44752,33,109,nao,nao,nao
105413,ativo,no-seller,523,1074,0,0,0,0,nao,nao,nao
105414,churnado,struggling-seller,240,635,174,374,2,4,nao,nao,nao
105415,ativo,tiny-seller,101,103,1400,5472,6,22,sim,nao,nao
105416,ativo,struggling-seller,133,976,0,230,0,1,nao,nao,nao
105417,ativo,no-seller,152,152,0,0,0,0,nao,nao,nao
105418,ativo,no-seller,390,2417,0,0,0,0,nao,nao,nao
105419,ativo,struggling-seller,26,44,82,270,1,3,sim,nao,nao
105420,ativo,no-seller,449,720,0,0,0,0,nao,nao,nao
105421,ativo,no-seller,349,755,0,0,0,0,nao,nao,nao
105422,ativo,tiny-seller,408,936,2074,4424,6,14,nao,nao,nao
105423,ativo,no-seller,57,3237,0,0,0,0,sim,nao,nao
105424,ativo,no-seller,101,185,0,0,0,0,nao,nao,nao
105425,ativo,struggling-seller,8,463,189,828,1,4,nao,nao,nao
105426,ativo,struggling-seller,668,877,304,977,2,6,nao,nao,nao
105427,ativo,small-seller,33,85,14948,53955,36,123,sim,nao,nao
105428,ativo,medium-seller,579,2575,51730,152521,133,374,nao,nao,nao
105429,ativo,no-seller,261,350,0,0,0,0,sim,nao,nao
105430,ativo,no-seller,80,286,0,0,0,0,nao,nao,nao
105431,churnado,struggling-seller,238,331,219,599,1,3,sim,sim,nao
105432,ativo,medium-seller,56,106,47635,112198,92,214,nao,sim,nao
105433,ativo,no-seller,9,287,0,0,0,0,nao,nao,nao
105434,ativo,struggling-seller,228,480,255,781,2,6,sim,nao,nao
105435,ativo,struggling-seller,54,60,109,307,1,3,nao,nao,nao
105436,ativo,struggling-seller,393,581,375,911,2,5,nao,nao,nao
105437,ativo,medium-seller,763,1870,31103,122678,78,288,sim,nao,nao
105438,churnado,struggling-seller,12,62,390,812,2,4,nao,sim,nao
105439,ativo,no-seller,65,298,0,0,0,0,sim,nao,nao
105440,churnado,no-seller,78,125,0,0,0,0,nao,nao,nao
105441,ativo,no-seller,39,69,0,0,0,0,nao,nao,nao
105442,ativo,small-seller,32,33,14258,49797,34,115,nao,nao,nao
105443,ativo,no-seller,78,2027,0,0,0,0,nao,nao,nao
105444,ativo,struggling-seller,522,1211,105,338,1,3,nao,nao,nao
105445,ativo,tiny-seller,497,662,711,2080,3,8,sim,nao,nao
105446,trial,tiny-seller,35,682,1596,4229,8,21,sim,nao,nao
105447,ativo,no-seller,179,422,0,0,0,0,nao,nao,nao
105448,ativo,no-seller,23,3216,0,0,0,0,sim,nao,nao
105449,ativo,no-seller,410,487,0,0,0,0,nao,nao,nao
105450,ativo,small-seller,53,206,20984,46526,50,117,nao,nao,nao
105451,ativo,no-seller,52,2748,0,0,0,0,nao,nao,nao
105452,ativo,no-seller,272,2523,0,0,0,0,nao,nao,nao
105453,ativo,no-seller,794,1893,0,0,0,0,sim,nao,nao
105454,ativo,no-seller,36,39,0,0,0,0,sim,nao,nao
105455,ativo,struggling-seller,411,1220,132,421,1,3,sim,nao,nao
105456,ativo,no-seller,694,3208,0,0,0,0,nao,nao,nao
105457,ativo,struggling-seller,152,1019,122,461,1,4,nao,sim,nao
105458,ativo,struggling-seller,178,864,366,994,2,5,nao,nao,nao
105459,ativo,small-seller,11,72,8830,22298,19,52,nao,nao,nao
105460,ativo,no-seller,58,375,0,0,0,0,nao,nao,nao
105461,ativo,struggling-seller,12,52,118,515,1,4,sim,nao,nao
105462,trial,struggling-seller,449,489,235,557,2,5,nao,nao,nao
105463,ativo,no-seller,8,50,0,0,0,0,nao,nao,nao
105464,ativo,no-seller,187,2073,0,0,0,0,nao,nao,sim
105465,ativo,medium-seller,95,132,52081,169892,173,509,nao,nao,nao
105466,ativo,tiny-seller,144,418,2753,6587,10,25,nao,nao,nao
105467,ativo,no-seller,597,633,0,0,0,0,nao,nao,nao
105468,ativo,tiny-seller,157,231,2615,7436,8,21,nao,nao,nao
105469,ativo,struggling-seller,28,48,209,786,1,4,sim,nao,nao
105470,ativo,struggling-seller,11,43,182,551,1,3,nao,nao,nao
105471,ativo,no-seller,2,874,0,0,0,0,nao,nao,nao
105472,ativo,small-seller,179,2037,6898,16740,16,40,nao,nao,nao
105473,ativo,no-seller,226,337,0,0,0,0,nao,nao,nao
105474,ativo,struggling-seller,22,146,0,216,0,1,nao,nao,nao
105475,ativo,no-seller,395,1445,0,0,0,0,sim,nao,nao
105476,ativo,medium-seller,637,1342,36021,89026,83,186,sim,nao,nao
105477,ativo,no-seller,526,1299,0,0,0,0,nao,nao,nao
105478,ativo,no-seller,22,868,0,0,0,0,nao,nao,sim
105479,churnado,large-seller,108,561,149227,405800,331,825,nao,nao,sim
105480,ativo,small-seller,127,386,20342,43713,57,130,nao,nao,nao
105481,ativo,tiny-seller,121,162,1189,3052,5,14,nao,nao,nao
105482,ativo,no-seller,48,358,0,0,0,0,nao,sim,nao
105483,ativo,struggling-seller,252,334,0,88,0,1,sim,nao,nao
105484,ativo,small-seller,621,3029,15908,41765,52,138,nao,nao,nao
105485,ativo,tiny-seller,286,583,539,1774,2,7,nao,nao,nao
105486,ativo,struggling-seller,514,3199,387,716,2,4,nao,nao,sim
105487,ativo,struggling-seller,239,839,199,369,1,2,nao,sim,sim
105488,ativo,no-seller,68,1788,0,0,0,0,nao,nao,sim
105489,ativo,struggling-seller,322,537,373,751,2,4,nao,nao,nao
105490,ativo,top-seller,84,122,691371,1947778,1111,3201,nao,nao,nao
105491,ativo,struggling-seller,415,2479,204,424,1,2,nao,nao,nao
105492,ativo,no-seller,22,379,0,0,0,0,nao,nao,nao
105493,ativo,no-seller,45,92,0,0,0,0,nao,sim,nao
105494,ativo,no-seller,411,630,0,0,0,0,nao,sim,nao
105495,ativo,struggling-seller,703,1442,0,223,0,1,nao,nao,nao
105496,churnado,struggling-seller,10,34,214,785,1,4,nao,nao,nao
105497,ativo,struggling-seller,55,2070,99,201,1,2,nao,nao,nao
105498,ativo,struggling-seller,5,236,484,1072,3,6,nao,nao,nao
105499,ativo,struggling-seller,586,2202,113,215,1,2,nao,nao,nao
105500,ativo,no-seller,436,2862,0,0,0,0,sim,nao,nao
105501,ativo,struggling-seller,728,3187,337,734,2,4,nao,nao,nao
105502,ativo,struggling-seller,550,1400,212,971,1,5,nao,sim,sim
105503,ativo,tiny-seller,237,360,1628,6094,5,18,nao,sim,nao
105504,ativo,no-seller,53,2442,0,0,0,0,nao,nao,nao
105505,ativo,struggling-seller,237,631,240,689,1,3,nao,sim,nao
105506,ativo,tiny-seller,85,177,1468,3874,5,13,nao,nao,nao
105507,ativo,no-seller,628,2208,0,0,0,0,sim,nao,nao
105508,ativo,no-seller,732,1972,0,0,0,0,sim,nao,sim
105509,ativo,tiny-seller,343,2296,1011,3373,5,18,nao,nao,nao
105510,ativo,no-seller,519,1372,0,0,0,0,nao,sim,nao
105511,ativo,struggling-seller,159,200,320,918,2,6,nao,nao,nao
105512,ativo,tiny-seller,108,732,490,1866,3,11,nao,nao,nao
105513,churnado,struggling-seller,787,1433,551,1553,2,6,nao,nao,nao
105514,ativo,medium-seller,149,2310,20558,68816,53,184,nao,nao,nao
105515,ativo,no-seller,23,147,0,0,0,0,nao,sim,nao
105516,trial,struggling-seller,585,944,237,684,2,6,nao,nao,nao
105517,ativo,no-seller,338,1668,0,0,0,0,nao,nao,nao
105518,ativo,struggling-seller,209,261,615,1175,3,6,nao,nao,nao
105519,ativo,no-seller,31,266,0,0,0,0,nao,sim,nao
105520,ativo,tiny-seller,782,2010,1117,2592,5,11,sim,nao,nao
105521,ativo,no-seller,763,1080,0,0,0,0,nao,nao,nao
105522,ativo,no-seller,91,2843,0,0,0,0,sim,sim,nao
105523,ativo,no-seller,159,518,0,0,0,0,nao,nao,nao
105524,ativo,no-seller,346,3375,0,0,0,0,nao,nao,nao
105525,ativo,no-seller,72,154,0,0,0,0,nao,sim,nao
105526,ativo,no-seller,160,181,0,0,0,0,nao,nao,nao
105527,ativo,small-seller,56,175,17825,54540,50,150,nao,nao,nao
105528,ativo,struggling-seller,102,139,195,602,2,6,nao,nao,nao
105529,ativo,small-seller,431,444,10472,33887,22,68,sim,nao,nao
105530,ativo,no-seller,252,1534,0,0,0,0,nao,nao,sim
105531,ativo,no-seller,285,1150,0,0,0,0,nao,sim,nao
105532,ativo,no-seller,125,145,0,0,0,0,nao,nao,nao
105533,churnado,tiny-seller,16,83,1183,3884,3,10,nao,nao,nao
105534,ativo,no-seller,6,181,0,0,0,0,nao,nao,nao
105535,ativo,struggling-seller,439,2833,127,263,1,2,nao,nao,sim
105536,ativo,top-seller,52,104,325181,1281120,627,2354,nao,nao,sim
105537,ativo,no-seller,122,192,0,0,0,0,nao,sim,nao
105538,ativo,no-seller,71,343,0,0,0,0,nao,nao,nao
105539,ativo,struggling-seller,281,519,0,195,0,1,nao,nao,nao
105540,ativo,no-seller,127,768,0,0,0,0,nao,nao,nao
105541,ativo,struggling-seller,784,2458,0,179,0,1,nao,nao,nao
105542,ativo,small-seller,386,510,5995,16694,26,67,nao,nao,nao
105543,ativo,no-seller,81,124,0,0,0,0,nao,nao,nao
105544,ativo,small-seller,147,171,17526,64308,41,145,nao,nao,nao
105545,ativo,struggling-seller,64,1514,123,543,1,4,nao,nao,nao
105546,ativo,struggling-seller,292,299,196,450,2,5,nao,nao,nao
105547,ativo,struggling-seller,155,162,0,92,0,1,nao,sim,nao
105548,ativo,small-seller,663,2535,26057,73898,55,145,nao,nao,nao
105549,ativo,medium-seller,41,109,69482,187337,106,295,nao,sim,sim
105550,ativo,no-seller,62,222,0,0,0,0,nao,nao,nao
105551,ativo,small-seller,169,405,17557,39404,41,97,nao,nao,nao
105552,ativo,struggling-seller,174,215,140,432,1,3,nao,nao,nao
105553,ativo,no-seller,634,1067,0,0,0,0,nao,nao,nao
105554,ativo,struggling-seller,107,335,74,165,1,2,sim,sim,nao
105555,ativo,no-seller,531,2817,0,0,0,0,nao,nao,nao
105556,ativo,struggling-seller,229,829,0,153,0,1,nao,nao,nao
105557,ativo,small-seller,492,1125,16873,58512,42,144,sim,nao,nao
105558,ativo,struggling-seller,33,1423,0,104,0,1,nao,nao,nao
105559,ativo,no-seller,47,107,0,0,0,0,nao,nao,nao
105560,ativo,tiny-seller,450,1718,2241,8508,7,27,nao,nao,nao
105561,ativo,struggling-seller,5,146,191,825,1,4,nao,nao,nao
105562,ativo,no-seller,359,3096,0,0,0,0,nao,nao,sim
105563,trial,small-seller,36,53,18597,57825,42,119,nao,nao,nao
105564,ativo,tiny-seller,256,299,1011,2646,5,13,nao,nao,nao
105565,ativo,struggling-seller,240,657,148,277,1,2,nao,nao,nao
105566,churnado,no-seller,529,1771,0,0,0,0,sim,nao,nao
105567,ativo,no-seller,238,2058,0,0,0,0,sim,nao,nao
105568,ativo,no-seller,797,3470,0,0,0,0,sim,nao,nao
105569,ativo,no-seller,96,155,0,0,0,0,nao,nao,sim
105570,churnado,no-seller,101,1184,0,0,0,0,sim,nao,nao
105571,ativo,no-seller,163,282,0,0,0,0,nao,nao,nao
105572,ativo,small-seller,45,61,3720,12308,16,49,nao,nao,nao
105573,ativo,no-seller,48,580,0,0,0,0,sim,nao,nao
105574,ativo,struggling-seller,756,2221,332,1073,2,6,nao,nao,nao
105575,ativo,no-seller,23,38,0,0,0,0,nao,nao,nao
105576,ativo,no-seller,674,1150,0,0,0,0,sim,nao,nao
105577,churnado,no-seller,239,575,0,0,0,0,nao,sim,nao
105578,ativo,no-seller,798,873,0,0,0,0,nao,sim,nao
105579,ativo,tiny-seller,548,884,4512,11566,12,28,nao,nao,nao
105580,ativo,no-seller,81,2424,0,0,0,0,nao,nao,sim
105581,ativo,no-seller,12,160,0,0,0,0,nao,nao,nao
105582,ativo,no-seller,238,411,0,0,0,0,nao,nao,nao
105583,ativo,small-seller,251,819,5714,13643,19,47,nao,nao,nao
105584,ativo,no-seller,53,121,0,0,0,0,nao,nao,nao
105585,trial,no-seller,16,62,0,0,0,0,nao,nao,nao
105586,ativo,no-seller,21,233,0,0,0,0,nao,nao,nao
105587,ativo,small-seller,765,3280,17120,41786,31,80,nao,nao,sim
105588,ativo,tiny-seller,237,291,422,1562,2,7,nao,nao,nao
105589,churnado,no-seller,35,41,0,0,0,0,nao,nao,nao
105590,cancelado,no-seller,508,1599,0,0,0,0,sim,nao,nao
105591,ativo,tiny-seller,123,1135,3018,6783,8,18,sim,sim,nao
105592,ativo,struggling-seller,316,3023,0,100,0,1,nao,sim,nao
105593,ativo,tiny-seller,136,373,2199,5263,8,20,nao,nao,nao
105594,ativo,no-seller,15,265,0,0,0,0,nao,nao,nao
105595,ativo,no-seller,42,85,0,0,0,0,nao,nao,nao
105596,ativo,no-seller,797,1288,0,0,0,0,nao,nao,nao
105597,ativo,struggling-seller,272,282,171,839,1,5,nao,sim,nao
105598,ativo,no-seller,355,1787,0,0,0,0,sim,nao,nao
105599,ativo,no-seller,629,634,0,0,0,0,nao,nao,nao
105600,ativo,no-seller,350,533,0,0,0,0,nao,nao,nao
105601,cancelado,struggling-seller,621,3388,361,1159,2,6,nao,nao,nao
105602,ativo,struggling-seller,38,665,256,492,2,4,nao,nao,nao
105603,churnado,struggling-seller,724,1266,317,589,2,4,sim,nao,nao
105604,ativo,small-seller,383,2131,11962,38192,27,91,nao,nao,nao
105605,ativo,no-seller,62,170,0,0,0,0,nao,nao,nao
105606,ativo,no-seller,167,1210,0,0,0,0,nao,nao,nao
105607,churnado,struggling-seller,379,2409,159,340,1,2,nao,nao,nao
105608,ativo,struggling-seller,71,206,189,814,1,4,nao,nao,nao
105609,ativo,no-seller,340,1798,0,0,0,0,nao,nao,nao
105610,ativo,small-seller,113,615,3168,10258,15,51,nao,nao,nao
105611,ativo,small-seller,117,155,3761,9501,19,51,nao,nao,nao
105612,ativo,large-seller,38,194,199828,525538,538,1308,nao,nao,nao
105613,ativo,struggling-seller,745,1246,171,563,1,3,nao,nao,nao
105614,ativo,struggling-seller,6,654,236,675,1,3,nao,nao,nao
105615,ativo,medium-seller,63,143,82919,258856,138,463,nao,nao,nao
105616,ativo,no-seller,209,633,0,0,0,0,nao,nao,nao
105617,ativo,tiny-seller,627,705,2501,7484,10,27,nao,nao,nao
105618,ativo,no-seller,216,252,0,0,0,0,nao,nao,nao
105619,ativo,no-seller,9,243,0,0,0,0,nao,nao,sim
105620,ativo,struggling-seller,277,938,347,1014,2,6,nao,nao,nao
105621,ativo,no-seller,114,202,0,0,0,0,nao,sim,nao
105622,ativo,no-seller,276,2167,0,0,0,0,nao,nao,sim
105623,ativo,struggling-seller,21,39,168,712,1,4,nao,nao,nao
105624,ativo,no-seller,144,231,0,0,0,0,sim,nao,nao
105625,ativo,tiny-seller,436,598,2892,9052,8,26,nao,nao,nao
105626,ativo,no-seller,174,408,0,0,0,0,nao,nao,nao
105627,ativo,tiny-seller,580,1347,1005,3305,7,23,nao,nao,nao
105628,ativo,medium-seller,34,49,30388,120879,58,218,nao,nao,nao
105629,ativo,no-seller,169,252,0,0,0,0,nao,nao,nao
105630,ativo,no-seller,607,1354,0,0,0,0,nao,nao,nao
105631,trial,struggling-seller,25,137,132,376,1,3,nao,nao,nao
105632,ativo,no-seller,48,60,0,0,0,0,nao,nao,nao
105633,ativo,no-seller,45,77,0,0,0,0,sim,nao,nao
105634,ativo,no-seller,216,999,0,0,0,0,nao,nao,nao
105635,churnado,small-seller,667,2322,16948,49393,44,130,nao,nao,sim
105636,ativo,no-seller,636,1276,0,0,0,0,sim,sim,nao
105637,ativo,no-seller,23,48,0,0,0,0,nao,nao,nao
105638,churnado,no-seller,383,429,0,0,0,0,nao,nao,nao
105639,ativo,no-seller,657,1969,0,0,0,0,nao,nao,nao
105640,ativo,no-seller,37,118,0,0,0,0,nao,nao,nao
105641,ativo,no-seller,5,246,0,0,0,0,nao,nao,nao
105642,ativo,struggling-seller,705,2438,394,1009,2,5,nao,sim,nao
105643,ativo,small-seller,31,42,9068,25886,30,86,nao,sim,nao
105644,ativo,struggling-seller,196,571,176,543,1,3,sim,nao,nao
105645,ativo,no-seller,428,1004,0,0,0,0,nao,nao,nao
105646,ativo,no-seller,109,145,0,0,0,0,nao,sim,nao
105647,ativo,struggling-seller,3,90,0,124,0,1,nao,nao,nao
105648,churnado,small-seller,569,730,15297,35934,40,95,sim,nao,nao
105649,ativo,no-seller,291,1287,0,0,0,0,nao,sim,nao
105650,ativo,tiny-seller,71,257,1627,4562,4,12,sim,nao,nao
105651,ativo,no-seller,78,230,0,0,0,0,nao,nao,nao
105652,ativo,no-seller,229,282,0,0,0,0,nao,nao,nao
105653,ativo,no-seller,711,2570,0,0,0,0,nao,sim,nao
105654,ativo,top-seller,280,521,1000971,2476234,1106,2530,sim,nao,nao
105655,ativo,struggling-seller,104,118,353,1074,2,6,sim,nao,sim
105656,ativo,no-seller,536,1493,0,0,0,0,nao,nao,nao
105657,ativo,struggling-seller,507,1056,222,820,1,4,nao,nao,nao
105658,ativo,large-seller,482,2120,189458,517683,339,915,nao,nao,nao
105659,ativo,small-seller,664,1512,10811,32661,34,99,nao,nao,nao
105660,ativo,struggling-seller,1,34,222,727,1,3,nao,nao,nao
105661,ativo,no-seller,238,711,0,0,0,0,nao,sim,nao
105662,ativo,small-seller,132,436,15183,43287,39,105,nao,sim,nao
105663,ativo,medium-seller,95,219,73171,210164,226,647,nao,nao,nao
105664,trial,tiny-seller,186,527,1509,3592,6,14,nao,nao,sim
105665,ativo,no-seller,617,2612,0,0,0,0,nao,nao,nao
105666,ativo,tiny-seller,25,130,1915,5875,8,23,nao,nao,nao
105667,ativo,medium-seller,65,153,32471,117615,86,296,nao,nao,nao
105668,ativo,small-seller,625,2571,11782,35871,25,80,nao,nao,sim
105669,ativo,no-seller,762,1213,0,0,0,0,nao,nao,sim
105670,ativo,struggling-seller,180,403,203,654,1,3,sim,nao,nao
105671,cancelado,struggling-seller,774,3026,165,631,1,4,nao,nao,nao
105672,ativo,no-seller,140,195,0,0,0,0,nao,nao,nao
105673,churnado,tiny-seller,637,3038,2370,5754,10,22,nao,nao,nao
105674,ativo,no-seller,682,2869,0,0,0,0,nao,sim,nao
105675,ativo,medium-seller,181,1763,40432,134517,89,295,nao,nao,nao
105676,ativo,no-seller,154,1368,0,0,0,0,nao,nao,nao
105677,ativo,no-seller,206,2534,0,0,0,0,nao,nao,nao
105678,ativo,no-seller,197,3146,0,0,0,0,nao,nao,nao
105679,ativo,no-seller,180,1866,0,0,0,0,sim,nao,sim
105680,ativo,no-seller,235,2939,0,0,0,0,nao,nao,nao
105681,ativo,small-seller,317,995,11792,36722,51,149,nao,sim,nao
105682,ativo,no-seller,93,2069,0,0,0,0,sim,sim,nao
105683,ativo,no-seller,103,637,0,0,0,0,nao,nao,nao
105684,ativo,no-seller,466,622,0,0,0,0,nao,nao,nao
105685,ativo,tiny-seller,12,455,956,3230,4,13,sim,nao,nao
105686,ativo,struggling-seller,179,712,186,726,1,4,nao,nao,nao
105687,churnado,no-seller,57,2238,0,0,0,0,sim,nao,nao
105688,ativo,tiny-seller,16,80,3107,10529,9,30,sim,sim,nao
105689,ativo,no-seller,690,1481,0,0,0,0,nao,nao,nao
105690,ativo,no-seller,418,1352,0,0,0,0,nao,nao,nao
105691,ativo,medium-seller,87,1754,70918,285560,139,544,nao,nao,nao
105692,ativo,struggling-seller,492,765,181,709,1,4,sim,nao,nao
105693,ativo,struggling-seller,183,798,340,686,2,4,nao,nao,nao
105694,ativo,no-seller,33,631,0,0,0,0,nao,nao,nao
105695,ativo,large-seller,73,453,226800,521867,361,872,nao,nao,nao
105696,ativo,no-seller,11,91,0,0,0,0,nao,nao,nao
105697,ativo,no-seller,2,256,0,0,0,0,sim,nao,sim
105698,ativo,no-seller,330,2005,0,0,0,0,nao,nao,nao
105699,ativo,no-seller,22,102,0,0,0,0,nao,nao,nao
105700,ativo,struggling-seller,423,463,0,135,0,1,nao,nao,nao
105701,ativo,medium-seller,62,677,86463,220998,192,484,nao,nao,nao
105702,ativo,struggling-seller,83,3084,415,1109,2,5,nao,nao,nao
105703,ativo,struggling-seller,228,912,357,940,2,5,nao,nao,nao
105704,ativo,tiny-seller,142,2264,2343,5455,6,15,nao,nao,nao
105705,ativo,struggling-seller,86,945,113,219,1,2,nao,sim,nao
105706,cancelado,tiny-seller,73,148,392,1732,2,9,nao,nao,nao
105707,ativo,small-seller,41,316,10078,28897,38,119,nao,nao,nao
105708,ativo,no-seller,225,1150,0,0,0,0,nao,nao,nao
105709,trial,no-seller,61,186,0,0,0,0,nao,nao,nao
105710,ativo,no-seller,29,71,0,0,0,0,nao,nao,nao
105711,ativo,small-seller,680,1194,6041,18124,30,85,nao,nao,nao
105712,ativo,small-seller,783,1124,5980,16687,13,38,nao,nao,nao
105713,ativo,no-seller,504,1112,0,0,0,0,nao,nao,nao
105714,ativo,no-seller,444,2079,0,0,0,0,nao,nao,nao
105715,ativo,tiny-seller,101,299,2556,7369,9,24,nao,nao,nao
105716,ativo,struggling-seller,101,155,373,852,2,5,nao,nao,nao
105717,ativo,no-seller,29,40,0,0,0,0,nao,nao,nao
105718,ativo,no-seller,90,371,0,0,0,0,nao,nao,nao
105719,ativo,small-seller,332,349,18457,39720,65,149,nao,sim,sim
105720,ativo,struggling-seller,23,303,370,954,2,5,sim,sim,nao
105721,ativo,top-seller,341,2000,902632,2753565,1688,4926,nao,nao,sim
105722,ativo,struggling-seller,503,899,148,419,1,3,sim,nao,nao
105723,ativo,struggling-seller,687,2491,459,1213,2,5,nao,nao,nao
105724,ativo,struggling-seller,542,1138,183,405,1,2,sim,nao,nao
105725,ativo,struggling-seller,171,240,348,684,2,4,nao,nao,nao
105726,ativo,no-seller,196,451,0,0,0,0,sim,sim,nao
105727,ativo,small-seller,547,664,10308,28483,42,122,sim,nao,nao
105728,ativo,small-seller,294,655,5394,16129,22,69,nao,nao,nao
105729,ativo,no-seller,262,905,0,0,0,0,nao,nao,nao
105730,ativo,no-seller,263,3474,0,0,0,0,nao,sim,nao
105731,ativo,small-seller,223,2325,2413,9063,10,40,sim,nao,nao
105732,trial,no-seller,442,553,0,0,0,0,sim,nao,nao
105733,ativo,no-seller,298,2294,0,0,0,0,nao,nao,sim
105734,ativo,no-seller,52,3476,0,0,0,0,nao,nao,nao
105735,ativo,medium-seller,68,311,76172,229865,239,665,nao,nao,nao
105736,ativo,small-seller,276,530,8346,27716,27,98,nao,nao,nao
105737,ativo,no-seller,201,203,0,0,0,0,nao,nao,nao
105738,ativo,struggling-seller,75,88,138,388,1,3,nao,nao,nao
105739,ativo,no-seller,453,516,0,0,0,0,nao,nao,nao
105740,ativo,no-seller,127,142,0,0,0,0,nao,nao,nao
105741,ativo,tiny-seller,315,447,1369,4239,5,16,nao,nao,nao
105742,ativo,no-seller,36,83,0,0,0,0,nao,nao,nao
105743,ativo,no-seller,214,2383,0,0,0,0,nao,nao,nao
105744,ativo,no-seller,504,2866,0,0,0,0,sim,nao,nao
105745,ativo,no-seller,77,1056,0,0,0,0,nao,nao,nao
105746,ativo,top-seller,80,908,807403,2090112,1073,2579,nao,nao,nao
105747,ativo,medium-seller,76,103,59168,155742,153,377,nao,nao,nao
105748,ativo,no-seller,94,1052,0,0,0,0,nao,nao,nao
105749,ativo,struggling-seller,156,171,113,355,1,3,nao,sim,nao
105750,ativo,tiny-seller,496,730,684,2018,5,14,nao,nao,sim
105751,ativo,no-seller,164,1480,0,0,0,0,nao,nao,nao
105752,ativo,struggling-seller,796,2711,137,553,1,4,nao,nao,nao
105753,cancelado,struggling-seller,425,2047,104,527,1,5,nao,nao,nao
105754,ativo,struggling-seller,656,670,126,365,1,3,nao,sim,nao
105755,trial,struggling-seller,378,766,106,214,1,2,nao,nao,nao
105756,ativo,small-seller,75,136,10268,26231,32,75,nao,sim,nao
105757,churnado,tiny-seller,34,93,455,1864,2,8,nao,nao,nao
105758,ativo,no-seller,688,794,0,0,0,0,nao,nao,nao
105759,ativo,struggling-seller,144,1768,204,427,1,2,nao,nao,nao
105760,ativo,no-seller,126,355,0,0,0,0,nao,nao,nao
105761,ativo,struggling-seller,2,136,225,963,1,4,nao,nao,sim
105762,ativo,no-seller,55,106,0,0,0,0,nao,nao,nao
105763,ativo,no-seller,170,180,0,0,0,0,nao,nao,sim
105764,churnado,tiny-seller,66,352,1059,3068,3,9,nao,nao,nao
105765,ativo,struggling-seller,262,782,462,1153,2,5,nao,sim,nao
105766,ativo,struggling-seller,103,1010,380,1236,2,6,nao,nao,nao
105767,ativo,struggling-seller,229,527,0,183,0,1,nao,nao,nao
105768,ativo,tiny-seller,1,238,3226,8033,12,30,nao,nao,sim
105769,ativo,no-seller,447,2063,0,0,0,0,sim,nao,nao
105770,ativo,no-seller,492,1681,0,0,0,0,sim,nao,nao
105771,ativo,no-seller,124,483,0,0,0,0,sim,nao,nao
105772,ativo,struggling-seller,334,471,201,612,1,3,nao,nao,nao
105773,ativo,struggling-seller,5,40,110,242,1,2,nao,nao,nao
105774,ativo,no-seller,192,661,0,0,0,0,nao,nao,nao
105775,ativo,tiny-seller,646,2016,650,2006,5,14,nao,nao,nao
105776,ativo,tiny-seller,398,486,568,2049,3,11,nao,nao,sim
105777,ativo,struggling-seller,441,1663,552,1367,2,5,nao,nao,nao
105778,ativo,small-seller,372,1331,13844,34687,34,89,nao,nao,nao
105779,ativo,struggling-seller,104,119,170,315,2,4,nao,nao,nao
105780,ativo,no-seller,589,1070,0,0,0,0,nao,nao,nao
105781,ativo,small-seller,150,1574,7754,27487,26,97,nao,nao,sim
105782,ativo,no-seller,185,192,0,0,0,0,nao,nao,nao
105783,ativo,no-seller,198,466,0,0,0,0,nao,nao,nao
105784,ativo,struggling-seller,77,130,247,1146,1,5,sim,nao,nao
105785,ativo,tiny-seller,37,2268,1653,4119,4,10,nao,nao,nao
105786,ativo,struggling-seller,16,128,148,283,1,2,nao,nao,nao
105787,ativo,no-seller,259,290,0,0,0,0,nao,nao,nao
105788,ativo,no-seller,462,830,0,0,0,0,nao,nao,nao
105789,ativo,no-seller,154,3098,0,0,0,0,nao,nao,nao
105790,ativo,tiny-seller,210,955,2321,5464,6,14,sim,nao,nao
105791,churnado,no-seller,112,155,0,0,0,0,nao,nao,nao
105792,ativo,medium-seller,140,437,68824,210446,167,488,nao,nao,nao
105793,ativo,tiny-seller,645,719,3625,10416,10,27,nao,nao,nao
105794,ativo,struggling-seller,614,2280,150,598,1,4,nao,nao,sim
105795,churnado,no-seller,189,280,0,0,0,0,nao,nao,nao
105796,ativo,medium-seller,52,1116,112462,316937,218,576,nao,sim,nao
105797,ativo,tiny-seller,24,680,2194,7192,9,30,nao,sim,nao
105798,ativo,struggling-seller,172,648,0,157,0,1,sim,nao,nao
105799,ativo,no-seller,32,522,0,0,0,0,sim,nao,nao
105800,ativo,no-seller,11,57,0,0,0,0,sim,nao,nao
105801,ativo,struggling-seller,6,36,298,937,2,6,nao,nao,nao
105802,ativo,no-seller,43,149,0,0,0,0,nao,nao,nao
105803,ativo,no-seller,203,254,0,0,0,0,sim,nao,nao
105804,ativo,no-seller,25,37,0,0,0,0,nao,nao,nao
105805,ativo,no-seller,261,790,0,0,0,0,nao,nao,nao
105806,ativo,no-seller,235,2485,0,0,0,0,sim,nao,nao
105807,ativo,no-seller,655,1427,0,0,0,0,nao,sim,nao
105808,ativo,no-seller,270,359,0,0,0,0,nao,nao,nao
105809,ativo,struggling-seller,359,1363,430,1371,2,6,nao,nao,sim
105810,ativo,no-seller,24,3439,0,0,0,0,nao,nao,nao
105811,churnado,small-seller,14,79,12835,36892,26,81,nao,nao,nao
105812,ativo,small-seller,62,189,5798,19427,18,65,nao,nao,nao
105813,ativo,no-seller,77,100,0,0,0,0,nao,sim,nao
105814,ativo,no-seller,3,2442,0,0,0,0,nao,nao,nao
105815,ativo,no-seller,26,34,0,0,0,0,nao,nao,nao
105816,ativo,no-seller,181,358,0,0,0,0,nao,nao,nao
105817,ativo,tiny-seller,56,60,1034,2634,3,8,nao,sim,nao
105818,ativo,tiny-seller,662,2348,1191,3126,3,8,nao,nao,nao
105819,ativo,tiny-seller,25,322,466,1152,3,7,nao,sim,nao
105820,ativo,no-seller,251,568,0,0,0,0,sim,nao,nao
105821,ativo,small-seller,7,412,3744,11510,12,35,nao,nao,nao
105822,ativo,struggling-seller,148,180,0,119,0,1,nao,sim,nao
105823,ativo,no-seller,165,736,0,0,0,0,nao,nao,nao
105824,ativo,small-seller,75,83,10197,22950,26,63,nao,nao,nao
105825,ativo,struggling-seller,35,295,212,462,1,2,nao,nao,nao
105826,ativo,small-seller,192,1928,20773,53880,51,142,nao,nao,nao
105827,ativo,no-seller,34,213,0,0,0,0,nao,sim,nao
105828,ativo,small-seller,232,711,12675,28649,30,74,nao,nao,nao
105829,ativo,no-seller,234,1880,0,0,0,0,nao,nao,sim
105830,ativo,no-seller,562,2959,0,0,0,0,nao,nao,nao
105831,ativo,small-seller,271,788,10746,36327,46,149,nao,sim,nao
105832,ativo,no-seller,700,1418,0,0,0,0,sim,sim,nao
105833,ativo,struggling-seller,28,40,0,88,0,1,nao,nao,nao
105834,ativo,no-seller,548,1595,0,0,0,0,nao,nao,nao
105835,ativo,struggling-seller,168,264,112,318,1,3,sim,nao,nao
105836,ativo,no-seller,98,119,0,0,0,0,nao,nao,nao
105837,ativo,no-seller,146,623,0,0,0,0,nao,nao,nao
105838,ativo,no-seller,362,486,0,0,0,0,nao,nao,nao
105839,ativo,no-seller,357,523,0,0,0,0,nao,nao,nao
105840,ativo,small-seller,635,1576,19571,68328,42,146,nao,nao,nao
105841,ativo,no-seller,738,1603,0,0,0,0,nao,nao,nao
105842,ativo,no-seller,113,297,0,0,0,0,nao,sim,nao
105843,ativo,struggling-seller,180,952,376,1149,2,6,nao,nao,nao
105844,ativo,no-seller,55,306,0,0,0,0,nao,nao,nao
105845,ativo,struggling-seller,20,217,177,552,1,3,nao,nao,sim
105846,ativo,struggling-seller,618,2917,214,522,2,5,nao,nao,nao
105847,ativo,no-seller,132,232,0,0,0,0,nao,nao,nao
105848,churnado,no-seller,228,422,0,0,0,0,nao,nao,sim
105849,ativo,no-seller,59,241,0,0,0,0,nao,nao,nao
105850,ativo,no-seller,134,1637,0,0,0,0,nao,nao,nao
105851,cancelado,medium-seller,365,492,39197,95003,129,306,nao,sim,nao
105852,ativo,no-seller,576,2018,0,0,0,0,nao,nao,sim
105853,ativo,no-seller,277,2476,0,0,0,0,nao,sim,nao
105854,ativo,tiny-seller,632,1849,3369,8458,9,22,nao,nao,nao
105855,ativo,struggling-seller,346,971,178,566,2,6,nao,nao,nao
105856,ativo,no-seller,17,128,0,0,0,0,nao,nao,nao
105857,ativo,tiny-seller,206,1848,1813,6050,8,29,nao,nao,nao
105858,ativo,no-seller,209,2314,0,0,0,0,nao,nao,nao
105859,ativo,no-seller,621,787,0,0,0,0,nao,sim,sim
105860,ativo,tiny-seller,118,814,1936,5734,6,19,nao,nao,nao
105861,ativo,no-seller,664,2039,0,0,0,0,sim,nao,nao
105862,ativo,no-seller,18,50,0,0,0,0,sim,nao,nao
105863,ativo,no-seller,676,727,0,0,0,0,nao,nao,nao
105864,ativo,no-seller,539,3320,0,0,0,0,nao,nao,nao
105865,ativo,struggling-seller,359,1608,116,339,1,3,nao,sim,nao
105866,ativo,struggling-seller,10,2599,110,461,1,4,nao,nao,nao
105867,ativo,struggling-seller,492,840,263,516,1,2,nao,nao,nao
105868,ativo,small-seller,523,773,11920,40039,42,138,sim,nao,nao
105869,trial,no-seller,59,170,0,0,0,0,nao,nao,nao
105870,ativo,tiny-seller,169,713,735,2097,4,12,nao,nao,nao
105871,ativo,struggling-seller,155,668,0,169,0,1,nao,nao,nao
105872,ativo,struggling-seller,128,201,175,347,1,2,nao,nao,nao
105873,ativo,tiny-seller,410,3202,1644,7320,5,21,sim,nao,nao
105874,ativo,no-seller,2,729,0,0,0,0,sim,nao,sim
105875,churnado,no-seller,710,1479,0,0,0,0,nao,nao,nao
105876,ativo,no-seller,300,2413,0,0,0,0,nao,nao,nao
105877,ativo,small-seller,47,60,16549,43778,35,87,nao,nao,nao
105878,churnado,medium-seller,181,365,69027,215836,130,387,nao,nao,nao
105879,trial,struggling-seller,727,1145,0,92,0,1,nao,nao,nao
105880,cancelado,small-seller,159,332,15926,40734,55,136,nao,nao,nao
105881,ativo,small-seller,105,586,4351,14359,11,37,sim,nao,nao
105882,ativo,small-seller,19,40,5848,21307,19,67,nao,nao,nao
105883,ativo,no-seller,304,466,0,0,0,0,nao,nao,nao
105884,ativo,no-seller,363,689,0,0,0,0,sim,nao,nao
105885,ativo,no-seller,626,2077,0,0,0,0,sim,nao,nao
105886,ativo,tiny-seller,184,271,1963,5686,9,26,nao,nao,nao
105887,ativo,no-seller,12,169,0,0,0,0,sim,nao,nao
105888,ativo,medium-seller,95,514,46356,115144,116,276,nao,sim,nao
105889,ativo,no-seller,522,620,0,0,0,0,sim,nao,nao
105890,ativo,no-seller,7,135,0,0,0,0,nao,nao,nao
105891,churnado,no-seller,23,49,0,0,0,0,nao,nao,nao
105892,ativo,no-seller,427,3186,0,0,0,0,nao,nao,nao
105893,ativo,struggling-seller,727,1079,418,914,2,4,sim,nao,nao
105894,ativo,tiny-seller,82,238,832,2942,4,15,nao,sim,nao
105895,ativo,no-seller,80,851,0,0,0,0,nao,nao,nao
105896,ativo,no-seller,306,2063,0,0,0,0,nao,nao,sim
105897,cancelado,no-seller,22,278,0,0,0,0,sim,nao,nao
105898,ativo,no-seller,139,231,0,0,0,0,nao,sim,nao
105899,ativo,tiny-seller,226,1665,2153,6757,7,20,nao,nao,nao
105900,ativo,no-seller,570,2061,0,0,0,0,nao,sim,sim
105901,ativo,no-seller,162,591,0,0,0,0,sim,nao,nao
105902,ativo,no-seller,27,33,0,0,0,0,nao,nao,nao
105903,ativo,no-seller,421,879,0,0,0,0,sim,nao,nao
105904,trial,struggling-seller,121,230,270,666,2,5,nao,nao,nao
105905,ativo,struggling-seller,142,358,164,482,1,3,nao,nao,nao
105906,ativo,no-seller,609,2020,0,0,0,0,nao,nao,nao
105907,ativo,medium-seller,103,112,88414,214155,236,578,nao,nao,nao
105908,ativo,no-seller,76,274,0,0,0,0,nao,nao,nao
105909,ativo,medium-seller,39,160,38933,101258,112,266,sim,nao,nao
105910,ativo,tiny-seller,184,881,1718,5845,9,28,nao,nao,nao
105911,ativo,tiny-seller,52,389,2006,8665,6,25,nao,sim,nao
105912,ativo,struggling-seller,150,1431,254,592,2,5,nao,nao,sim
105913,trial,no-seller,567,1592,0,0,0,0,nao,sim,nao
105914,ativo,no-seller,12,44,0,0,0,0,sim,nao,nao
105915,ativo,tiny-seller,105,140,1989,4353,6,13,nao,nao,nao
105916,ativo,struggling-seller,380,1736,235,635,2,5,nao,nao,nao
105917,ativo,no-seller,99,122,0,0,0,0,nao,nao,nao
105918,ativo,no-seller,19,34,0,0,0,0,nao,nao,nao
105919,ativo,struggling-seller,136,1513,505,1408,2,6,sim,nao,nao
105920,trial,no-seller,112,1299,0,0,0,0,nao,nao,nao
105921,ativo,no-seller,72,79,0,0,0,0,nao,nao,sim
105922,ativo,struggling-seller,97,112,0,217,0,1,nao,nao,nao
105923,ativo,no-seller,6,41,0,0,0,0,nao,nao,nao
105924,ativo,medium-seller,536,1107,82867,268682,185,599,nao,nao,nao
105925,ativo,struggling-seller,160,3479,174,381,1,2,nao,nao,nao
105926,ativo,no-seller,538,2038,0,0,0,0,nao,nao,nao
105927,ativo,no-seller,254,296,0,0,0,0,nao,nao,nao
105928,ativo,no-seller,91,117,0,0,0,0,nao,nao,nao
105929,cancelado,no-seller,48,86,0,0,0,0,nao,nao,nao
105930,ativo,small-seller,343,2417,24680,77634,50,142,sim,nao,nao
105931,ativo,no-seller,114,223,0,0,0,0,nao,nao,nao
105932,ativo,no-seller,311,1219,0,0,0,0,nao,nao,sim
105933,ativo,no-seller,380,2683,0,0,0,0,sim,nao,nao
105934,ativo,no-seller,108,276,0,0,0,0,sim,nao,sim
105935,ativo,no-seller,78,274,0,0,0,0,nao,nao,nao
105936,ativo,no-seller,115,173,0,0,0,0,sim,nao,nao
105937,ativo,no-seller,155,168,0,0,0,0,nao,nao,sim
105938,ativo,tiny-seller,92,118,2425,5836,8,20,nao,nao,nao
105939,ativo,no-seller,27,73,0,0,0,0,sim,nao,nao
105940,ativo,small-seller,28,43,16837,57293,39,140,nao,nao,nao
105941,ativo,struggling-seller,122,143,367,1047,2,6,nao,nao,nao
105942,ativo,struggling-seller,360,1083,370,1079,2,6,nao,nao,nao
105943,ativo,struggling-seller,13,86,0,178,0,1,sim,nao,nao
105944,ativo,no-seller,15,51,0,0,0,0,nao,nao,nao
105945,ativo,no-seller,31,176,0,0,0,0,nao,nao,nao
105946,ativo,no-seller,490,2531,0,0,0,0,sim,nao,nao
105947,ativo,small-seller,67,2933,10712,26768,47,118,nao,nao,nao
105948,ativo,no-seller,139,303,0,0,0,0,nao,nao,nao
105949,ativo,no-seller,572,587,0,0,0,0,nao,nao,nao
105950,ativo,no-seller,106,134,0,0,0,0,nao,nao,nao
105951,ativo,no-seller,161,341,0,0,0,0,nao,sim,nao
105952,ativo,no-seller,20,138,0,0,0,0,sim,nao,nao
105953,ativo,struggling-seller,25,40,141,294,1,2,nao,nao,nao
105954,ativo,struggling-seller,357,449,124,274,1,2,sim,sim,nao
105955,ativo,small-seller,335,2109,16429,35359,44,99,nao,nao,nao
105956,ativo,no-seller,21,91,0,0,0,0,sim,nao,nao
105957,ativo,no-seller,47,145,0,0,0,0,nao,sim,sim
105958,ativo,struggling-seller,445,1684,375,1004,2,5,nao,nao,nao
105959,ativo,no-seller,259,621,0,0,0,0,nao,nao,nao
105960,ativo,medium-seller,315,1044,63684,204296,174,551,nao,nao,nao
105961,ativo,struggling-seller,331,523,0,218,0,1,nao,nao,nao
105962,ativo,no-seller,400,446,0,0,0,0,nao,nao,nao
105963,ativo,struggling-seller,22,1717,197,919,1,5,nao,nao,nao
105964,ativo,large-seller,700,2931,160581,539746,283,1042,nao,nao,nao
105965,ativo,no-seller,399,2584,0,0,0,0,nao,nao,sim
105966,churnado,no-seller,51,1392,0,0,0,0,nao,nao,nao
105967,ativo,no-seller,664,739,0,0,0,0,nao,sim,nao
105968,ativo,no-seller,710,3076,0,0,0,0,nao,nao,nao
105969,ativo,no-seller,60,85,0,0,0,0,nao,nao,nao
105970,ativo,no-seller,46,830,0,0,0,0,sim,nao,nao
105971,ativo,no-seller,234,1743,0,0,0,0,nao,nao,nao
105972,ativo,no-seller,156,176,0,0,0,0,nao,nao,nao
105973,ativo,no-seller,55,207,0,0,0,0,nao,nao,nao
105974,ativo,struggling-seller,174,308,89,187,1,2,nao,nao,nao
105975,ativo,struggling-seller,27,1819,245,452,2,4,nao,nao,nao
105976,ativo,no-seller,707,1501,0,0,0,0,sim,nao,nao
105977,ativo,no-seller,390,2392,0,0,0,0,nao,nao,nao
105978,trial,no-seller,28,36,0,0,0,0,nao,nao,nao
105979,ativo,struggling-seller,704,1083,234,632,2,5,nao,nao,nao
105980,ativo,no-seller,23,2231,0,0,0,0,nao,nao,nao
105981,ativo,no-seller,182,350,0,0,0,0,nao,nao,nao
105982,ativo,no-seller,141,210,0,0,0,0,nao,nao,nao
105983,ativo,small-seller,27,74,17305,42463,45,110,nao,nao,nao
105984,ativo,no-seller,24,54,0,0,0,0,nao,nao,nao
105985,ativo,struggling-seller,88,316,0,205,0,1,nao,nao,nao
105986,ativo,tiny-seller,6,32,2800,7808,8,22,nao,nao,nao
105987,ativo,no-seller,35,141,0,0,0,0,sim,sim,nao
105988,ativo,struggling-seller,164,274,203,676,2,6,nao,nao,nao
105989,ativo,no-seller,239,350,0,0,0,0,nao,nao,nao
105990,ativo,small-seller,237,1218,8613,29766,19,64,nao,nao,nao
105991,ativo,no-seller,62,95,0,0,0,0,sim,nao,nao
105992,ativo,medium-seller,713,1390,110028,296184,281,714,nao,nao,nao
105993,ativo,no-seller,162,167,0,0,0,0,nao,nao,nao
105994,ativo,tiny-seller,405,573,1844,6651,7,23,nao,nao,nao
105995,ativo,tiny-seller,427,492,3267,9084,8,24,nao,nao,nao
105996,ativo,no-seller,77,169,0,0,0,0,nao,nao,nao
105997,ativo,no-seller,3,43,0,0,0,0,nao,nao,nao
105998,ativo,medium-seller,33,78,103153,365730,173,578,nao,nao,nao
105999,ativo,no-seller,711,1705,0,0,0,0,nao,nao,nao
106000,ativo,no-seller,45,1775,0,0,0,0,nao,sim,nao
106001,ativo,struggling-seller,53,291,0,131,0,1,nao,nao,nao
106002,ativo,no-seller,20,2560,0,0,0,0,nao,sim,nao
106003,ativo,struggling-seller,82,85,218,598,2,5,nao,sim,nao
106004,ativo,no-seller,171,242,0,0,0,0,sim,nao,sim
106005,ativo,small-seller,338,1426,7869,28548,24,80,nao,nao,nao
106006,ativo,no-seller,46,118,0,0,0,0,nao,nao,nao
106007,ativo,no-seller,791,3075,0,0,0,0,nao,nao,nao
106008,ativo,small-seller,239,1536,21941,56274,45,104,nao,nao,nao
106009,trial,no-seller,41,642,0,0,0,0,sim,nao,nao
106010,ativo,medium-seller,110,237,50065,204936,112,426,nao,nao,nao
106011,ativo,struggling-seller,208,3338,243,749,2,6,sim,nao,nao
106012,churnado,no-seller,141,804,0,0,0,0,nao,nao,nao
106013,ativo,no-seller,98,252,0,0,0,0,nao,sim,nao
106014,ativo,no-seller,160,435,0,0,0,0,nao,nao,nao
106015,ativo,no-seller,208,376,0,0,0,0,nao,nao,nao
106016,ativo,no-seller,73,77,0,0,0,0,sim,nao,sim
106017,cancelado,struggling-seller,71,154,589,1378,2,5,nao,nao,nao
106018,ativo,struggling-seller,124,149,391,962,2,5,nao,nao,nao
106019,churnado,no-seller,155,205,0,0,0,0,nao,nao,nao
106020,ativo,small-seller,596,1901,18030,39802,37,83,nao,nao,nao
106021,ativo,medium-seller,92,142,92032,346068,163,636,nao,nao,sim
106022,ativo,struggling-seller,36,3442,0,191,0,1,nao,nao,nao
106023,ativo,no-seller,172,1156,0,0,0,0,nao,nao,nao
106024,ativo,no-seller,591,636,0,0,0,0,nao,nao,nao
106025,ativo,tiny-seller,678,1734,421,1663,3,11,nao,nao,nao
106026,ativo,small-seller,100,235,15521,40520,46,110,nao,nao,nao
106027,ativo,struggling-seller,736,1945,85,375,1,4,nao,nao,nao
106028,ativo,no-seller,178,241,0,0,0,0,nao,nao,nao
106029,ativo,struggling-seller,637,1340,81,172,1,2,sim,nao,nao
106030,ativo,tiny-seller,21,189,4389,9848,10,24,nao,nao,sim
106031,ativo,no-seller,87,208,0,0,0,0,nao,nao,nao
106032,ativo,no-seller,125,403,0,0,0,0,nao,sim,nao
106033,trial,no-seller,645,2657,0,0,0,0,nao,nao,nao
106034,churnado,no-seller,184,279,0,0,0,0,nao,nao,sim
106035,ativo,struggling-seller,423,1219,0,89,0,1,nao,nao,nao
106036,ativo,no-seller,88,2431,0,0,0,0,sim,nao,sim
106037,ativo,tiny-seller,646,1242,375,1213,2,7,nao,nao,nao
106038,ativo,no-seller,60,105,0,0,0,0,nao,nao,nao
106039,ativo,no-seller,169,3107,0,0,0,0,nao,nao,nao
106040,ativo,medium-seller,158,175,73333,261019,169,650,nao,sim,nao
106041,ativo,small-seller,6,31,6368,14662,31,76,nao,nao,nao
106042,ativo,no-seller,792,1064,0,0,0,0,nao,nao,nao
106043,ativo,struggling-seller,58,128,424,813,3,6,nao,nao,sim
106044,ativo,no-seller,418,647,0,0,0,0,sim,nao,nao
106045,ativo,struggling-seller,47,162,176,502,1,3,nao,nao,nao
106046,trial,no-seller,291,426,0,0,0,0,nao,nao,sim
106047,ativo,no-seller,202,228,0,0,0,0,sim,nao,nao
106048,ativo,struggling-seller,92,2017,494,1238,2,5,nao,nao,nao
106049,ativo,no-seller,157,187,0,0,0,0,nao,nao,nao
106050,ativo,no-seller,37,393,0,0,0,0,nao,nao,nao
106051,ativo,tiny-seller,170,246,400,1489,2,7,nao,nao,nao
106052,ativo,no-seller,7,209,0,0,0,0,nao,nao,sim
106053,ativo,tiny-seller,738,1759,1116,4800,4,16,nao,nao,nao
106054,ativo,no-seller,129,150,0,0,0,0,nao,nao,nao
106055,ativo,tiny-seller,166,921,872,3069,3,11,nao,nao,nao
106056,ativo,no-seller,301,1019,0,0,0,0,nao,nao,nao
106057,ativo,no-seller,37,190,0,0,0,0,nao,nao,nao
106058,ativo,small-seller,36,41,5089,12565,18,45,nao,nao,nao
106059,ativo,no-seller,54,205,0,0,0,0,nao,nao,nao
106060,ativo,no-seller,434,796,0,0,0,0,nao,nao,nao
106061,ativo,no-seller,8,3232,0,0,0,0,nao,nao,sim
106062,ativo,small-seller,80,152,4184,12909,11,33,nao,nao,nao
106063,ativo,struggling-seller,322,2881,533,1456,2,6,nao,nao,sim
106064,ativo,struggling-seller,77,240,135,246,1,2,sim,nao,nao
106065,ativo,struggling-seller,416,3381,191,822,1,4,nao,sim,sim
106066,ativo,no-seller,14,56,0,0,0,0,nao,nao,nao
106067,trial,struggling-seller,328,2712,130,358,1,3,nao,nao,nao
106068,ativo,no-seller,568,980,0,0,0,0,sim,nao,nao
106069,ativo,struggling-seller,1,72,0,204,0,1,nao,nao,nao
106070,ativo,struggling-seller,25,45,248,756,2,6,nao,nao,nao
106071,ativo,struggling-seller,547,2038,119,362,1,3,nao,nao,nao
106072,ativo,no-seller,22,94,0,0,0,0,sim,nao,nao
106073,ativo,no-seller,184,311,0,0,0,0,nao,nao,nao
106074,ativo,no-seller,193,1160,0,0,0,0,nao,nao,nao
106075,ativo,no-seller,207,1806,0,0,0,0,nao,nao,nao
106076,ativo,tiny-seller,294,386,2531,7193,10,27,nao,nao,nao
106077,churnado,no-seller,799,1630,0,0,0,0,nao,nao,nao
106078,trial,no-seller,134,156,0,0,0,0,nao,nao,nao
106079,churnado,struggling-seller,162,250,0,176,0,1,nao,nao,nao
106080,ativo,no-seller,352,388,0,0,0,0,sim,nao,nao
106081,ativo,no-seller,174,260,0,0,0,0,nao,sim,nao
106082,trial,small-seller,0,1397,6345,22937,20,72,nao,nao,nao
106083,ativo,no-seller,366,2229,0,0,0,0,nao,nao,nao
106084,ativo,tiny-seller,670,2122,1921,6099,8,25,nao,nao,nao
106085,ativo,struggling-seller,105,2776,605,1159,3,6,nao,sim,nao
106086,ativo,no-seller,457,2699,0,0,0,0,nao,sim,nao
106087,ativo,tiny-seller,9,338,641,2797,2,8,sim,nao,nao
106088,ativo,medium-seller,134,189,45678,111546,92,207,nao,nao,sim
106089,ativo,medium-seller,375,430,55655,222061,166,600,sim,nao,nao
106090,ativo,no-seller,31,1093,0,0,0,0,nao,nao,nao
106091,churnado,tiny-seller,407,440,854,2253,7,17,nao,sim,nao
106092,ativo,struggling-seller,419,1294,93,406,1,4,nao,nao,nao
106093,ativo,struggling-seller,27,62,155,287,1,2,nao,nao,nao
106094,trial,medium-seller,723,1917,51175,141510,163,441,sim,nao,nao
106095,ativo,no-seller,492,2637,0,0,0,0,sim,nao,nao
106096,ativo,no-seller,520,1809,0,0,0,0,nao,nao,nao
106097,ativo,large-seller,10,889,131842,393214,319,862,nao,nao,nao
106098,ativo,no-seller,6,30,0,0,0,0,nao,nao,sim
106099,ativo,tiny-seller,545,2068,3462,7873,9,21,nao,nao,nao
106100,ativo,no-seller,291,1552,0,0,0,0,nao,nao,nao
106101,ativo,tiny-seller,38,240,1317,4470,5,17,nao,nao,nao
106102,ativo,small-seller,27,63,10382,35613,32,101,nao,nao,nao
106103,ativo,tiny-seller,300,371,1776,3974,9,21,nao,nao,nao
106104,ativo,no-seller,205,617,0,0,0,0,nao,nao,nao
106105,ativo,small-seller,539,715,3779,13179,12,38,nao,sim,nao
106106,ativo,struggling-seller,305,1636,0,151,0,1,sim,nao,nao
106107,ativo,small-seller,644,1961,15166,45119,31,93,nao,nao,nao
106108,cancelado,struggling-seller,613,3061,0,191,0,1,nao,sim,nao
106109,churnado,small-seller,134,209,10575,32442,31,86,sim,nao,sim
106110,ativo,struggling-seller,671,929,163,721,1,4,nao,nao,sim
106111,ativo,no-seller,76,144,0,0,0,0,nao,nao,nao
106112,ativo,medium-seller,28,50,70691,232892,122,417,nao,sim,nao
106113,ativo,struggling-seller,4,59,364,951,2,5,nao,nao,nao
106114,ativo,no-seller,748,1204,0,0,0,0,sim,sim,nao
106115,ativo,small-seller,23,137,13300,37467,39,118,sim,nao,nao
106116,ativo,no-seller,79,190,0,0,0,0,nao,nao,nao
106117,ativo,no-seller,147,1325,0,0,0,0,sim,nao,nao
106118,ativo,no-seller,488,1414,0,0,0,0,nao,nao,nao
106119,churnado,no-seller,681,1120,0,0,0,0,nao,nao,nao
106120,ativo,small-seller,553,874,7526,17832,15,38,nao,nao,nao
106121,ativo,no-seller,172,618,0,0,0,0,nao,nao,nao
106122,ativo,no-seller,120,2173,0,0,0,0,nao,sim,nao
106123,churnado,no-seller,172,642,0,0,0,0,nao,nao,nao
106124,ativo,no-seller,289,1066,0,0,0,0,nao,nao,sim
106125,ativo,struggling-seller,300,1040,123,238,1,2,sim,sim,nao
106126,trial,struggling-seller,678,726,251,1154,1,5,nao,nao,nao
106127,ativo,small-seller,262,506,6704,22487,24,78,nao,sim,nao
106128,ativo,no-seller,209,339,0,0,0,0,nao,nao,nao
106129,ativo,no-seller,41,79,0,0,0,0,sim,nao,sim
106130,ativo,no-seller,98,827,0,0,0,0,sim,nao,nao
106131,ativo,no-seller,101,112,0,0,0,0,nao,nao,nao
106132,ativo,no-seller,453,832,0,0,0,0,nao,nao,nao
106133,ativo,struggling-seller,231,271,463,1085,2,5,nao,nao,nao
106134,ativo,no-seller,51,759,0,0,0,0,nao,nao,nao
106135,ativo,struggling-seller,161,229,195,634,1,3,nao,nao,sim
106136,ativo,struggling-seller,397,2713,203,806,1,4,sim,nao,nao
106137,ativo,medium-seller,11,710,102779,331245,169,563,nao,nao,nao
106138,ativo,struggling-seller,593,1014,134,517,1,4,nao,nao,sim
106139,ativo,struggling-seller,51,54,153,556,1,4,nao,sim,nao
106140,ativo,tiny-seller,353,2391,4221,10078,11,27,nao,nao,nao
106141,trial,struggling-seller,361,1046,0,220,0,1,nao,nao,nao
106142,ativo,struggling-seller,12,33,194,418,1,2,nao,sim,nao
106143,ativo,no-seller,636,1796,0,0,0,0,nao,nao,nao
106144,ativo,struggling-seller,119,3499,0,105,0,1,nao,sim,nao
106145,cancelado,no-seller,544,885,0,0,0,0,nao,nao,nao
106146,ativo,struggling-seller,188,2203,0,168,0,1,nao,nao,nao
106147,ativo,no-seller,676,1954,0,0,0,0,nao,nao,sim
106148,ativo,no-seller,88,462,0,0,0,0,nao,nao,nao
106149,ativo,no-seller,273,2290,0,0,0,0,nao,nao,nao
106150,ativo,no-seller,536,1890,0,0,0,0,nao,nao,nao
106151,ativo,no-seller,6,1929,0,0,0,0,nao,nao,nao
106152,ativo,struggling-seller,446,857,118,473,1,4,nao,nao,sim
106153,ativo,struggling-seller,165,609,207,671,1,3,nao,sim,nao
106154,ativo,no-seller,547,2003,0,0,0,0,nao,nao,nao
106155,ativo,no-seller,67,2119,0,0,0,0,nao,nao,nao
106156,ativo,no-seller,14,152,0,0,0,0,nao,nao,nao
106157,ativo,struggling-seller,242,2268,0,257,0,1,nao,nao,nao
106158,ativo,no-seller,13,86,0,0,0,0,nao,nao,nao
106159,ativo,struggling-seller,763,931,187,607,1,3,nao,nao,nao
106160,ativo,struggling-seller,31,85,464,1533,2,6,sim,nao,sim
106161,ativo,struggling-seller,27,34,0,122,0,1,nao,nao,nao
106162,ativo,medium-seller,197,859,57966,200001,119,450,nao,nao,nao
106163,ativo,struggling-seller,783,1882,0,138,0,1,nao,nao,nao
106164,ativo,tiny-seller,511,1001,530,1723,2,7,nao,sim,nao
106165,ativo,no-seller,31,389,0,0,0,0,nao,nao,nao
106166,ativo,tiny-seller,4,728,2105,5141,13,30,nao,nao,nao
106167,ativo,no-seller,30,45,0,0,0,0,nao,nao,nao
106168,ativo,struggling-seller,21,97,0,272,0,1,nao,nao,nao
106169,ativo,small-seller,207,605,16414,45343,40,119,sim,nao,nao
106170,ativo,no-seller,715,1044,0,0,0,0,nao,nao,nao
106171,ativo,struggling-seller,708,1013,179,334,1,2,sim,nao,nao
106172,churnado,no-seller,5,43,0,0,0,0,nao,nao,nao
106173,trial,struggling-seller,496,2163,170,369,1,2,nao,nao,nao
106174,ativo,no-seller,49,423,0,0,0,0,nao,nao,nao
106175,ativo,no-seller,173,771,0,0,0,0,nao,nao,nao
106176,ativo,no-seller,19,36,0,0,0,0,sim,nao,nao
106177,ativo,struggling-seller,667,2487,264,790,2,6,nao,nao,nao
106178,ativo,struggling-seller,705,3344,251,815,2,6,nao,nao,nao
106179,churnado,struggling-seller,150,191,0,227,0,1,nao,sim,nao
106180,ativo,no-seller,174,663,0,0,0,0,sim,nao,nao
106181,ativo,no-seller,710,1602,0,0,0,0,nao,nao,nao
106182,ativo,small-seller,147,3356,8528,20275,36,85,nao,sim,nao
106183,ativo,no-seller,80,259,0,0,0,0,nao,nao,nao
106184,ativo,no-seller,271,1118,0,0,0,0,nao,nao,nao
106185,ativo,struggling-seller,42,113,361,1114,2,6,nao,nao,nao
106186,ativo,struggling-seller,3,43,292,955,2,6,nao,nao,sim
106187,ativo,small-seller,168,193,8327,20958,18,48,nao,nao,nao
106188,cancelado,small-seller,387,431,3343,8922,14,35,nao,nao,nao
106189,ativo,small-seller,480,1393,2375,8897,9,34,nao,nao,nao
106190,ativo,medium-seller,279,1475,36598,118279,135,408,nao,nao,nao
106191,ativo,no-seller,130,166,0,0,0,0,nao,nao,nao
106192,ativo,no-seller,761,3131,0,0,0,0,nao,nao,nao
106193,ativo,tiny-seller,6,104,1473,3439,7,17,nao,nao,nao
106194,ativo,no-seller,667,878,0,0,0,0,nao,nao,nao
106195,ativo,struggling-seller,165,2102,177,326,2,4,nao,sim,nao
106196,ativo,no-seller,221,1029,0,0,0,0,nao,nao,nao
106197,ativo,no-seller,731,1147,0,0,0,0,nao,nao,nao
106198,ativo,no-seller,20,78,0,0,0,0,sim,nao,nao
106199,trial,tiny-seller,273,480,3403,8334,9,20,nao,nao,nao
106200,ativo,struggling-seller,252,1319,0,116,0,1,sim,nao,nao
106201,ativo,no-seller,99,106,0,0,0,0,nao,nao,nao
106202,ativo,no-seller,253,392,0,0,0,0,nao,nao,nao
106203,ativo,no-seller,17,60,0,0,0,0,nao,nao,nao
106204,ativo,no-seller,23,33,0,0,0,0,nao,nao,sim
106205,ativo,struggling-seller,176,213,201,629,1,3,sim,nao,nao
106206,trial,no-seller,0,115,0,0,0,0,sim,nao,nao
106207,ativo,small-seller,24,1602,14002,50022,39,135,sim,nao,nao
106208,ativo,no-seller,38,54,0,0,0,0,nao,nao,nao
106209,ativo,tiny-seller,432,2441,2474,6999,7,20,nao,nao,nao
106210,ativo,no-seller,673,2447,0,0,0,0,nao,sim,nao
106211,ativo,no-seller,181,183,0,0,0,0,nao,nao,nao
106212,ativo,tiny-seller,250,2291,1273,4085,5,15,nao,nao,nao
106213,ativo,no-seller,48,48,0,0,0,0,sim,nao,nao
106214,ativo,no-seller,754,958,0,0,0,0,nao,sim,nao
106215,ativo,struggling-seller,98,302,336,841,2,5,nao,nao,nao
106216,ativo,no-seller,54,290,0,0,0,0,sim,nao,nao
106217,ativo,no-seller,466,1734,0,0,0,0,nao,nao,nao
106218,ativo,no-seller,71,1561,0,0,0,0,nao,nao,nao
106219,trial,struggling-seller,0,65,311,1010,2,6,nao,nao,nao
106220,ativo,medium-seller,50,58,33905,91752,92,231,nao,nao,nao
106221,ativo,small-seller,328,571,7323,21966,36,104,sim,nao,nao
106222,ativo,small-seller,7,127,10743,31282,48,127,nao,nao,nao
106223,ativo,struggling-seller,100,308,139,415,1,3,nao,nao,nao
106224,ativo,no-seller,272,549,0,0,0,0,nao,sim,nao
106225,ativo,small-seller,584,3022,9241,30652,34,113,nao,nao,nao
106226,ativo,tiny-seller,131,557,2445,8588,8,28,nao,nao,sim
106227,ativo,struggling-seller,623,811,252,835,2,6,nao,nao,nao
106228,cancelado,medium-seller,130,216,45841,160923,83,281,nao,nao,nao
106229,ativo,no-seller,51,108,0,0,0,0,nao,nao,nao
106230,ativo,small-seller,46,66,17744,42066,36,88,sim,nao,nao
106231,ativo,no-seller,418,897,0,0,0,0,nao,nao,nao
106232,ativo,medium-seller,37,409,57575,186275,161,495,nao,nao,nao
106233,churnado,no-seller,76,258,0,0,0,0,nao,nao,nao
106234,ativo,struggling-seller,699,2617,287,536,1,2,nao,nao,nao
106235,ativo,small-seller,13,32,12868,46755,36,120,sim,sim,nao
106236,ativo,small-seller,114,631,10766,29965,29,83,sim,nao,nao
106237,cancelado,no-seller,53,85,0,0,0,0,nao,nao,nao
106238,ativo,no-seller,416,1104,0,0,0,0,nao,nao,nao
106239,ativo,no-seller,737,1124,0,0,0,0,nao,nao,nao
106240,ativo,tiny-seller,91,449,1422,3811,9,25,nao,nao,nao
106241,ativo,tiny-seller,273,300,932,4027,3,12,nao,sim,nao
106242,churnado,medium-seller,25,133,90864,335720,187,711,sim,nao,nao
106243,ativo,struggling-seller,22,106,84,169,1,2,nao,nao,nao
106244,ativo,no-seller,26,38,0,0,0,0,nao,nao,nao
106245,cancelado,no-seller,272,665,0,0,0,0,sim,nao,nao
106246,ativo,tiny-seller,15,138,1298,3596,4,11,nao,nao,nao
106247,ativo,struggling-seller,110,160,377,837,2,4,nao,sim,nao
106248,ativo,no-seller,104,3458,0,0,0,0,nao,nao,nao
106249,ativo,no-seller,34,1754,0,0,0,0,nao,nao,nao
106250,ativo,struggling-seller,340,404,248,484,1,2,sim,nao,nao
106251,ativo,no-seller,332,353,0,0,0,0,nao,nao,nao
106252,ativo,struggling-seller,105,131,243,532,1,2,sim,nao,nao
106253,ativo,no-seller,82,3109,0,0,0,0,nao,nao,sim
106254,ativo,struggling-seller,205,3291,188,531,1,3,sim,nao,nao
106255,ativo,small-seller,302,612,6144,19930,17,53,nao,nao,nao
106256,ativo,tiny-seller,272,411,2842,7700,9,25,nao,nao,sim
106257,ativo,no-seller,569,2711,0,0,0,0,nao,nao,nao
106258,ativo,no-seller,127,283,0,0,0,0,nao,nao,nao
106259,churnado,no-seller,5,30,0,0,0,0,sim,nao,nao
106260,ativo,struggling-seller,142,772,274,505,1,2,nao,nao,nao
106261,ativo,medium-seller,53,1082,21548,55774,68,163,sim,nao,nao
106262,ativo,no-seller,151,217,0,0,0,0,nao,nao,nao
106263,ativo,no-seller,10,41,0,0,0,0,nao,nao,nao
106264,ativo,struggling-seller,274,795,104,285,1,3,sim,nao,nao
106265,ativo,no-seller,339,1389,0,0,0,0,nao,nao,nao
106266,ativo,no-seller,26,466,0,0,0,0,sim,nao,nao
106267,ativo,no-seller,549,2743,0,0,0,0,nao,nao,nao
106268,trial,tiny-seller,116,290,654,2126,3,10,nao,nao,nao
106269,ativo,no-seller,759,1107,0,0,0,0,nao,sim,nao
106270,ativo,no-seller,73,2816,0,0,0,0,nao,nao,nao
106271,ativo,struggling-seller,565,2109,0,171,0,1,nao,nao,nao
106272,cancelado,no-seller,251,412,0,0,0,0,nao,nao,nao
106273,churnado,struggling-seller,741,1564,0,128,0,1,sim,nao,nao
106274,ativo,no-seller,90,119,0,0,0,0,nao,nao,nao
106275,ativo,no-seller,80,328,0,0,0,0,nao,nao,sim
106276,ativo,no-seller,24,120,0,0,0,0,nao,nao,nao
106277,ativo,no-seller,55,2540,0,0,0,0,sim,sim,nao
106278,ativo,no-seller,51,731,0,0,0,0,nao,nao,nao
106279,ativo,tiny-seller,202,2667,2786,6787,10,24,nao,sim,sim
106280,ativo,no-seller,142,1397,0,0,0,0,nao,nao,nao
106281,ativo,no-seller,489,544,0,0,0,0,nao,sim,nao
106282,ativo,small-seller,762,2660,18472,38789,62,141,nao,nao,nao
106283,ativo,no-seller,37,114,0,0,0,0,nao,nao,sim
106284,ativo,struggling-seller,157,607,187,409,1,2,nao,nao,nao
106285,ativo,no-seller,46,50,0,0,0,0,nao,nao,nao
106286,churnado,small-seller,89,165,2589,10895,9,35,nao,nao,nao
106287,ativo,small-seller,45,198,14200,37159,50,118,nao,nao,nao
106288,ativo,struggling-seller,674,1310,205,665,1,3,nao,nao,nao
106289,ativo,no-seller,162,208,0,0,0,0,nao,sim,sim
106290,cancelado,struggling-seller,146,151,177,502,1,3,nao,nao,sim
106291,ativo,no-seller,769,2166,0,0,0,0,nao,nao,nao
106292,ativo,no-seller,431,716,0,0,0,0,sim,sim,nao
106293,ativo,no-seller,38,522,0,0,0,0,nao,nao,nao
106294,ativo,medium-seller,700,741,55960,130386,124,312,nao,nao,nao
106295,ativo,tiny-seller,59,723,1850,4062,7,16,nao,nao,nao
106296,ativo,no-seller,75,1359,0,0,0,0,nao,nao,sim
106297,ativo,no-seller,346,547,0,0,0,0,sim,nao,nao
106298,churnado,struggling-seller,105,140,90,184,1,2,nao,nao,nao
106299,ativo,no-seller,87,91,0,0,0,0,nao,nao,nao
106300,ativo,struggling-seller,0,93,215,548,2,5,nao,nao,nao
106301,ativo,no-seller,369,2722,0,0,0,0,nao,sim,nao
106302,ativo,struggling-seller,12,37,0,147,0,1,nao,nao,nao
106303,ativo,struggling-seller,709,985,95,365,1,4,nao,nao,sim
106304,ativo,no-seller,344,2429,0,0,0,0,nao,nao,sim
106305,ativo,small-seller,665,2979,8188,34451,32,122,nao,nao,nao
106306,ativo,struggling-seller,262,2521,175,541,1,3,nao,nao,sim
106307,ativo,no-seller,24,31,0,0,0,0,nao,nao,nao
106308,ativo,struggling-seller,68,2129,0,142,0,1,nao,sim,nao
106309,ativo,tiny-seller,73,361,1910,7010,7,27,nao,nao,sim
106310,ativo,no-seller,180,262,0,0,0,0,nao,nao,nao
106311,ativo,struggling-seller,18,82,0,90,0,1,nao,sim,nao
106312,ativo,no-seller,714,2448,0,0,0,0,sim,nao,nao
106313,ativo,no-seller,612,2311,0,0,0,0,nao,nao,nao
106314,ativo,no-seller,58,148,0,0,0,0,nao,nao,nao
106315,ativo,no-seller,70,84,0,0,0,0,sim,sim,nao
106316,ativo,tiny-seller,203,1172,1037,2200,3,7,nao,sim,nao
106317,ativo,no-seller,276,3138,0,0,0,0,nao,sim,nao
106318,ativo,no-seller,102,102,0,0,0,0,sim,sim,nao
106319,ativo,no-seller,297,1726,0,0,0,0,nao,sim,nao
106320,ativo,struggling-seller,67,68,88,284,1,3,nao,nao,nao
106321,ativo,no-seller,485,532,0,0,0,0,nao,nao,sim
106322,ativo,struggling-seller,288,2230,317,874,2,6,nao,nao,nao
106323,ativo,struggling-seller,792,2955,467,1023,3,6,sim,nao,nao
106324,ativo,small-seller,429,877,4725,10871,21,52,nao,sim,nao
106325,ativo,struggling-seller,73,168,154,361,2,5,nao,nao,nao
106326,ativo,no-seller,86,225,0,0,0,0,nao,nao,nao
106327,ativo,no-seller,569,1642,0,0,0,0,sim,nao,nao
106328,ativo,no-seller,182,434,0,0,0,0,nao,nao,nao
106329,ativo,struggling-seller,9,38,0,153,0,1,nao,nao,nao
106330,ativo,small-seller,57,514,15769,36657,34,81,nao,sim,nao
106331,ativo,medium-seller,29,167,20639,61797,62,176,nao,nao,nao
106332,ativo,struggling-seller,402,914,225,998,1,4,nao,nao,nao
106333,ativo,medium-seller,126,936,47331,133300,166,429,nao,nao,nao
106334,ativo,no-seller,371,978,0,0,0,0,nao,nao,nao
106335,ativo,no-seller,54,560,0,0,0,0,nao,sim,nao
106336,ativo,struggling-seller,371,1204,177,807,1,5,sim,nao,nao
106337,ativo,struggling-seller,33,85,312,991,2,6,nao,nao,nao
106338,ativo,struggling-seller,646,1881,0,165,0,1,nao,nao,nao
106339,ativo,no-seller,600,2390,0,0,0,0,nao,nao,nao
106340,ativo,struggling-seller,747,1908,84,268,1,3,sim,sim,nao
106341,ativo,no-seller,487,899,0,0,0,0,sim,sim,nao
106342,ativo,struggling-seller,67,84,145,267,1,2,nao,sim,nao
106343,cancelado,no-seller,50,67,0,0,0,0,nao,nao,nao
106344,ativo,tiny-seller,86,116,2720,6958,11,26,nao,nao,nao
106345,ativo,no-seller,785,2412,0,0,0,0,nao,nao,nao
106346,ativo,struggling-seller,460,1009,96,298,1,3,nao,nao,sim
106347,ativo,small-seller,95,145,5125,12537,22,58,nao,nao,nao
106348,ativo,no-seller,542,809,0,0,0,0,nao,nao,nao
106349,ativo,no-seller,88,205,0,0,0,0,nao,nao,nao
106350,ativo,tiny-seller,76,254,1739,4198,11,29,sim,sim,nao
106351,ativo,no-seller,234,328,0,0,0,0,sim,nao,nao
106352,ativo,small-seller,766,867,9954,25841,30,84,nao,nao,nao
106353,ativo,no-seller,241,1742,0,0,0,0,nao,nao,nao
106354,ativo,struggling-seller,743,906,448,1112,2,5,nao,nao,nao
106355,ativo,struggling-seller,100,596,136,432,2,6,nao,nao,nao
106356,ativo,struggling-seller,516,3010,111,218,1,2,nao,sim,nao
106357,trial,struggling-seller,350,405,0,179,0,1,nao,nao,nao
106358,ativo,no-seller,5,44,0,0,0,0,nao,nao,sim
106359,ativo,large-seller,201,2660,171288,686973,278,1099,sim,nao,nao
106360,ativo,struggling-seller,101,407,0,88,0,1,nao,nao,nao
106361,ativo,no-seller,563,1927,0,0,0,0,sim,nao,nao
106362,ativo,struggling-seller,19,735,84,277,1,3,nao,nao,sim
106363,ativo,struggling-seller,30,267,180,351,1,2,nao,nao,nao
106364,ativo,no-seller,152,2832,0,0,0,0,nao,sim,nao
106365,ativo,no-seller,90,239,0,0,0,0,nao,nao,nao
106366,ativo,no-seller,107,125,0,0,0,0,nao,sim,nao
106367,ativo,medium-seller,84,585,31375,86444,58,172,nao,nao,sim
106368,ativo,struggling-seller,124,262,100,415,1,4,nao,nao,nao
106369,trial,tiny-seller,194,290,994,2251,5,12,sim,nao,nao
106370,churnado,tiny-seller,325,2875,1067,3005,4,12,nao,nao,nao
106371,ativo,struggling-seller,612,1888,194,473,2,5,sim,sim,nao
106372,ativo,struggling-seller,658,919,246,1319,1,5,sim,nao,nao
106373,ativo,small-seller,363,1501,17977,47665,35,100,nao,nao,nao
106374,ativo,no-seller,15,2673,0,0,0,0,nao,nao,nao
106375,ativo,no-seller,750,1065,0,0,0,0,nao,nao,nao
106376,ativo,struggling-seller,27,137,197,557,1,3,nao,nao,nao
106377,ativo,no-seller,297,1114,0,0,0,0,nao,nao,nao
106378,ativo,tiny-seller,36,86,2275,5618,11,25,nao,nao,nao
106379,ativo,no-seller,131,269,0,0,0,0,nao,nao,nao
106380,ativo,struggling-seller,323,512,81,252,1,3,nao,nao,nao
106381,ativo,struggling-seller,104,148,241,473,2,4,nao,nao,nao
106382,ativo,tiny-seller,676,1929,433,1529,2,7,nao,nao,nao
106383,ativo,struggling-seller,335,2315,99,459,1,5,nao,nao,nao
106384,trial,tiny-seller,28,148,767,2287,3,9,nao,nao,nao
106385,ativo,small-seller,585,1162,26325,70041,51,133,nao,nao,sim
106386,ativo,no-seller,310,2421,0,0,0,0,nao,nao,nao
106387,ativo,tiny-seller,266,1483,738,2301,5,16,sim,nao,nao
106388,ativo,no-seller,284,299,0,0,0,0,nao,sim,sim
106389,ativo,no-seller,389,437,0,0,0,0,nao,nao,nao
106390,ativo,struggling-seller,66,114,89,258,1,3,nao,nao,nao
106391,ativo,struggling-seller,137,291,0,132,0,1,nao,nao,nao
106392,ativo,no-seller,698,1041,0,0,0,0,nao,nao,nao
106393,ativo,medium-seller,292,546,136242,381613,261,666,nao,nao,sim
106394,ativo,struggling-seller,523,544,0,217,0,1,nao,sim,sim
106395,ativo,no-seller,27,2159,0,0,0,0,nao,nao,nao
106396,ativo,struggling-seller,340,2681,136,290,1,2,nao,nao,nao
106397,ativo,no-seller,161,542,0,0,0,0,nao,nao,nao
106398,ativo,struggling-seller,72,1551,0,217,0,1,nao,nao,nao
106399,ativo,no-seller,360,494,0,0,0,0,nao,nao,nao
106400,trial,small-seller,227,252,6219,18702,14,46,nao,nao,nao
106401,ativo,medium-seller,786,3263,113318,345470,208,572,nao,nao,nao
106402,ativo,no-seller,267,3186,0,0,0,0,sim,nao,nao
106403,ativo,no-seller,297,1103,0,0,0,0,nao,nao,nao
106404,ativo,struggling-seller,1,257,87,160,1,2,nao,nao,nao
106405,trial,no-seller,88,198,0,0,0,0,nao,nao,nao
106406,ativo,no-seller,15,115,0,0,0,0,nao,nao,nao
106407,ativo,large-seller,63,149,371372,863036,611,1416,nao,nao,nao
106408,ativo,no-seller,320,1023,0,0,0,0,nao,nao,nao
106409,ativo,no-seller,36,72,0,0,0,0,nao,nao,nao
106410,ativo,no-seller,419,3397,0,0,0,0,nao,sim,nao
106411,ativo,struggling-seller,575,994,116,256,1,2,nao,nao,nao
106412,ativo,struggling-seller,222,398,244,537,1,2,nao,nao,nao
106413,ativo,struggling-seller,183,2659,218,596,2,5,sim,nao,nao
106414,ativo,no-seller,175,618,0,0,0,0,sim,nao,nao
106415,ativo,no-seller,281,701,0,0,0,0,nao,nao,nao
106416,ativo,no-seller,739,3301,0,0,0,0,nao,nao,nao
106417,ativo,no-seller,697,1133,0,0,0,0,nao,nao,nao
106418,ativo,no-seller,291,589,0,0,0,0,nao,nao,nao
106419,ativo,no-seller,67,67,0,0,0,0,nao,nao,sim
106420,ativo,no-seller,401,1560,0,0,0,0,nao,nao,nao
106421,ativo,struggling-seller,645,3326,78,341,1,4,nao,nao,nao
106422,ativo,no-seller,436,470,0,0,0,0,nao,nao,nao
106423,ativo,struggling-seller,25,133,192,606,2,6,sim,nao,nao
106424,ativo,small-seller,119,500,12556,43590,25,82,nao,nao,nao
106425,ativo,no-seller,23,280,0,0,0,0,nao,nao,nao
106426,ativo,struggling-seller,488,509,132,284,1,2,nao,nao,nao
106427,ativo,medium-seller,21,115,63313,194729,155,462,nao,nao,nao
106428,ativo,no-seller,67,323,0,0,0,0,nao,sim,nao
106429,ativo,small-seller,222,466,7346,17460,17,43,nao,sim,nao
106430,ativo,struggling-seller,563,1279,114,221,1,2,nao,nao,sim
106431,ativo,no-seller,157,303,0,0,0,0,nao,nao,nao
106432,trial,struggling-seller,10,886,191,487,2,5,sim,nao,nao
106433,ativo,no-seller,260,309,0,0,0,0,nao,nao,sim
106434,ativo,struggling-seller,271,627,243,535,1,2,nao,nao,nao
106435,ativo,struggling-seller,191,806,120,479,1,4,nao,nao,nao
106436,churnado,tiny-seller,75,120,1828,4174,6,14,nao,nao,sim
106437,ativo,small-seller,40,95,28707,60609,64,143,nao,nao,nao
106438,ativo,struggling-seller,657,953,372,1235,2,6,sim,sim,nao
106439,ativo,struggling-seller,338,343,143,264,1,2,nao,nao,nao
106440,ativo,tiny-seller,232,351,2438,5171,7,15,nao,nao,sim
106441,ativo,no-seller,190,571,0,0,0,0,sim,sim,nao
106442,ativo,struggling-seller,22,35,136,294,1,2,sim,nao,nao
106443,ativo,no-seller,171,513,0,0,0,0,nao,nao,nao
106444,ativo,no-seller,125,187,0,0,0,0,nao,nao,nao
106445,ativo,no-seller,584,1136,0,0,0,0,nao,nao,nao
106446,ativo,tiny-seller,396,574,2316,5459,7,18,nao,nao,sim
106447,ativo,struggling-seller,95,1858,0,134,0,1,nao,nao,nao
106448,ativo,no-seller,82,237,0,0,0,0,nao,nao,nao
106449,ativo,medium-seller,212,393,17219,63728,48,162,nao,nao,nao
106450,ativo,no-seller,341,634,0,0,0,0,nao,nao,nao
106451,ativo,struggling-seller,36,66,239,676,2,6,nao,nao,nao
106452,ativo,no-seller,85,94,0,0,0,0,sim,nao,nao
106453,ativo,struggling-seller,678,1410,408,998,2,5,nao,sim,nao
106454,ativo,struggling-seller,476,1820,189,565,1,3,sim,nao,nao
106455,ativo,struggling-seller,73,121,0,229,0,1,nao,nao,nao
106456,ativo,no-seller,95,271,0,0,0,0,nao,nao,nao
106457,ativo,no-seller,743,856,0,0,0,0,nao,nao,nao
106458,ativo,no-seller,25,45,0,0,0,0,sim,nao,nao
106459,ativo,tiny-seller,307,343,3369,7568,12,27,nao,nao,nao
106460,ativo,struggling-seller,329,2117,140,510,1,4,nao,nao,nao
106461,ativo,struggling-seller,17,48,513,1366,2,5,nao,nao,nao
106462,ativo,no-seller,1,692,0,0,0,0,nao,nao,nao
106463,trial,tiny-seller,180,224,1032,3246,3,10,nao,nao,nao
106464,ativo,no-seller,15,39,0,0,0,0,nao,nao,nao
106465,ativo,struggling-seller,283,1445,253,819,1,3,nao,nao,nao
106466,ativo,no-seller,5,54,0,0,0,0,sim,nao,nao
106467,ativo,no-seller,38,50,0,0,0,0,nao,sim,nao
106468,ativo,struggling-seller,31,2948,0,106,0,1,nao,nao,nao
106469,ativo,tiny-seller,415,792,427,1489,2,7,nao,nao,nao
106470,ativo,small-seller,0,47,24534,59870,48,126,nao,nao,nao
106471,churnado,no-seller,129,250,0,0,0,0,nao,nao,nao
106472,ativo,tiny-seller,647,1360,854,2717,3,9,nao,nao,nao
106473,ativo,struggling-seller,450,841,472,1105,2,5,sim,nao,nao
106474,cancelado,no-seller,165,459,0,0,0,0,nao,nao,nao
106475,ativo,no-seller,136,309,0,0,0,0,nao,nao,nao
106476,ativo,no-seller,29,213,0,0,0,0,nao,nao,nao
106477,ativo,tiny-seller,12,44,1397,5143,3,12,sim,nao,nao
106478,churnado,struggling-seller,646,651,95,192,1,2,nao,nao,nao
106479,ativo,no-seller,534,935,0,0,0,0,nao,nao,nao
106480,churnado,struggling-seller,262,268,0,124,0,1,nao,nao,nao
106481,ativo,no-seller,487,1417,0,0,0,0,nao,nao,nao
106482,trial,no-seller,7,88,0,0,0,0,nao,nao,nao
106483,ativo,tiny-seller,19,55,3379,8699,11,29,nao,nao,nao
106484,trial,no-seller,68,496,0,0,0,0,nao,sim,nao
106485,ativo,struggling-seller,111,299,0,195,0,1,nao,nao,nao
106486,ativo,struggling-seller,525,2530,187,398,2,4,nao,nao,nao
106487,ativo,no-seller,357,877,0,0,0,0,nao,nao,nao
106488,ativo,struggling-seller,30,495,170,789,1,5,nao,nao,nao
106489,ativo,struggling-seller,55,3050,256,779,2,6,nao,nao,nao
106490,ativo,tiny-seller,265,2123,1056,2526,5,11,nao,nao,nao
106491,ativo,struggling-seller,503,1043,247,706,2,6,nao,nao,nao
106492,cancelado,medium-seller,80,450,78053,290244,138,477,nao,nao,nao
106493,ativo,medium-seller,642,829,81055,205979,140,390,sim,nao,nao
106494,ativo,no-seller,103,601,0,0,0,0,sim,nao,nao
106495,ativo,no-seller,614,2384,0,0,0,0,nao,sim,nao
106496,ativo,struggling-seller,102,953,0,187,0,1,nao,sim,nao
106497,ativo,no-seller,92,101,0,0,0,0,nao,nao,nao
106498,ativo,tiny-seller,439,1704,1480,3610,10,26,nao,nao,nao
106499,ativo,no-seller,2,395,0,0,0,0,nao,nao,sim
106500,ativo,no-seller,84,128,0,0,0,0,nao,nao,nao
106501,ativo,small-seller,55,2936,17979,60772,36,132,nao,sim,nao
106502,ativo,small-seller,353,553,15531,33715,64,144,sim,nao,nao
106503,ativo,tiny-seller,272,312,928,2775,5,15,nao,nao,nao
106504,ativo,no-seller,545,1041,0,0,0,0,nao,nao,nao
106505,ativo,medium-seller,247,2824,24461,88003,46,166,sim,nao,nao
106506,trial,no-seller,129,658,0,0,0,0,nao,nao,nao
106507,ativo,no-seller,118,228,0,0,0,0,nao,nao,sim
106508,churnado,tiny-seller,22,56,2810,7446,8,21,nao,nao,nao
106509,ativo,no-seller,8,2736,0,0,0,0,nao,nao,nao
106510,ativo,no-seller,42,3339,0,0,0,0,nao,nao,sim
106511,ativo,small-seller,76,97,6751,26088,25,90,nao,nao,nao
106512,ativo,no-seller,743,2431,0,0,0,0,nao,sim,nao
106513,ativo,small-seller,764,1594,11502,28598,40,108,nao,nao,sim
106514,ativo,no-seller,640,700,0,0,0,0,nao,nao,sim
106515,ativo,struggling-seller,76,289,0,174,0,1,nao,sim,nao
106516,ativo,no-seller,347,419,0,0,0,0,sim,nao,nao
106517,ativo,medium-seller,469,3069,54732,131340,172,409,nao,nao,nao
106518,ativo,no-seller,301,1740,0,0,0,0,nao,nao,nao
106519,ativo,large-seller,374,500,229848,525800,492,1097,nao,nao,nao
106520,ativo,small-seller,35,179,11013,36761,38,120,nao,nao,nao
106521,ativo,no-seller,548,725,0,0,0,0,nao,nao,nao
106522,ativo,no-seller,650,2657,0,0,0,0,nao,nao,nao
106523,ativo,top-seller,612,2227,534303,1435986,937,2654,nao,nao,nao
106524,ativo,no-seller,303,458,0,0,0,0,sim,sim,sim
106525,ativo,tiny-seller,579,806,2514,7671,10,30,sim,nao,nao
106526,churnado,no-seller,333,588,0,0,0,0,nao,nao,nao
106527,ativo,top-seller,247,286,599432,1284470,906,2100,nao,nao,nao
106528,trial,no-seller,0,32,0,0,0,0,nao,nao,sim
106529,ativo,small-seller,370,1847,10460,35847,32,118,sim,nao,nao
106530,ativo,medium-seller,65,3255,56901,124221,104,232,nao,sim,nao
106531,ativo,tiny-seller,7,213,2267,5247,10,25,sim,nao,nao
106532,ativo,no-seller,242,2090,0,0,0,0,nao,nao,nao
106533,ativo,tiny-seller,129,170,3287,7797,10,23,nao,nao,nao
106534,ativo,struggling-seller,606,2670,390,845,2,4,nao,nao,nao
106535,ativo,struggling-seller,96,129,279,537,1,2,nao,nao,nao
106536,churnado,tiny-seller,155,218,538,2102,2,8,nao,nao,nao
106537,ativo,struggling-seller,316,316,161,459,1,3,nao,nao,nao
106538,ativo,no-seller,4,523,0,0,0,0,nao,nao,nao
106539,ativo,tiny-seller,84,140,1218,4009,5,15,sim,nao,nao
106540,ativo,tiny-seller,244,2706,1456,3369,4,9,nao,sim,nao
106541,ativo,no-seller,50,3222,0,0,0,0,nao,nao,nao
106542,ativo,medium-seller,81,101,94775,208794,200,447,nao,nao,nao
106543,ativo,no-seller,89,114,0,0,0,0,nao,nao,nao
106544,ativo,no-seller,759,3387,0,0,0,0,sim,sim,nao
106545,ativo,struggling-seller,686,1084,167,320,1,2,nao,nao,nao
106546,trial,large-seller,256,1224,254171,648919,401,948,nao,nao,nao
106547,ativo,tiny-seller,520,939,2066,5146,9,23,sim,nao,nao
106548,ativo,no-seller,71,260,0,0,0,0,nao,nao,sim
106549,ativo,no-seller,292,1198,0,0,0,0,nao,nao,nao
106550,ativo,no-seller,303,763,0,0,0,0,nao,nao,nao
106551,ativo,no-seller,39,2166,0,0,0,0,nao,nao,sim
106552,churnado,struggling-seller,88,92,323,1070,2,6,sim,nao,nao
106553,ativo,no-seller,34,102,0,0,0,0,nao,sim,nao
106554,ativo,small-seller,75,2509,6502,25302,26,94,nao,sim,nao
106555,ativo,tiny-seller,38,691,523,1285,3,7,nao,nao,nao
106556,ativo,no-seller,206,2380,0,0,0,0,nao,nao,nao
106557,ativo,no-seller,178,370,0,0,0,0,nao,nao,nao
106558,ativo,top-seller,721,1988,1181461,3445076,1476,4125,nao,nao,nao
106559,ativo,no-seller,71,2663,0,0,0,0,nao,nao,nao
106560,ativo,no-seller,159,188,0,0,0,0,nao,nao,nao
106561,trial,struggling-seller,551,1913,0,190,0,1,nao,nao,nao
106562,ativo,no-seller,261,2310,0,0,0,0,nao,nao,nao
106563,ativo,no-seller,645,1989,0,0,0,0,nao,nao,nao
106564,ativo,no-seller,499,719,0,0,0,0,nao,sim,nao
106565,churnado,tiny-seller,214,334,2982,7191,11,29,nao,nao,nao
106566,ativo,no-seller,550,3460,0,0,0,0,nao,sim,sim
106567,ativo,no-seller,243,784,0,0,0,0,nao,nao,nao
106568,ativo,no-seller,6,3020,0,0,0,0,sim,nao,nao
106569,ativo,no-seller,312,1914,0,0,0,0,nao,nao,nao
106570,ativo,no-seller,166,2325,0,0,0,0,nao,nao,nao
106571,ativo,struggling-seller,19,49,0,180,0,1,nao,nao,nao
106572,ativo,no-seller,542,1972,0,0,0,0,nao,nao,nao
106573,ativo,small-seller,680,2440,7177,20946,33,90,nao,nao,nao
106574,ativo,no-seller,546,565,0,0,0,0,sim,nao,sim
106575,ativo,tiny-seller,184,455,1131,4187,5,19,nao,nao,nao
106576,ativo,no-seller,634,1123,0,0,0,0,sim,nao,sim
106577,ativo,no-seller,648,1408,0,0,0,0,nao,sim,nao
106578,ativo,tiny-seller,66,464,1895,3854,6,13,nao,sim,nao
106579,ativo,no-seller,338,370,0,0,0,0,nao,sim,nao
106580,ativo,small-seller,175,571,13817,32102,58,143,nao,nao,nao
106581,ativo,tiny-seller,379,2503,3623,10809,10,28,nao,nao,nao
106582,trial,struggling-seller,44,454,119,494,1,4,nao,nao,nao
106583,ativo,no-seller,537,1920,0,0,0,0,nao,nao,nao
106584,ativo,no-seller,59,1294,0,0,0,0,nao,nao,nao
106585,ativo,struggling-seller,189,1290,255,498,1,2,nao,nao,nao
106586,ativo,no-seller,141,279,0,0,0,0,nao,nao,nao
106587,ativo,no-seller,63,95,0,0,0,0,nao,nao,nao
106588,churnado,no-seller,769,2821,0,0,0,0,nao,nao,nao
106589,ativo,no-seller,304,476,0,0,0,0,nao,sim,sim
106590,ativo,no-seller,389,611,0,0,0,0,nao,nao,nao
106591,ativo,struggling-seller,28,626,208,514,2,5,nao,nao,nao
106592,ativo,medium-seller,163,1648,126324,324778,231,644,nao,nao,nao
106593,ativo,no-seller,12,249,0,0,0,0,nao,nao,sim
106594,ativo,no-seller,38,114,0,0,0,0,nao,sim,nao
106595,cancelado,medium-seller,481,490,107915,268839,214,569,nao,nao,nao
106596,ativo,no-seller,797,1821,0,0,0,0,nao,nao,nao
106597,churnado,struggling-seller,535,3176,0,230,0,1,nao,nao,nao
106598,ativo,struggling-seller,391,653,167,520,1,3,sim,nao,nao
106599,ativo,no-seller,753,3373,0,0,0,0,sim,sim,nao
106600,ativo,small-seller,25,1245,4866,19536,22,84,sim,nao,nao
106601,ativo,no-seller,44,375,0,0,0,0,nao,nao,nao
106602,ativo,struggling-seller,750,1555,126,480,1,4,nao,nao,sim
106603,ativo,no-seller,182,667,0,0,0,0,nao,nao,nao
106604,ativo,no-seller,513,1014,0,0,0,0,sim,nao,nao
106605,ativo,medium-seller,363,638,109308,320985,229,712,nao,nao,nao
106606,ativo,no-seller,24,142,0,0,0,0,nao,nao,sim
106607,churnado,tiny-seller,152,158,2423,7381,9,30,nao,nao,nao
106608,ativo,no-seller,91,108,0,0,0,0,nao,nao,nao
106609,ativo,struggling-seller,16,2153,300,858,2,6,nao,nao,nao
106610,ativo,no-seller,158,226,0,0,0,0,nao,nao,nao
106611,ativo,no-seller,511,1084,0,0,0,0,nao,nao,nao
106612,ativo,no-seller,40,1594,0,0,0,0,nao,nao,nao
106613,ativo,struggling-seller,104,218,238,489,1,2,sim,nao,nao
106614,ativo,no-seller,103,122,0,0,0,0,nao,nao,nao
106615,ativo,no-seller,149,273,0,0,0,0,nao,nao,sim
106616,ativo,struggling-seller,29,63,0,76,0,1,nao,nao,nao
106617,ativo,medium-seller,169,198,38702,148241,124,429,nao,nao,nao
106618,ativo,no-seller,577,1971,0,0,0,0,sim,sim,nao
106619,ativo,struggling-seller,5,1287,252,707,1,3,nao,nao,nao
106620,ativo,no-seller,455,716,0,0,0,0,nao,nao,nao
106621,ativo,no-seller,365,2998,0,0,0,0,nao,nao,nao
106622,ativo,medium-seller,81,126,121662,345986,245,690,nao,sim,nao
106623,ativo,tiny-seller,313,324,1223,2543,4,9,sim,sim,nao
106624,ativo,no-seller,612,834,0,0,0,0,nao,nao,nao
106625,ativo,no-seller,18,101,0,0,0,0,nao,nao,nao
106626,ativo,struggling-seller,123,2543,277,558,1,2,sim,nao,nao
106627,ativo,large-seller,65,217,174703,692165,270,1035,nao,nao,sim
106628,ativo,no-seller,78,287,0,0,0,0,nao,nao,nao
106629,ativo,no-seller,583,766,0,0,0,0,nao,nao,nao
106630,ativo,tiny-seller,11,107,1419,5102,5,18,nao,nao,nao
106631,ativo,no-seller,98,236,0,0,0,0,sim,nao,nao
106632,ativo,struggling-seller,228,2922,449,1414,2,6,nao,sim,nao
106633,ativo,tiny-seller,170,177,1138,3521,4,12,nao,nao,nao
106634,ativo,medium-seller,569,2935,124158,324934,295,699,nao,nao,nao
106635,ativo,tiny-seller,439,456,535,2019,2,7,sim,nao,nao
106636,ativo,struggling-seller,80,325,0,195,0,1,sim,nao,nao
106637,ativo,tiny-seller,52,3045,2923,6917,8,19,nao,nao,nao
106638,ativo,no-seller,3,65,0,0,0,0,nao,nao,nao
106639,ativo,no-seller,165,1456,0,0,0,0,sim,nao,nao
106640,cancelado,no-seller,88,542,0,0,0,0,nao,nao,nao
106641,ativo,no-seller,85,1064,0,0,0,0,nao,nao,sim
106642,ativo,no-seller,5,42,0,0,0,0,sim,sim,nao
106643,ativo,no-seller,274,285,0,0,0,0,sim,nao,nao
106644,ativo,no-seller,794,837,0,0,0,0,nao,nao,nao
106645,ativo,tiny-seller,88,155,2418,7377,7,23,nao,nao,nao
106646,ativo,no-seller,119,171,0,0,0,0,nao,nao,nao
106647,ativo,no-seller,151,201,0,0,0,0,nao,nao,nao
106648,ativo,no-seller,431,768,0,0,0,0,nao,nao,nao
106649,churnado,no-seller,98,2298,0,0,0,0,nao,nao,nao
106650,ativo,struggling-seller,89,482,0,156,0,1,nao,nao,nao
106651,ativo,no-seller,3,66,0,0,0,0,nao,nao,nao
106652,trial,no-seller,576,3031,0,0,0,0,sim,nao,nao
106653,ativo,no-seller,36,58,0,0,0,0,nao,nao,nao
106654,ativo,struggling-seller,501,1237,428,797,3,6,nao,nao,nao
106655,ativo,tiny-seller,10,209,403,1581,2,8,nao,nao,sim
106656,cancelado,no-seller,669,1572,0,0,0,0,sim,nao,nao
106657,ativo,struggling-seller,48,294,351,916,2,5,nao,nao,nao
106658,ativo,tiny-seller,369,1490,2416,6067,8,20,nao,nao,nao
106659,ativo,struggling-seller,26,117,97,184,1,2,sim,nao,nao
106660,trial,tiny-seller,431,526,3061,7949,7,18,nao,nao,nao
106661,ativo,no-seller,101,876,0,0,0,0,nao,nao,nao
106662,ativo,no-seller,761,1042,0,0,0,0,nao,nao,nao
106663,ativo,struggling-seller,486,1105,330,653,2,4,nao,sim,nao
106664,ativo,tiny-seller,125,207,1386,4262,7,21,nao,nao,nao
106665,ativo,tiny-seller,50,58,1074,2334,5,11,nao,nao,nao
106666,ativo,no-seller,93,237,0,0,0,0,nao,nao,sim
106667,ativo,struggling-seller,325,1563,272,700,2,5,nao,nao,nao
106668,ativo,medium-seller,109,458,16217,56218,47,154,nao,nao,nao
106669,ativo,struggling-seller,485,594,880,1601,3,6,nao,sim,nao
106670,ativo,no-seller,406,1237,0,0,0,0,nao,nao,nao
106671,cancelado,no-seller,15,43,0,0,0,0,nao,nao,nao
106672,ativo,tiny-seller,430,1613,1132,3893,3,11,nao,nao,nao
106673,ativo,no-seller,24,949,0,0,0,0,sim,nao,nao
106674,ativo,struggling-seller,2,121,0,242,0,1,nao,sim,sim
106675,ativo,small-seller,82,255,4191,15612,18,69,sim,nao,nao
106676,ativo,no-seller,176,757,0,0,0,0,nao,nao,nao
106677,ativo,small-seller,129,303,31946,71770,61,136,sim,sim,nao
106678,ativo,struggling-seller,286,595,184,732,1,4,sim,nao,nao
106679,ativo,small-seller,58,1562,13487,54686,34,127,nao,nao,nao
106680,ativo,small-seller,110,3327,5972,18030,20,60,nao,nao,nao
106681,churnado,tiny-seller,573,1251,1426,3924,4,11,nao,nao,nao
106682,ativo,small-seller,750,832,14321,36199,35,94,nao,nao,nao
106683,ativo,no-seller,42,51,0,0,0,0,nao,nao,nao
106684,ativo,no-seller,5,1924,0,0,0,0,nao,nao,nao
106685,ativo,no-seller,7,38,0,0,0,0,sim,nao,nao
106686,ativo,no-seller,403,3417,0,0,0,0,nao,nao,nao
106687,ativo,tiny-seller,78,190,1027,3289,6,19,nao,nao,nao
106688,ativo,no-seller,82,232,0,0,0,0,nao,nao,nao
106689,ativo,no-seller,71,367,0,0,0,0,nao,nao,nao
106690,ativo,no-seller,89,1684,0,0,0,0,nao,nao,sim
106691,ativo,no-seller,673,2236,0,0,0,0,nao,nao,sim
106692,ativo,no-seller,39,47,0,0,0,0,nao,nao,nao
106693,ativo,struggling-seller,49,250,285,533,3,6,nao,nao,nao
106694,ativo,no-seller,66,82,0,0,0,0,nao,nao,nao
106695,ativo,struggling-seller,441,447,149,483,1,3,nao,nao,nao
106696,ativo,no-seller,194,1713,0,0,0,0,sim,nao,nao
106697,ativo,struggling-seller,76,124,282,656,2,5,nao,nao,sim
106698,ativo,no-seller,478,844,0,0,0,0,nao,nao,nao
106699,ativo,medium-seller,42,46,54820,135291,101,261,nao,nao,nao
106700,ativo,struggling-seller,14,32,523,1241,2,5,nao,nao,nao
106701,trial,small-seller,422,1669,6119,14082,17,39,sim,nao,nao
106702,ativo,small-seller,296,1751,5844,12773,29,65,nao,nao,sim
106703,ativo,no-seller,38,83,0,0,0,0,nao,nao,nao
106704,ativo,no-seller,71,163,0,0,0,0,nao,nao,nao
106705,churnado,tiny-seller,158,1811,4282,10555,13,30,sim,nao,nao
106706,ativo,small-seller,256,1159,6293,15863,12,32,nao,nao,sim
106707,ativo,no-seller,68,1714,0,0,0,0,nao,nao,nao
106708,ativo,no-seller,555,3369,0,0,0,0,nao,nao,nao
106709,trial,no-seller,198,247,0,0,0,0,nao,sim,nao
106710,ativo,no-seller,15,49,0,0,0,0,nao,nao,nao
106711,ativo,no-seller,95,406,0,0,0,0,nao,nao,nao
106712,churnado,tiny-seller,354,2789,2764,7987,7,20,nao,nao,nao
106713,ativo,struggling-seller,529,565,136,735,1,5,nao,nao,nao
106714,churnado,no-seller,20,161,0,0,0,0,nao,nao,nao
106715,ativo,small-seller,83,105,26625,58470,51,118,nao,nao,nao
106716,ativo,no-seller,24,83,0,0,0,0,sim,nao,nao
106717,ativo,struggling-seller,97,1215,121,238,1,2,nao,nao,nao
106718,ativo,no-seller,291,1426,0,0,0,0,nao,sim,nao
106719,ativo,struggling-seller,381,2315,0,182,0,1,sim,nao,sim
106720,ativo,struggling-seller,25,153,222,724,1,3,nao,nao,nao
106721,ativo,no-seller,65,155,0,0,0,0,nao,sim,sim
106722,ativo,no-seller,645,800,0,0,0,0,nao,nao,nao
106723,ativo,no-seller,372,532,0,0,0,0,nao,nao,nao
106724,ativo,no-seller,340,1615,0,0,0,0,nao,sim,nao
106725,ativo,tiny-seller,87,408,1839,5603,5,15,nao,nao,sim
106726,ativo,struggling-seller,133,303,174,349,2,4,sim,nao,nao
106727,ativo,no-seller,417,2930,0,0,0,0,nao,nao,nao
106728,ativo,no-seller,16,89,0,0,0,0,nao,nao,nao
106729,churnado,no-seller,265,357,0,0,0,0,nao,sim,nao
106730,ativo,tiny-seller,109,144,2609,7340,10,29,nao,nao,nao
106731,ativo,tiny-seller,17,32,2546,7505,6,19,nao,nao,nao
106732,ativo,struggling-seller,195,214,99,481,1,5,nao,nao,nao
106733,ativo,no-seller,671,3124,0,0,0,0,nao,nao,nao
106734,ativo,struggling-seller,131,319,98,191,1,2,nao,nao,nao
106735,ativo,no-seller,53,88,0,0,0,0,nao,nao,nao
106736,ativo,struggling-seller,365,709,322,746,2,5,nao,nao,nao
106737,ativo,no-seller,225,321,0,0,0,0,nao,nao,nao
106738,ativo,medium-seller,110,299,21314,80257,50,192,sim,nao,nao
106739,ativo,no-seller,309,731,0,0,0,0,nao,nao,nao
106740,ativo,small-seller,17,31,16510,72489,36,144,nao,nao,nao
106741,ativo,no-seller,381,1392,0,0,0,0,nao,nao,nao
106742,ativo,struggling-seller,60,682,235,665,1,3,nao,nao,nao
106743,ativo,small-seller,716,2415,14501,46817,30,96,nao,sim,nao
106744,ativo,no-seller,143,213,0,0,0,0,nao,nao,sim
106745,ativo,struggling-seller,352,437,108,421,1,4,nao,nao,nao
106746,ativo,struggling-seller,394,2076,0,236,0,1,nao,nao,nao
106747,ativo,struggling-seller,523,1311,329,622,2,4,nao,nao,nao
106748,ativo,struggling-seller,359,2732,124,475,1,4,nao,nao,nao
106749,ativo,no-seller,5,54,0,0,0,0,nao,nao,nao
106750,ativo,medium-seller,219,379,128105,317792,263,662,nao,nao,nao
106751,ativo,small-seller,287,359,6971,17008,16,37,sim,nao,nao
106752,ativo,no-seller,174,281,0,0,0,0,nao,nao,nao
106753,ativo,no-seller,48,2970,0,0,0,0,nao,nao,nao
106754,ativo,medium-seller,107,390,100298,319827,181,588,nao,nao,nao
106755,ativo,no-seller,22,82,0,0,0,0,nao,nao,nao
106756,ativo,small-seller,25,132,21096,47735,50,119,nao,nao,nao
106757,ativo,no-seller,603,724,0,0,0,0,sim,nao,nao
106758,ativo,no-seller,363,795,0,0,0,0,nao,nao,nao
106759,ativo,struggling-seller,31,980,272,520,3,6,nao,nao,nao
106760,ativo,small-seller,32,47,12494,29748,49,117,nao,nao,nao
106761,ativo,no-seller,719,2409,0,0,0,0,nao,nao,nao
106762,ativo,struggling-seller,688,688,368,710,2,4,sim,nao,nao
106763,ativo,no-seller,587,1372,0,0,0,0,nao,nao,nao
106764,ativo,medium-seller,74,2166,61046,177956,219,630,sim,nao,nao
106765,ativo,no-seller,25,68,0,0,0,0,nao,nao,nao
106766,ativo,struggling-seller,570,1491,100,219,1,2,nao,nao,nao
106767,ativo,tiny-seller,548,1727,1416,3881,3,9,nao,nao,nao
106768,ativo,medium-seller,348,1235,43596,92254,104,238,nao,sim,nao
106769,cancelado,tiny-seller,718,1661,1912,4345,7,17,nao,nao,nao
106770,ativo,no-seller,75,97,0,0,0,0,nao,nao,nao
106771,ativo,struggling-seller,510,3101,256,665,2,5,nao,nao,nao
106772,ativo,small-seller,93,97,16029,37885,48,123,nao,nao,nao
106773,ativo,no-seller,2,147,0,0,0,0,nao,nao,nao
106774,ativo,tiny-seller,107,315,811,3141,2,8,nao,nao,nao
106775,ativo,tiny-seller,271,1918,2184,5951,9,23,nao,nao,nao
106776,ativo,struggling-seller,524,561,124,270,1,2,nao,nao,nao
106777,ativo,no-seller,57,118,0,0,0,0,nao,nao,nao
106778,ativo,no-seller,651,1882,0,0,0,0,nao,nao,nao
106779,ativo,no-seller,153,2773,0,0,0,0,nao,nao,nao
106780,ativo,struggling-seller,90,1408,83,174,1,2,nao,nao,nao
106781,ativo,no-seller,268,1263,0,0,0,0,nao,nao,nao
106782,ativo,no-seller,152,192,0,0,0,0,nao,nao,nao
106783,ativo,no-seller,132,226,0,0,0,0,nao,nao,sim
106784,ativo,tiny-seller,166,3137,3109,8530,11,30,sim,nao,nao
106785,ativo,no-seller,713,2102,0,0,0,0,nao,nao,nao
106786,ativo,struggling-seller,522,1016,227,429,1,2,nao,nao,nao
106787,ativo,no-seller,25,72,0,0,0,0,sim,nao,nao
106788,ativo,medium-seller,719,1612,107885,256866,309,717,nao,nao,nao
106789,ativo,struggling-seller,169,1072,188,712,1,4,nao,nao,nao
106790,ativo,no-seller,547,855,0,0,0,0,nao,nao,nao
106791,ativo,no-seller,21,70,0,0,0,0,nao,nao,nao
106792,ativo,medium-seller,36,42,110657,244452,256,577,nao,nao,nao
106793,ativo,no-seller,286,322,0,0,0,0,nao,nao,nao
106794,ativo,no-seller,512,811,0,0,0,0,sim,nao,nao
106795,ativo,no-seller,139,627,0,0,0,0,nao,nao,nao
106796,ativo,struggling-seller,430,550,392,757,2,4,nao,sim,sim
106797,ativo,no-seller,367,620,0,0,0,0,nao,nao,nao
106798,ativo,no-seller,183,492,0,0,0,0,sim,nao,nao
106799,ativo,struggling-seller,23,271,250,515,3,6,nao,nao,nao
106800,ativo,no-seller,61,115,0,0,0,0,nao,nao,nao
106801,ativo,tiny-seller,478,988,1214,3791,6,20,nao,nao,nao
106802,ativo,no-seller,702,1106,0,0,0,0,sim,nao,nao
106803,ativo,no-seller,600,1145,0,0,0,0,nao,nao,sim
106804,ativo,tiny-seller,661,2605,1422,3312,8,19,nao,nao,nao
106805,ativo,no-seller,123,124,0,0,0,0,nao,nao,nao
106806,ativo,no-seller,388,487,0,0,0,0,nao,nao,nao
106807,trial,no-seller,182,206,0,0,0,0,nao,nao,nao
106808,ativo,no-seller,39,313,0,0,0,0,sim,nao,nao
106809,ativo,no-seller,179,202,0,0,0,0,nao,nao,nao
106810,ativo,no-seller,107,239,0,0,0,0,nao,nao,nao
106811,ativo,no-seller,492,1527,0,0,0,0,sim,nao,sim
106812,ativo,struggling-seller,145,186,257,495,2,4,sim,nao,nao
106813,ativo,struggling-seller,236,309,0,119,0,1,nao,nao,nao
106814,ativo,no-seller,111,128,0,0,0,0,nao,nao,nao
106815,churnado,struggling-seller,62,237,153,311,1,2,nao,nao,nao
106816,ativo,no-seller,30,60,0,0,0,0,nao,nao,nao
106817,ativo,struggling-seller,243,2205,152,280,1,2,nao,nao,nao
106818,ativo,struggling-seller,27,355,409,1085,2,5,nao,nao,nao
106819,ativo,no-seller,46,2187,0,0,0,0,nao,sim,nao
106820,churnado,struggling-seller,17,32,469,1295,2,5,nao,nao,nao
106821,ativo,no-seller,103,235,0,0,0,0,nao,nao,nao
106822,ativo,struggling-seller,232,491,0,168,0,1,nao,nao,nao
106823,ativo,struggling-seller,764,1511,0,158,0,1,nao,sim,nao
106824,ativo,tiny-seller,114,1414,2251,8764,6,23,nao,nao,nao
106825,ativo,struggling-seller,287,2225,0,157,0,1,sim,nao,nao
106826,ativo,tiny-seller,730,939,1409,4787,7,25,nao,nao,nao
106827,ativo,small-seller,56,59,12909,37657,31,96,nao,nao,nao
106828,ativo,struggling-seller,644,1602,265,618,2,5,nao,nao,nao
106829,churnado,no-seller,28,284,0,0,0,0,sim,nao,nao
106830,ativo,no-seller,106,199,0,0,0,0,sim,nao,sim
106831,ativo,no-seller,13,3202,0,0,0,0,sim,nao,nao
106832,ativo,no-seller,416,517,0,0,0,0,sim,sim,nao
106833,churnado,tiny-seller,142,582,1177,3182,3,8,nao,nao,nao
106834,ativo,no-seller,372,1402,0,0,0,0,nao,nao,sim
106835,ativo,no-seller,82,106,0,0,0,0,nao,nao,nao
106836,ativo,small-seller,238,332,9936,36433,35,126,nao,nao,nao
106837,ativo,tiny-seller,416,543,2674,6239,13,29,nao,nao,nao
106838,ativo,medium-seller,358,660,126732,354748,233,669,nao,nao,nao
106839,ativo,struggling-seller,163,400,493,1522,2,6,nao,nao,nao
106840,ativo,no-seller,100,129,0,0,0,0,nao,nao,nao
106841,ativo,no-seller,157,680,0,0,0,0,nao,nao,nao
106842,ativo,medium-seller,119,942,82582,195457,134,324,nao,nao,sim
106843,ativo,no-seller,84,261,0,0,0,0,nao,nao,nao
106844,ativo,small-seller,399,487,9992,26910,27,67,sim,nao,nao
106845,ativo,small-seller,61,1939,5580,15485,15,40,nao,nao,sim
106846,ativo,no-seller,275,2145,0,0,0,0,nao,sim,nao
106847,ativo,no-seller,10,86,0,0,0,0,sim,nao,nao
106848,ativo,tiny-seller,156,437,1281,4125,5,17,nao,nao,nao
106849,ativo,no-seller,35,43,0,0,0,0,nao,nao,nao
106850,cancelado,no-seller,464,943,0,0,0,0,nao,nao,nao
106851,ativo,struggling-seller,98,540,74,156,1,2,nao,nao,nao
106852,ativo,no-seller,14,1357,0,0,0,0,nao,nao,nao
106853,ativo,no-seller,594,1728,0,0,0,0,sim,nao,nao
106854,churnado,no-seller,88,155,0,0,0,0,nao,nao,nao
106855,ativo,no-seller,3,2796,0,0,0,0,nao,nao,nao
106856,ativo,tiny-seller,367,2354,1239,4610,7,26,nao,nao,nao
106857,ativo,no-seller,66,489,0,0,0,0,sim,nao,nao
106858,churnado,no-seller,142,229,0,0,0,0,sim,nao,nao
106859,ativo,small-seller,524,1514,7885,21073,25,67,nao,nao,nao
106860,ativo,tiny-seller,327,635,2812,7257,10,24,nao,nao,nao
106861,ativo,struggling-seller,721,2564,0,127,0,1,nao,nao,nao
106862,ativo,small-seller,67,124,3587,10345,16,42,nao,nao,nao
106863,ativo,no-seller,397,2187,0,0,0,0,nao,nao,nao
106864,ativo,no-seller,100,574,0,0,0,0,nao,nao,nao
106865,ativo,tiny-seller,314,1973,1663,6257,7,26,nao,nao,nao
106866,ativo,struggling-seller,595,797,124,402,1,3,nao,nao,nao
106867,ativo,no-seller,316,503,0,0,0,0,nao,nao,sim
106868,ativo,no-seller,172,746,0,0,0,0,nao,nao,nao
106869,ativo,tiny-seller,164,180,2984,9033,9,25,nao,sim,nao
106870,ativo,tiny-seller,7,44,2225,6020,6,16,nao,nao,nao
106871,ativo,no-seller,602,1780,0,0,0,0,sim,nao,nao
106872,churnado,no-seller,112,518,0,0,0,0,sim,nao,nao
106873,ativo,no-seller,170,3406,0,0,0,0,nao,nao,nao
106874,ativo,struggling-seller,108,499,181,398,1,2,sim,nao,sim
106875,ativo,tiny-seller,119,155,1011,3140,3,10,nao,sim,sim
106876,ativo,no-seller,270,374,0,0,0,0,sim,nao,nao
106877,ativo,tiny-seller,626,1121,1483,4328,4,12,nao,nao,nao
106878,ativo,struggling-seller,22,123,116,641,1,5,nao,nao,nao
106879,ativo,tiny-seller,312,448,683,2128,5,15,nao,nao,nao
106880,ativo,no-seller,437,2336,0,0,0,0,nao,nao,nao
106881,ativo,struggling-seller,340,2186,157,652,1,4,nao,nao,nao
106882,ativo,small-seller,600,1785,10160,25366,29,79,nao,nao,nao
106883,ativo,no-seller,377,820,0,0,0,0,sim,nao,nao
106884,churnado,small-seller,3,141,9418,33396,22,73,nao,nao,nao
106885,churnado,struggling-seller,105,402,68,348,1,5,nao,nao,nao
106886,ativo,no-seller,710,1337,0,0,0,0,nao,nao,nao
106887,ativo,no-seller,52,96,0,0,0,0,nao,sim,nao
106888,ativo,no-seller,62,147,0,0,0,0,nao,nao,nao
106889,ativo,no-seller,70,190,0,0,0,0,nao,nao,nao
106890,churnado,no-seller,65,245,0,0,0,0,nao,nao,sim
106891,ativo,struggling-seller,144,149,0,148,0,1,nao,nao,nao
106892,ativo,tiny-seller,170,252,2406,8574,6,23,nao,nao,nao
106893,ativo,struggling-seller,392,844,231,421,1,2,nao,sim,nao
106894,ativo,medium-seller,257,273,40165,166770,101,392,sim,nao,nao
106895,ativo,struggling-seller,530,1541,414,890,3,6,nao,nao,nao
106896,ativo,struggling-seller,101,239,278,572,2,4,sim,sim,sim
106897,ativo,tiny-seller,704,1461,2023,6515,7,22,sim,sim,nao
106898,ativo,small-seller,32,66,8995,19561,23,54,nao,sim,nao
106899,ativo,no-seller,800,1711,0,0,0,0,nao,nao,nao
106900,ativo,no-seller,251,396,0,0,0,0,nao,nao,nao
106901,ativo,no-seller,622,789,0,0,0,0,sim,nao,nao
106902,ativo,no-seller,136,492,0,0,0,0,nao,nao,nao
106903,ativo,small-seller,316,922,2856,8092,12,31,nao,nao,nao
106904,ativo,no-seller,3,53,0,0,0,0,nao,nao,nao
106905,ativo,struggling-seller,19,33,162,469,1,3,nao,nao,nao
106906,ativo,no-seller,33,62,0,0,0,0,nao,nao,nao
106907,ativo,small-seller,135,300,10903,36515,32,97,nao,sim,nao
106908,ativo,struggling-seller,333,585,230,493,1,2,nao,nao,nao
106909,ativo,no-seller,271,644,0,0,0,0,sim,nao,nao
106910,ativo,tiny-seller,298,610,1943,6484,7,24,nao,nao,nao
106911,ativo,tiny-seller,100,477,470,1737,2,7,nao,nao,nao
106912,ativo,no-seller,22,122,0,0,0,0,nao,nao,nao
106913,ativo,small-seller,166,582,12126,38793,44,150,nao,nao,nao
106914,ativo,no-seller,87,124,0,0,0,0,nao,nao,nao
106915,ativo,struggling-seller,0,117,253,975,1,4,sim,nao,nao
106916,ativo,no-seller,366,3129,0,0,0,0,nao,nao,nao
106917,ativo,struggling-seller,473,2414,0,162,0,1,nao,sim,sim
106918,ativo,no-seller,65,73,0,0,0,0,nao,sim,nao
106919,trial,no-seller,278,572,0,0,0,0,nao,nao,nao
106920,ativo,struggling-seller,5,43,462,929,2,4,nao,nao,sim
106921,ativo,no-seller,114,180,0,0,0,0,nao,nao,nao
106922,ativo,no-seller,671,979,0,0,0,0,nao,nao,nao
106923,ativo,no-seller,177,285,0,0,0,0,nao,nao,nao
106924,cancelado,no-seller,384,2862,0,0,0,0,sim,nao,nao
106925,ativo,no-seller,737,3346,0,0,0,0,nao,nao,nao
106926,ativo,no-seller,745,1645,0,0,0,0,sim,nao,nao
106927,ativo,no-seller,132,464,0,0,0,0,nao,nao,nao
106928,ativo,no-seller,10,91,0,0,0,0,nao,sim,nao
106929,ativo,medium-seller,251,2856,28106,98408,51,166,nao,nao,nao
106930,ativo,struggling-seller,247,267,163,501,1,3,nao,nao,nao
106931,ativo,struggling-seller,65,89,0,114,0,1,nao,nao,nao
106932,ativo,no-seller,50,174,0,0,0,0,nao,nao,nao
106933,trial,struggling-seller,575,720,393,1033,2,5,nao,nao,nao
106934,ativo,no-seller,459,542,0,0,0,0,sim,nao,nao
106935,ativo,tiny-seller,109,187,2994,9129,9,30,nao,nao,sim
106936,ativo,struggling-seller,165,601,289,925,2,6,nao,sim,nao
106937,churnado,struggling-seller,75,77,96,281,1,3,sim,nao,nao
106938,ativo,no-seller,216,307,0,0,0,0,nao,nao,nao
106939,ativo,no-seller,309,348,0,0,0,0,nao,nao,nao
106940,ativo,tiny-seller,507,949,2371,7273,7,22,nao,nao,nao
106941,ativo,no-seller,142,201,0,0,0,0,nao,nao,nao
106942,ativo,no-seller,89,1237,0,0,0,0,sim,sim,sim
106943,cancelado,no-seller,415,553,0,0,0,0,nao,nao,nao
106944,ativo,small-seller,456,474,17373,46681,59,149,nao,nao,nao
106945,ativo,no-seller,391,1456,0,0,0,0,nao,nao,nao
106946,ativo,no-seller,214,1546,0,0,0,0,nao,nao,nao
106947,ativo,medium-seller,31,61,125662,288956,195,444,nao,nao,nao
106948,ativo,no-seller,383,558,0,0,0,0,nao,nao,sim
106949,ativo,struggling-seller,92,383,113,339,1,3,nao,nao,nao
106950,ativo,tiny-seller,1,186,1406,3356,5,12,nao,nao,nao
106951,ativo,no-seller,250,755,0,0,0,0,nao,nao,nao
106952,ativo,no-seller,659,1180,0,0,0,0,nao,nao,nao
106953,ativo,medium-seller,159,597,125024,445948,223,731,sim,nao,nao
106954,trial,no-seller,785,1068,0,0,0,0,nao,nao,nao
106955,trial,no-seller,58,700,0,0,0,0,nao,nao,nao
106956,ativo,struggling-seller,495,2809,750,1518,3,6,nao,nao,nao
106957,ativo,struggling-seller,12,59,0,96,0,1,sim,nao,nao
106958,ativo,no-seller,199,673,0,0,0,0,nao,nao,nao
106959,ativo,medium-seller,59,3129,93981,244185,192,508,sim,nao,nao
106960,ativo,struggling-seller,52,753,212,635,1,3,nao,nao,nao
106961,ativo,no-seller,70,357,0,0,0,0,sim,sim,nao
106962,ativo,struggling-seller,73,82,108,302,1,3,nao,nao,nao
106963,ativo,medium-seller,140,621,126700,304955,196,486,sim,nao,nao
106964,ativo,no-seller,279,1796,0,0,0,0,nao,nao,nao
106965,ativo,struggling-seller,23,46,144,616,1,4,nao,nao,nao
106966,ativo,small-seller,542,3237,4453,12506,18,46,nao,sim,nao
106967,ativo,no-seller,471,627,0,0,0,0,nao,nao,nao
106968,ativo,struggling-seller,157,559,157,519,1,3,nao,nao,sim
106969,ativo,no-seller,73,2390,0,0,0,0,nao,sim,nao
106970,churnado,medium-seller,657,1150,73135,195016,116,304,nao,nao,nao
106971,ativo,tiny-seller,16,85,950,3044,3,9,nao,nao,nao
106972,ativo,no-seller,67,142,0,0,0,0,nao,nao,nao
106973,churnado,struggling-seller,507,2400,457,1065,2,5,sim,nao,nao
106974,ativo,no-seller,39,117,0,0,0,0,sim,nao,nao
106975,ativo,small-seller,761,1465,10630,43505,29,107,nao,nao,nao
106976,ativo,no-seller,354,461,0,0,0,0,nao,nao,nao
106977,ativo,no-seller,5,2069,0,0,0,0,nao,nao,nao
106978,ativo,tiny-seller,208,210,1600,5658,4,15,nao,nao,nao
106979,ativo,no-seller,225,292,0,0,0,0,nao,nao,nao
106980,churnado,struggling-seller,395,722,246,962,1,4,nao,nao,nao
106981,ativo,no-seller,56,129,0,0,0,0,nao,nao,sim
106982,ativo,no-seller,332,355,0,0,0,0,nao,nao,nao
106983,ativo,struggling-seller,21,125,92,258,1,3,nao,nao,nao
106984,ativo,no-seller,435,647,0,0,0,0,nao,nao,sim
106985,ativo,no-seller,482,1578,0,0,0,0,nao,nao,nao
106986,ativo,no-seller,180,460,0,0,0,0,nao,nao,nao
106987,ativo,no-seller,522,816,0,0,0,0,nao,nao,nao
106988,cancelado,struggling-seller,222,905,149,767,1,5,nao,nao,nao
106989,ativo,struggling-seller,337,393,152,305,1,2,nao,nao,nao
106990,ativo,no-seller,467,699,0,0,0,0,nao,nao,nao
106991,ativo,no-seller,54,152,0,0,0,0,nao,nao,nao
106992,ativo,struggling-seller,64,102,0,96,0,1,nao,nao,sim
106993,ativo,tiny-seller,115,310,2798,7594,8,21,nao,nao,sim
106994,ativo,tiny-seller,125,1060,2290,4803,11,24,nao,nao,nao
106995,churnado,small-seller,195,233,15779,33918,46,105,sim,sim,nao
106996,ativo,no-seller,649,2548,0,0,0,0,nao,sim,nao
106997,churnado,struggling-seller,740,747,359,939,2,5,nao,nao,nao
106998,ativo,no-seller,434,652,0,0,0,0,nao,nao,nao
106999,ativo,no-seller,37,53,0,0,0,0,sim,nao,nao
107000,ativo,no-seller,623,1376,0,0,0,0,sim,sim,nao
107001,ativo,tiny-seller,14,54,1422,3368,6,13,nao,nao,sim
107002,ativo,no-seller,531,2403,0,0,0,0,nao,nao,nao
107003,ativo,no-seller,754,1775,0,0,0,0,nao,nao,nao
107004,ativo,no-seller,53,438,0,0,0,0,nao,nao,nao
107005,ativo,small-seller,130,216,5669,14683,24,68,nao,nao,nao
107006,churnado,no-seller,119,123,0,0,0,0,nao,nao,nao
107007,ativo,small-seller,32,158,14151,40267,39,120,nao,sim,nao
107008,ativo,tiny-seller,313,3412,2029,5655,6,18,nao,nao,nao
107009,ativo,struggling-seller,61,138,246,648,2,5,nao,nao,nao
107010,ativo,no-seller,19,420,0,0,0,0,nao,nao,nao
107011,ativo,struggling-seller,464,501,294,750,2,5,nao,sim,nao
107012,ativo,small-seller,200,1144,6494,22864,25,83,nao,nao,nao
107013,ativo,no-seller,440,3248,0,0,0,0,nao,nao,nao
107014,trial,no-seller,647,3388,0,0,0,0,nao,nao,nao
107015,ativo,no-seller,48,512,0,0,0,0,nao,nao,nao
107016,ativo,struggling-seller,46,752,215,1086,1,5,nao,nao,nao
107017,trial,small-seller,347,1639,20519,50176,56,135,sim,nao,nao
107018,ativo,no-seller,531,613,0,0,0,0,nao,nao,nao
107019,trial,no-seller,232,679,0,0,0,0,nao,nao,nao
107020,ativo,no-seller,620,1396,0,0,0,0,nao,nao,nao
107021,ativo,struggling-seller,541,1584,254,705,2,6,sim,nao,nao
107022,ativo,tiny-seller,458,2606,4044,11284,10,30,sim,sim,sim
107023,churnado,struggling-seller,79,373,0,227,0,1,nao,nao,nao
107024,ativo,no-seller,535,917,0,0,0,0,nao,nao,sim
107025,ativo,no-seller,368,695,0,0,0,0,sim,nao,nao
107026,ativo,struggling-seller,268,987,0,165,0,1,nao,nao,nao
107027,ativo,medium-seller,80,312,49112,145909,93,251,nao,nao,nao
107028,cancelado,no-seller,693,917,0,0,0,0,nao,nao,nao
107029,ativo,no-seller,65,958,0,0,0,0,nao,sim,nao
107030,ativo,small-seller,42,86,3803,14701,9,32,sim,nao,nao
107031,ativo,tiny-seller,352,2133,1656,5489,7,22,nao,nao,nao
107032,ativo,struggling-seller,79,537,203,885,1,4,nao,nao,nao
107033,churnado,small-seller,31,341,14301,32840,48,114,nao,nao,nao
107034,ativo,no-seller,581,787,0,0,0,0,sim,nao,nao
107035,ativo,small-seller,119,127,11903,28687,44,112,nao,nao,nao
107036,ativo,tiny-seller,332,572,972,2388,3,7,nao,nao,nao
107037,ativo,struggling-seller,417,466,0,140,0,1,nao,nao,nao
107038,ativo,tiny-seller,526,2931,4213,9953,11,25,nao,sim,nao
107039,ativo,medium-seller,574,1842,42534,139776,84,273,nao,nao,nao
107040,ativo,tiny-seller,179,943,1411,5401,5,19,nao,nao,nao
107041,ativo,no-seller,41,67,0,0,0,0,nao,nao,nao
107042,ativo,no-seller,349,629,0,0,0,0,sim,nao,nao
107043,ativo,struggling-seller,484,1192,282,520,1,2,nao,nao,nao
107044,ativo,tiny-seller,10,1167,1236,3422,5,15,sim,nao,nao
107045,ativo,no-seller,2,1124,0,0,0,0,nao,nao,nao
107046,ativo,struggling-seller,628,1634,84,179,1,2,nao,nao,nao
107047,ativo,struggling-seller,140,575,91,198,1,2,nao,sim,nao
107048,ativo,struggling-seller,159,298,232,610,2,5,nao,nao,nao
107049,ativo,no-seller,102,204,0,0,0,0,nao,nao,sim
107050,ativo,tiny-seller,416,460,3036,7286,12,30,nao,nao,nao
107051,ativo,small-seller,97,226,9723,32351,26,78,nao,nao,nao
107052,ativo,no-seller,150,852,0,0,0,0,nao,nao,nao
107053,ativo,no-seller,214,258,0,0,0,0,nao,nao,nao
107054,churnado,struggling-seller,112,147,261,1206,1,5,nao,sim,nao
107055,ativo,tiny-seller,105,710,912,2621,5,13,sim,nao,nao
107056,ativo,tiny-seller,352,1099,1474,3512,4,9,nao,nao,nao
107057,ativo,no-seller,55,56,0,0,0,0,nao,nao,nao
107058,churnado,struggling-seller,182,1238,104,195,1,2,nao,nao,nao
107059,ativo,tiny-seller,39,1495,1267,4247,4,13,sim,nao,nao
107060,ativo,small-seller,186,404,12127,31074,32,88,nao,nao,sim
107061,ativo,small-seller,3,691,13993,35349,39,95,nao,nao,nao
107062,ativo,no-seller,108,524,0,0,0,0,nao,nao,nao
107063,ativo,no-seller,172,190,0,0,0,0,nao,nao,nao
107064,ativo,no-seller,368,631,0,0,0,0,nao,nao,nao
107065,churnado,tiny-seller,371,496,1403,4512,7,24,nao,nao,nao
107066,cancelado,no-seller,111,135,0,0,0,0,nao,nao,sim
107067,ativo,small-seller,402,493,9586,25556,48,127,nao,nao,nao
107068,ativo,no-seller,31,643,0,0,0,0,nao,sim,sim
107069,ativo,tiny-seller,642,1113,2046,5375,10,25,sim,sim,nao
107070,ativo,tiny-seller,500,1491,2587,6165,7,18,nao,nao,nao
107071,ativo,no-seller,38,54,0,0,0,0,nao,nao,nao
107072,ativo,struggling-seller,325,462,216,644,1,3,nao,nao,nao
107073,ativo,no-seller,24,46,0,0,0,0,nao,nao,nao
107074,ativo,no-seller,96,1104,0,0,0,0,nao,nao,nao
107075,ativo,no-seller,353,1571,0,0,0,0,nao,nao,nao
107076,ativo,tiny-seller,6,40,3585,9293,10,27,sim,nao,nao
107077,ativo,tiny-seller,614,858,3424,7982,11,25,nao,nao,nao
107078,ativo,no-seller,463,3334,0,0,0,0,nao,nao,nao
107079,ativo,struggling-seller,245,246,0,169,0,1,nao,nao,nao
107080,ativo,tiny-seller,217,251,3727,7824,10,23,nao,nao,nao
107081,ativo,struggling-seller,266,2114,130,506,1,4,sim,nao,nao
107082,ativo,tiny-seller,171,2933,2975,6762,10,24,nao,nao,nao
107083,ativo,no-seller,67,181,0,0,0,0,nao,nao,nao
107084,ativo,struggling-seller,23,2094,268,655,2,5,nao,nao,nao
107085,ativo,no-seller,276,327,0,0,0,0,nao,nao,nao
107086,ativo,struggling-seller,500,2077,143,551,1,4,nao,sim,nao
107087,trial,no-seller,714,1578,0,0,0,0,nao,nao,nao
107088,ativo,struggling-seller,150,215,334,866,2,5,sim,nao,nao
107089,ativo,medium-seller,358,475,117360,370360,214,614,nao,nao,nao
107090,ativo,no-seller,171,592,0,0,0,0,nao,nao,nao
107091,ativo,small-seller,230,261,31835,79317,59,142,nao,nao,nao
107092,ativo,struggling-seller,8,43,218,596,1,3,sim,nao,nao
107093,ativo,medium-seller,291,2744,90143,235678,247,604,nao,nao,nao
107094,ativo,struggling-seller,22,36,184,580,2,6,nao,nao,nao
107095,ativo,no-seller,127,319,0,0,0,0,nao,nao,nao
107096,ativo,no-seller,502,3298,0,0,0,0,nao,nao,nao
107097,ativo,no-seller,307,1021,0,0,0,0,nao,nao,nao
107098,ativo,tiny-seller,341,940,1270,3496,4,12,nao,nao,nao
107099,ativo,no-seller,295,2510,0,0,0,0,nao,nao,nao
107100,cancelado,struggling-seller,14,32,215,405,2,4,sim,nao,nao
107101,ativo,medium-seller,372,375,35359,119557,65,204,nao,nao,nao
107102,ativo,tiny-seller,653,2870,3170,9392,9,27,nao,nao,nao
107103,ativo,tiny-seller,300,2925,597,1619,4,10,nao,nao,nao
107104,ativo,struggling-seller,180,2263,422,1152,2,6,nao,nao,nao
107105,ativo,no-seller,32,228,0,0,0,0,nao,nao,nao
107106,ativo,no-seller,93,97,0,0,0,0,sim,nao,nao
107107,ativo,no-seller,746,929,0,0,0,0,nao,nao,nao
107108,ativo,no-seller,55,319,0,0,0,0,nao,nao,nao
107109,ativo,no-seller,37,47,0,0,0,0,nao,nao,nao
107110,ativo,struggling-seller,275,336,385,1010,2,5,sim,nao,nao
107111,ativo,medium-seller,69,482,30740,123609,98,363,nao,sim,sim
107112,ativo,no-seller,33,66,0,0,0,0,nao,nao,nao
107113,ativo,no-seller,66,110,0,0,0,0,nao,nao,nao
107114,ativo,no-seller,17,266,0,0,0,0,nao,nao,nao
107115,ativo,struggling-seller,740,2837,96,452,1,5,nao,nao,nao
107116,ativo,small-seller,9,40,15299,43446,52,144,nao,nao,nao
107117,ativo,tiny-seller,161,585,1224,4647,7,26,nao,nao,nao
107118,ativo,struggling-seller,72,397,142,421,1,3,nao,nao,nao
107119,ativo,no-seller,496,525,0,0,0,0,nao,nao,nao
107120,ativo,struggling-seller,29,69,0,261,0,1,nao,nao,nao
107121,ativo,no-seller,419,1093,0,0,0,0,nao,nao,nao
107122,ativo,tiny-seller,5,2035,1405,4390,6,17,nao,sim,nao
107123,ativo,struggling-seller,38,666,127,554,1,4,nao,nao,nao
107124,ativo,small-seller,541,839,7715,21135,35,96,nao,nao,nao
107125,ativo,no-seller,58,78,0,0,0,0,nao,nao,nao
107126,ativo,no-seller,262,302,0,0,0,0,sim,nao,nao
107127,ativo,struggling-seller,15,217,182,367,1,2,nao,nao,nao
107128,ativo,no-seller,71,120,0,0,0,0,nao,nao,sim
107129,ativo,tiny-seller,254,791,2148,6884,7,21,nao,nao,nao
107130,ativo,small-seller,188,396,7650,18341,27,68,nao,sim,sim
107131,ativo,struggling-seller,93,848,358,781,2,4,nao,nao,nao
107132,ativo,struggling-seller,59,82,217,440,1,2,sim,nao,nao
107133,ativo,struggling-seller,350,756,183,380,1,2,nao,sim,nao
107134,ativo,no-seller,54,382,0,0,0,0,nao,nao,nao
107135,ativo,small-seller,149,242,7017,21990,18,53,nao,nao,sim
107136,ativo,no-seller,59,162,0,0,0,0,nao,nao,nao
107137,ativo,no-seller,39,65,0,0,0,0,nao,nao,nao
107138,ativo,no-seller,335,2882,0,0,0,0,nao,nao,nao
107139,ativo,no-seller,303,475,0,0,0,0,nao,sim,nao
107140,ativo,small-seller,500,1951,5296,21539,17,67,nao,nao,nao
107141,ativo,struggling-seller,638,2100,447,1023,2,5,nao,nao,nao
107142,ativo,no-seller,13,90,0,0,0,0,nao,nao,nao
107143,trial,no-seller,49,71,0,0,0,0,nao,sim,nao
107144,ativo,struggling-seller,690,3063,510,1019,2,4,nao,sim,nao
107145,ativo,no-seller,123,328,0,0,0,0,nao,nao,nao
107146,ativo,no-seller,548,627,0,0,0,0,nao,nao,nao
107147,ativo,struggling-seller,176,483,0,107,0,1,nao,nao,nao
107148,ativo,tiny-seller,497,1919,2895,7686,7,19,sim,nao,nao
107149,ativo,struggling-seller,34,100,0,104,0,1,sim,nao,nao
107150,ativo,struggling-seller,444,728,440,958,2,4,nao,nao,nao
107151,ativo,medium-seller,546,970,58147,182041,135,428,sim,sim,nao
107152,ativo,no-seller,50,85,0,0,0,0,sim,sim,nao
107153,ativo,struggling-seller,455,866,144,546,1,4,nao,nao,nao
107154,ativo,tiny-seller,78,471,2600,8153,9,29,nao,nao,nao
107155,ativo,no-seller,348,1472,0,0,0,0,sim,nao,nao
107156,ativo,struggling-seller,73,2540,313,661,2,4,nao,sim,nao
107157,ativo,struggling-seller,287,883,104,319,1,3,nao,nao,nao
107158,ativo,struggling-seller,71,85,125,341,1,3,nao,nao,nao
107159,ativo,no-seller,90,110,0,0,0,0,sim,nao,nao
107160,ativo,no-seller,5,257,0,0,0,0,nao,nao,nao
107161,ativo,no-seller,118,498,0,0,0,0,nao,nao,nao
107162,ativo,struggling-seller,160,1280,72,237,1,3,nao,nao,nao
107163,ativo,tiny-seller,696,761,1180,3965,8,27,nao,nao,nao
107164,ativo,medium-seller,315,595,87805,207167,242,602,nao,nao,nao
107165,churnado,small-seller,13,39,12932,28998,22,54,nao,nao,sim
107166,ativo,struggling-seller,377,1969,272,550,2,4,nao,nao,nao
107167,ativo,no-seller,7,83,0,0,0,0,nao,nao,nao
107168,ativo,struggling-seller,112,305,182,844,1,5,sim,sim,nao
107169,ativo,no-seller,395,696,0,0,0,0,nao,nao,nao
107170,ativo,no-seller,44,60,0,0,0,0,nao,sim,nao
107171,ativo,no-seller,115,470,0,0,0,0,nao,nao,nao
107172,ativo,small-seller,184,2407,7675,22474,20,61,sim,nao,nao
107173,ativo,no-seller,110,165,0,0,0,0,nao,nao,nao
107174,ativo,no-seller,405,426,0,0,0,0,nao,nao,nao
107175,ativo,small-seller,34,220,22061,46298,66,149,nao,nao,nao
107176,churnado,small-seller,38,359,8116,22710,19,55,sim,nao,nao
107177,ativo,struggling-seller,638,1785,414,1065,2,5,nao,nao,nao
107178,ativo,tiny-seller,103,667,560,1290,3,7,nao,nao,nao
107179,ativo,struggling-seller,42,186,686,1489,3,6,sim,nao,nao
107180,ativo,no-seller,484,1763,0,0,0,0,nao,nao,nao
107181,ativo,small-seller,778,2025,4356,18065,20,76,nao,nao,nao
107182,ativo,no-seller,219,2389,0,0,0,0,nao,nao,nao
107183,ativo,no-seller,2,34,0,0,0,0,nao,sim,nao
107184,ativo,no-seller,33,80,0,0,0,0,nao,nao,nao
107185,ativo,tiny-seller,20,389,2416,7385,7,21,nao,nao,nao
107186,ativo,no-seller,509,959,0,0,0,0,nao,nao,nao
107187,ativo,no-seller,377,468,0,0,0,0,nao,nao,nao
107188,ativo,no-seller,122,576,0,0,0,0,nao,nao,nao
107189,ativo,medium-seller,98,257,117722,269976,299,672,sim,nao,nao
107190,ativo,tiny-seller,232,322,2486,10151,7,27,nao,nao,nao
107191,ativo,small-seller,103,232,12942,29807,51,125,nao,nao,nao
107192,churnado,small-seller,388,1209,6828,23733,26,83,nao,nao,nao
107193,ativo,no-seller,263,1183,0,0,0,0,nao,nao,nao
107194,ativo,struggling-seller,190,393,311,891,2,6,nao,nao,nao
107195,ativo,no-seller,194,274,0,0,0,0,nao,sim,nao
107196,ativo,tiny-seller,698,1026,1889,4705,5,12,nao,nao,nao
107197,ativo,struggling-seller,12,120,496,974,2,4,nao,nao,nao
107198,ativo,no-seller,697,1358,0,0,0,0,nao,nao,nao
107199,ativo,tiny-seller,605,2745,1436,4473,6,18,nao,nao,nao
107200,ativo,no-seller,637,2025,0,0,0,0,nao,nao,nao
107201,ativo,struggling-seller,285,372,215,594,1,3,nao,nao,sim
107202,ativo,no-seller,30,53,0,0,0,0,nao,nao,nao
107203,ativo,no-seller,169,221,0,0,0,0,nao,nao,nao
107204,ativo,no-seller,59,106,0,0,0,0,nao,nao,nao
107205,ativo,no-seller,425,470,0,0,0,0,sim,nao,nao
107206,ativo,no-seller,526,1769,0,0,0,0,nao,nao,nao
107207,ativo,struggling-seller,25,40,126,499,1,4,nao,nao,nao
107208,ativo,no-seller,331,733,0,0,0,0,nao,nao,nao
107209,ativo,no-seller,40,79,0,0,0,0,nao,nao,nao
107210,ativo,no-seller,53,67,0,0,0,0,nao,nao,nao
107211,ativo,no-seller,30,54,0,0,0,0,nao,nao,nao
107212,ativo,small-seller,215,3339,12930,33716,25,67,nao,nao,nao
107213,ativo,no-seller,289,473,0,0,0,0,sim,nao,nao
107214,ativo,no-seller,50,67,0,0,0,0,nao,nao,nao
107215,ativo,no-seller,74,218,0,0,0,0,nao,nao,nao
107216,ativo,no-seller,236,469,0,0,0,0,sim,nao,sim
107217,ativo,struggling-seller,73,117,460,1074,2,5,nao,nao,nao
107218,churnado,no-seller,57,246,0,0,0,0,sim,nao,nao
107219,ativo,struggling-seller,7,47,0,175,0,1,nao,nao,nao
107220,ativo,no-seller,54,734,0,0,0,0,nao,sim,nao
107221,ativo,no-seller,9,501,0,0,0,0,nao,nao,nao
107222,ativo,struggling-seller,302,1313,238,457,2,4,nao,sim,nao
107223,ativo,no-seller,151,2509,0,0,0,0,nao,nao,nao
107224,ativo,struggling-seller,231,423,260,489,1,2,nao,nao,nao
107225,ativo,tiny-seller,231,969,2551,6267,10,23,nao,nao,nao
107226,ativo,struggling-seller,547,1289,198,568,2,6,nao,nao,nao
107227,ativo,no-seller,203,285,0,0,0,0,nao,nao,nao
107228,ativo,struggling-seller,229,2806,405,836,3,6,nao,nao,nao
107229,ativo,struggling-seller,767,1190,365,888,2,5,nao,nao,nao
107230,churnado,small-seller,377,2222,7152,23495,25,76,nao,nao,nao
107231,ativo,no-seller,544,1954,0,0,0,0,nao,nao,nao
107232,cancelado,struggling-seller,541,635,0,114,0,1,nao,nao,nao
107233,ativo,struggling-seller,395,2917,288,807,2,6,sim,nao,sim
107234,ativo,medium-seller,28,41,31196,123968,119,430,nao,nao,nao
107235,ativo,tiny-seller,746,1799,1107,3543,5,16,nao,nao,nao
107236,ativo,no-seller,85,176,0,0,0,0,nao,nao,nao
107237,ativo,no-seller,31,45,0,0,0,0,nao,nao,sim
107238,ativo,no-seller,633,2679,0,0,0,0,nao,nao,nao
107239,ativo,no-seller,41,435,0,0,0,0,nao,nao,nao
107240,ativo,no-seller,675,1111,0,0,0,0,nao,nao,nao
107241,ativo,medium-seller,82,127,78780,193948,140,352,nao,sim,nao
107242,churnado,struggling-seller,99,1590,0,94,0,1,nao,nao,nao
107243,ativo,struggling-seller,203,336,552,1270,2,5,sim,nao,nao
107244,ativo,no-seller,53,69,0,0,0,0,nao,nao,sim
107245,ativo,small-seller,610,3040,13627,48433,28,101,nao,sim,nao
107246,ativo,no-seller,265,950,0,0,0,0,nao,nao,nao
107247,ativo,no-seller,477,2489,0,0,0,0,nao,nao,nao
107248,ativo,no-seller,26,34,0,0,0,0,nao,nao,nao
107249,ativo,no-seller,34,102,0,0,0,0,nao,nao,nao
107250,ativo,no-seller,147,1910,0,0,0,0,nao,nao,nao
107251,ativo,medium-seller,34,235,21676,75050,63,204,nao,sim,nao
107252,churnado,tiny-seller,31,47,778,2117,4,11,nao,nao,nao
107253,ativo,no-seller,223,284,0,0,0,0,nao,nao,nao
107254,ativo,no-seller,500,2925,0,0,0,0,nao,nao,nao
107255,ativo,struggling-seller,427,592,270,765,1,3,nao,nao,nao
107256,ativo,no-seller,37,69,0,0,0,0,sim,nao,nao
107257,ativo,tiny-seller,113,1638,1615,4491,7,21,nao,nao,nao
107258,ativo,no-seller,37,53,0,0,0,0,sim,nao,nao
107259,ativo,no-seller,81,370,0,0,0,0,nao,nao,nao
107260,ativo,no-seller,80,93,0,0,0,0,nao,nao,nao
107261,ativo,tiny-seller,285,377,1951,5769,8,24,nao,nao,nao
107262,ativo,tiny-seller,37,2002,947,2909,6,17,nao,nao,nao
107263,ativo,no-seller,10,73,0,0,0,0,nao,nao,nao
107264,ativo,small-seller,216,2373,12275,36728,42,135,nao,nao,nao
107265,trial,small-seller,269,2516,9412,23781,26,61,sim,nao,nao
107266,ativo,no-seller,383,3152,0,0,0,0,nao,nao,sim
107267,ativo,no-seller,320,856,0,0,0,0,nao,nao,sim
107268,ativo,medium-seller,756,1190,63259,194166,115,372,nao,nao,nao
107269,ativo,no-seller,520,2962,0,0,0,0,nao,nao,nao
107270,ativo,struggling-seller,397,977,124,237,1,2,nao,nao,nao
107271,ativo,no-seller,221,271,0,0,0,0,nao,nao,nao
107272,ativo,struggling-seller,346,2611,388,1194,2,6,nao,nao,nao
107273,ativo,tiny-seller,30,212,1529,4135,7,18,nao,nao,sim
107274,ativo,no-seller,559,787,0,0,0,0,nao,nao,nao
107275,churnado,struggling-seller,97,247,0,153,0,1,nao,nao,sim
107276,ativo,tiny-seller,0,3231,3264,10100,8,26,nao,nao,nao
107277,ativo,struggling-seller,6,39,454,1052,2,5,nao,nao,nao
107278,trial,small-seller,75,219,4744,15072,10,31,nao,nao,nao
107279,ativo,tiny-seller,50,319,678,2225,3,10,nao,nao,nao
107280,ativo,struggling-seller,504,547,461,1484,2,6,nao,nao,nao
107281,ativo,struggling-seller,19,865,84,276,1,3,nao,nao,sim
107282,ativo,no-seller,64,89,0,0,0,0,nao,nao,nao
107283,ativo,no-seller,14,170,0,0,0,0,sim,nao,nao
107284,trial,no-seller,341,3363,0,0,0,0,nao,nao,sim
107285,ativo,tiny-seller,180,285,1080,3368,3,10,sim,nao,sim
107286,ativo,tiny-seller,641,1329,2902,8329,10,29,nao,nao,nao
107287,ativo,no-seller,182,227,0,0,0,0,nao,nao,nao
107288,ativo,struggling-seller,100,170,178,506,1,3,sim,nao,nao
107289,ativo,no-seller,340,2443,0,0,0,0,nao,sim,nao
107290,ativo,no-seller,68,209,0,0,0,0,nao,nao,nao
107291,ativo,no-seller,551,2812,0,0,0,0,sim,nao,nao
107292,ativo,small-seller,173,2506,7415,19708,16,40,nao,nao,nao
107293,ativo,no-seller,265,700,0,0,0,0,nao,nao,sim
107294,ativo,no-seller,68,212,0,0,0,0,nao,nao,nao
107295,ativo,tiny-seller,129,539,2286,5586,5,13,nao,sim,nao
107296,ativo,large-seller,370,1672,172530,581567,356,1243,sim,nao,nao
107297,ativo,no-seller,12,32,0,0,0,0,nao,nao,nao
107298,ativo,no-seller,95,98,0,0,0,0,nao,nao,nao
107299,ativo,struggling-seller,704,1746,0,169,0,1,nao,nao,nao
107300,ativo,struggling-seller,92,98,0,200,0,1,nao,nao,nao
107301,ativo,no-seller,647,3490,0,0,0,0,sim,nao,nao
107302,ativo,struggling-seller,157,160,354,883,2,5,nao,nao,nao
107303,trial,tiny-seller,4,285,1401,5127,4,15,sim,nao,nao
107304,ativo,struggling-seller,582,670,209,457,1,2,nao,nao,nao
107305,ativo,tiny-seller,73,116,3016,7829,9,25,nao,nao,nao
107306,ativo,struggling-seller,300,1921,0,207,0,1,nao,nao,nao
107307,ativo,tiny-seller,168,3003,1246,3466,6,17,nao,nao,nao
107308,ativo,no-seller,71,126,0,0,0,0,nao,nao,nao
107309,ativo,no-seller,137,435,0,0,0,0,nao,nao,nao
107310,ativo,struggling-seller,57,69,87,174,1,2,sim,nao,nao
107311,ativo,struggling-seller,12,850,291,859,2,6,nao,nao,nao
107312,ativo,no-seller,445,789,0,0,0,0,sim,nao,nao
107313,ativo,struggling-seller,347,939,204,574,1,3,nao,nao,nao
107314,ativo,no-seller,505,1863,0,0,0,0,nao,nao,sim
107315,ativo,no-seller,395,1314,0,0,0,0,nao,nao,nao
107316,ativo,struggling-seller,374,1465,484,1323,2,6,nao,nao,sim
107317,ativo,top-seller,401,515,561974,2058202,686,2621,nao,nao,nao
107318,ativo,tiny-seller,334,1447,1772,6853,6,24,nao,nao,nao
107319,ativo,no-seller,211,1274,0,0,0,0,sim,nao,nao
107320,ativo,struggling-seller,658,1161,227,625,1,3,nao,nao,nao
107321,ativo,struggling-seller,39,53,317,691,2,4,sim,sim,nao
107322,ativo,small-seller,54,2755,11462,49971,35,139,sim,nao,sim
107323,ativo,no-seller,527,1262,0,0,0,0,nao,sim,nao
107324,ativo,medium-seller,69,783,75726,251007,236,734,nao,nao,nao
107325,ativo,small-seller,13,172,15187,36571,30,71,nao,sim,nao
107326,ativo,struggling-seller,359,3252,187,588,1,3,sim,nao,nao
107327,ativo,no-seller,559,2034,0,0,0,0,nao,nao,nao
107328,ativo,tiny-seller,522,706,1487,3621,4,9,nao,sim,nao
107329,ativo,tiny-seller,47,241,656,1481,4,9,nao,sim,nao
107330,ativo,struggling-seller,155,166,128,261,1,2,nao,nao,nao
107331,ativo,struggling-seller,236,866,172,336,1,2,nao,nao,nao
107332,ativo,no-seller,75,83,0,0,0,0,nao,sim,sim
107333,ativo,no-seller,49,308,0,0,0,0,nao,nao,nao
107334,ativo,no-seller,187,2983,0,0,0,0,nao,sim,nao
107335,ativo,medium-seller,72,2216,118665,370007,237,695,nao,sim,nao
107336,ativo,no-seller,130,252,0,0,0,0,nao,nao,nao
107337,ativo,small-seller,796,3051,4360,14401,11,35,nao,nao,sim
107338,ativo,struggling-seller,31,75,90,270,1,3,nao,nao,nao
107339,ativo,tiny-seller,538,1793,541,1968,3,10,nao,nao,sim
107340,ativo,struggling-seller,150,370,140,514,1,4,nao,nao,nao
107341,ativo,tiny-seller,30,118,601,2068,2,7,nao,nao,nao
107342,ativo,tiny-seller,23,145,1504,4444,8,22,sim,nao,sim
107343,ativo,medium-seller,268,1526,42790,161060,117,421,sim,sim,nao
107344,ativo,struggling-seller,47,110,158,637,1,4,nao,nao,nao
107345,ativo,struggling-seller,6,3320,0,105,0,1,nao,nao,nao
107346,ativo,no-seller,527,639,0,0,0,0,nao,nao,nao
107347,ativo,tiny-seller,485,3383,2099,8083,8,28,nao,nao,nao
107348,ativo,struggling-seller,421,1090,197,771,1,4,sim,nao,nao
107349,ativo,struggling-seller,427,1851,224,638,2,6,nao,sim,nao
107350,ativo,no-seller,618,662,0,0,0,0,nao,nao,nao
107351,ativo,no-seller,87,216,0,0,0,0,nao,nao,nao
107352,ativo,tiny-seller,54,349,4686,11606,11,28,nao,nao,nao
107353,trial,tiny-seller,35,90,1409,4777,8,25,nao,nao,nao
107354,ativo,no-seller,147,318,0,0,0,0,nao,nao,nao
107355,ativo,medium-seller,306,361,45979,158106,110,396,nao,nao,nao
107356,ativo,no-seller,32,561,0,0,0,0,sim,nao,nao
107357,ativo,no-seller,760,2316,0,0,0,0,nao,nao,nao
107358,ativo,struggling-seller,79,111,0,134,0,1,nao,nao,nao
107359,churnado,struggling-seller,467,2740,482,1379,2,6,sim,nao,nao
107360,trial,no-seller,10,63,0,0,0,0,nao,sim,nao
107361,ativo,struggling-seller,221,1216,118,241,1,2,nao,nao,nao
107362,ativo,no-seller,587,1219,0,0,0,0,nao,sim,nao
107363,ativo,tiny-seller,524,1530,1973,7046,8,30,sim,nao,nao
107364,ativo,no-seller,739,2982,0,0,0,0,nao,nao,nao
107365,churnado,no-seller,98,509,0,0,0,0,nao,nao,nao
107366,ativo,small-seller,515,618,13001,37400,31,87,nao,nao,nao
107367,ativo,no-seller,46,160,0,0,0,0,nao,nao,nao
107368,ativo,small-seller,0,257,2978,12614,16,62,nao,sim,nao
107369,cancelado,struggling-seller,11,53,146,732,1,5,nao,nao,nao
107370,churnado,no-seller,83,402,0,0,0,0,nao,nao,nao
107371,ativo,tiny-seller,163,283,1792,6324,9,30,nao,nao,nao
107372,ativo,no-seller,213,3173,0,0,0,0,sim,nao,nao
107373,ativo,no-seller,536,673,0,0,0,0,nao,nao,nao
107374,ativo,small-seller,173,191,7309,26150,26,97,sim,nao,nao
107375,ativo,small-seller,25,136,13022,37716,29,85,sim,nao,nao
107376,ativo,no-seller,155,1108,0,0,0,0,nao,nao,nao
107377,ativo,struggling-seller,751,1149,124,378,1,3,nao,nao,nao
107378,ativo,small-seller,267,458,15675,39298,52,143,nao,nao,nao
107379,ativo,tiny-seller,627,2004,2274,6346,10,27,sim,nao,nao
107380,ativo,no-seller,59,247,0,0,0,0,sim,nao,nao
107381,churnado,no-seller,729,923,0,0,0,0,nao,nao,nao
107382,ativo,tiny-seller,190,1955,816,2834,4,15,nao,nao,nao
107383,ativo,tiny-seller,104,1475,473,1814,3,11,sim,sim,nao
107384,ativo,struggling-seller,108,2756,0,126,0,1,sim,nao,nao
107385,ativo,tiny-seller,47,144,1611,5751,4,15,nao,nao,nao
107386,ativo,medium-seller,238,2626,48599,125803,89,252,nao,nao,nao
107387,ativo,struggling-seller,197,509,457,1062,2,5,sim,nao,nao
107388,ativo,no-seller,64,102,0,0,0,0,nao,nao,nao
107389,ativo,medium-seller,103,522,79597,240638,173,529,sim,nao,nao
107390,trial,no-seller,191,330,0,0,0,0,nao,nao,nao
107391,ativo,no-seller,403,600,0,0,0,0,nao,sim,nao
107392,ativo,no-seller,426,814,0,0,0,0,nao,nao,nao
107393,ativo,tiny-seller,604,952,1149,3374,4,12,sim,nao,nao
107394,ativo,no-seller,277,658,0,0,0,0,nao,nao,nao
107395,ativo,tiny-seller,349,811,1042,2884,4,10,nao,nao,nao
107396,ativo,no-seller,524,2185,0,0,0,0,nao,nao,sim
107397,ativo,small-seller,71,81,10848,27288,47,125,sim,nao,nao
107398,ativo,struggling-seller,193,330,0,167,0,1,nao,nao,nao
107399,ativo,struggling-seller,292,1802,344,912,2,5,nao,nao,nao
107400,ativo,no-seller,613,832,0,0,0,0,nao,sim,nao
107401,trial,no-seller,36,45,0,0,0,0,nao,sim,nao
107402,ativo,struggling-seller,390,3035,101,205,1,2,nao,nao,nao
107403,ativo,small-seller,4,187,14545,51389,41,145,nao,sim,nao
107404,ativo,no-seller,478,618,0,0,0,0,sim,nao,nao
107405,ativo,struggling-seller,273,2745,289,953,2,6,nao,sim,nao
107406,ativo,struggling-seller,55,76,232,615,2,5,nao,sim,nao
107407,ativo,no-seller,80,213,0,0,0,0,nao,nao,nao
107408,ativo,no-seller,269,1043,0,0,0,0,nao,nao,nao
107409,ativo,no-seller,184,557,0,0,0,0,nao,nao,nao
107410,churnado,medium-seller,439,1528,14510,51713,60,193,nao,nao,nao
107411,ativo,no-seller,708,1940,0,0,0,0,sim,nao,nao
107412,ativo,no-seller,578,1256,0,0,0,0,nao,nao,nao
107413,ativo,struggling-seller,480,787,156,452,2,6,nao,nao,nao
107414,ativo,no-seller,283,2312,0,0,0,0,nao,nao,nao
107415,churnado,struggling-seller,575,2987,147,810,1,5,nao,nao,nao
107416,ativo,tiny-seller,488,2049,1376,3723,8,23,nao,nao,nao
107417,ativo,small-seller,301,576,8281,31675,28,108,nao,sim,nao
107418,cancelado,no-seller,292,333,0,0,0,0,nao,nao,nao
107419,churnado,no-seller,627,1472,0,0,0,0,nao,nao,nao
107420,ativo,struggling-seller,340,1402,284,562,2,4,nao,nao,nao
107421,ativo,medium-seller,8,39,53454,129149,158,412,nao,nao,nao
107422,trial,no-seller,249,380,0,0,0,0,nao,nao,nao
107423,ativo,no-seller,370,1703,0,0,0,0,nao,nao,nao
107424,ativo,struggling-seller,27,131,130,483,1,4,nao,nao,sim
107425,ativo,no-seller,75,136,0,0,0,0,nao,nao,nao
107426,churnado,struggling-seller,726,867,525,1581,2,6,nao,nao,nao
107427,ativo,no-seller,132,2294,0,0,0,0,nao,nao,nao
107428,ativo,struggling-seller,352,439,120,362,1,3,nao,sim,nao
107429,ativo,no-seller,726,2247,0,0,0,0,nao,nao,nao
107430,trial,small-seller,85,102,8618,20114,48,109,nao,nao,sim
107431,ativo,small-seller,117,968,9727,31330,20,64,nao,nao,sim
107432,churnado,no-seller,443,1564,0,0,0,0,nao,nao,sim
107433,ativo,struggling-seller,666,1747,222,617,1,3,nao,nao,nao
107434,ativo,no-seller,26,59,0,0,0,0,nao,sim,nao
107435,ativo,no-seller,4,2884,0,0,0,0,nao,nao,sim
107436,ativo,struggling-seller,694,1017,225,640,1,3,nao,nao,nao
107437,ativo,no-seller,96,1305,0,0,0,0,sim,nao,sim
107438,ativo,no-seller,255,1328,0,0,0,0,nao,nao,nao
107439,ativo,struggling-seller,562,1488,77,330,1,4,nao,nao,nao
107440,ativo,struggling-seller,191,803,254,655,2,5,nao,nao,nao
107441,ativo,small-seller,18,95,11215,25555,41,94,nao,nao,nao
107442,ativo,no-seller,9,88,0,0,0,0,sim,nao,nao
107443,ativo,no-seller,180,589,0,0,0,0,nao,nao,nao
107444,ativo,struggling-seller,34,252,180,790,1,4,nao,nao,nao
107445,ativo,no-seller,55,2050,0,0,0,0,nao,nao,sim
107446,ativo,small-seller,236,1480,10421,26948,36,84,nao,nao,sim
107447,cancelado,tiny-seller,191,210,3947,9309,10,24,nao,nao,nao
107448,ativo,medium-seller,133,226,86198,255791,190,588,nao,nao,nao
107449,ativo,no-seller,6,32,0,0,0,0,nao,nao,nao
107450,ativo,no-seller,751,1050,0,0,0,0,nao,nao,nao
107451,ativo,struggling-seller,22,66,159,336,1,2,sim,nao,nao
107452,ativo,struggling-seller,541,3136,83,176,1,2,sim,nao,nao
107453,ativo,no-seller,18,70,0,0,0,0,sim,nao,nao
107454,ativo,tiny-seller,653,1399,1487,3573,9,21,nao,nao,nao
107455,ativo,no-seller,174,233,0,0,0,0,nao,nao,nao
107456,ativo,no-seller,571,1473,0,0,0,0,sim,nao,nao
107457,trial,small-seller,696,1778,6617,24605,15,52,nao,sim,nao
107458,cancelado,no-seller,139,2003,0,0,0,0,nao,nao,nao
107459,ativo,tiny-seller,296,508,1266,3261,5,14,nao,nao,nao
107460,ativo,struggling-seller,587,3451,219,809,1,4,nao,nao,sim
107461,ativo,struggling-seller,28,46,206,419,1,2,nao,nao,nao
107462,ativo,no-seller,53,510,0,0,0,0,nao,nao,sim
107463,ativo,no-seller,23,38,0,0,0,0,sim,nao,nao
107464,ativo,struggling-seller,522,1892,266,792,2,6,nao,nao,nao
107465,ativo,no-seller,179,397,0,0,0,0,nao,nao,nao
107466,churnado,struggling-seller,163,842,157,317,1,2,nao,nao,sim
107467,ativo,tiny-seller,260,806,1582,7212,4,17,nao,nao,nao
107468,ativo,struggling-seller,178,178,237,653,1,3,nao,nao,nao
107469,ativo,large-seller,187,360,193064,628536,313,946,sim,nao,nao
107470,ativo,no-seller,137,1922,0,0,0,0,sim,nao,nao
107471,ativo,medium-seller,104,3467,37371,109332,72,211,nao,nao,nao
107472,ativo,tiny-seller,419,1053,2718,9355,8,29,nao,sim,nao
107473,ativo,no-seller,37,145,0,0,0,0,nao,nao,nao
107474,ativo,no-seller,735,798,0,0,0,0,nao,nao,nao
107475,ativo,no-seller,11,455,0,0,0,0,nao,nao,nao
107476,ativo,no-seller,19,124,0,0,0,0,nao,nao,nao
107477,ativo,no-seller,218,264,0,0,0,0,nao,nao,sim
107478,ativo,no-seller,600,613,0,0,0,0,nao,sim,nao
107479,churnado,struggling-seller,29,145,0,108,0,1,nao,nao,nao
107480,ativo,no-seller,405,1427,0,0,0,0,sim,nao,nao
107481,ativo,no-seller,323,383,0,0,0,0,nao,nao,nao
107482,ativo,no-seller,439,947,0,0,0,0,sim,nao,nao
107483,ativo,no-seller,728,1376,0,0,0,0,nao,nao,nao
107484,ativo,no-seller,51,2096,0,0,0,0,nao,nao,nao
107485,ativo,no-seller,104,271,0,0,0,0,nao,nao,nao
107486,ativo,small-seller,183,555,7193,23864,25,82,nao,nao,nao
107487,churnado,struggling-seller,139,178,399,727,2,4,nao,nao,nao
107488,ativo,no-seller,72,88,0,0,0,0,nao,nao,nao
107489,ativo,no-seller,45,187,0,0,0,0,nao,nao,nao
107490,ativo,tiny-seller,10,778,1594,4042,8,19,nao,nao,nao
107491,ativo,no-seller,123,141,0,0,0,0,nao,nao,nao
107492,ativo,small-seller,289,488,19739,64955,40,143,sim,nao,nao
107493,ativo,medium-seller,284,659,90248,215088,207,526,sim,nao,nao
107494,ativo,no-seller,364,638,0,0,0,0,nao,nao,nao
107495,ativo,struggling-seller,491,2310,366,854,2,5,nao,nao,nao
107496,ativo,no-seller,176,310,0,0,0,0,nao,nao,nao
107497,ativo,struggling-seller,396,3005,228,684,1,3,nao,nao,nao
107498,ativo,no-seller,51,309,0,0,0,0,nao,nao,nao
107499,ativo,no-seller,114,1009,0,0,0,0,nao,nao,nao
107500,ativo,no-seller,7,41,0,0,0,0,nao,nao,nao
107501,ativo,no-seller,131,136,0,0,0,0,nao,nao,nao
107502,ativo,tiny-seller,347,3271,2003,6324,7,24,nao,nao,nao
107503,ativo,no-seller,66,531,0,0,0,0,nao,sim,nao
107504,ativo,tiny-seller,89,203,1492,3399,9,21,nao,nao,nao
107505,ativo,no-seller,35,307,0,0,0,0,nao,nao,nao
107506,trial,tiny-seller,721,1006,1099,2647,7,16,nao,nao,nao
107507,ativo,no-seller,386,1095,0,0,0,0,nao,nao,nao
107508,ativo,no-seller,151,250,0,0,0,0,nao,nao,nao
107509,ativo,struggling-seller,224,284,153,670,1,4,sim,nao,nao
107510,ativo,no-seller,3,88,0,0,0,0,nao,sim,nao
107511,ativo,no-seller,53,57,0,0,0,0,nao,sim,nao
107512,ativo,tiny-seller,36,378,2011,6167,6,17,sim,nao,nao
107513,ativo,no-seller,36,1063,0,0,0,0,nao,nao,nao
107514,ativo,small-seller,55,84,9427,31427,28,94,sim,nao,nao
107515,ativo,struggling-seller,737,1152,0,142,0,1,sim,nao,nao
107516,ativo,no-seller,357,516,0,0,0,0,nao,nao,nao
107517,ativo,struggling-seller,13,54,0,111,0,1,sim,nao,nao
107518,churnado,no-seller,795,2961,0,0,0,0,nao,nao,nao
107519,ativo,struggling-seller,318,452,144,269,1,2,nao,nao,nao
107520,ativo,struggling-seller,389,619,268,994,1,4,nao,sim,sim
107521,ativo,no-seller,538,1682,0,0,0,0,nao,sim,nao
107522,ativo,no-seller,1,32,0,0,0,0,nao,nao,nao
107523,ativo,struggling-seller,319,443,428,820,3,6,nao,nao,nao
107524,ativo,no-seller,92,223,0,0,0,0,nao,nao,nao
107525,ativo,large-seller,62,2401,230892,579231,447,1169,nao,nao,nao
107526,ativo,tiny-seller,466,787,1657,3695,5,11,nao,nao,sim
107527,ativo,struggling-seller,787,2345,0,82,0,1,nao,nao,nao
107528,ativo,no-seller,414,432,0,0,0,0,nao,nao,nao
107529,ativo,no-seller,365,394,0,0,0,0,nao,nao,nao
107530,ativo,struggling-seller,190,3318,98,200,1,2,nao,sim,nao
107531,ativo,small-seller,26,191,9191,36209,24,95,nao,nao,nao
107532,ativo,medium-seller,10,43,18559,64456,60,211,nao,nao,nao
107533,ativo,tiny-seller,222,1178,974,2720,3,8,nao,nao,nao
107534,ativo,no-seller,444,2551,0,0,0,0,nao,sim,sim
107535,ativo,no-seller,10,36,0,0,0,0,nao,nao,nao
107536,ativo,tiny-seller,134,202,2026,5105,11,28,nao,nao,nao
107537,ativo,struggling-seller,83,2638,408,993,2,5,nao,nao,nao
107538,cancelado,tiny-seller,122,132,2708,8060,10,29,nao,nao,nao
107539,ativo,no-seller,68,523,0,0,0,0,nao,nao,sim
107540,ativo,no-seller,113,154,0,0,0,0,nao,nao,nao
107541,ativo,tiny-seller,32,79,1688,4028,6,14,nao,nao,sim
107542,ativo,small-seller,48,153,6136,21819,18,68,nao,nao,nao
107543,ativo,small-seller,313,1103,19299,54862,47,129,nao,nao,nao
107544,churnado,small-seller,328,420,3632,11629,10,32,nao,sim,nao
107545,ativo,struggling-seller,17,68,456,1038,2,5,nao,nao,sim
107546,ativo,no-seller,31,38,0,0,0,0,nao,nao,nao
107547,trial,struggling-seller,61,123,243,511,2,4,nao,sim,nao
107548,ativo,no-seller,160,199,0,0,0,0,nao,nao,nao
107549,ativo,struggling-seller,12,70,168,511,1,3,sim,nao,nao
107550,ativo,struggling-seller,613,2760,0,151,0,1,nao,nao,nao
107551,ativo,no-seller,749,2772,0,0,0,0,nao,nao,nao
107552,churnado,no-seller,116,2573,0,0,0,0,nao,nao,nao
107553,ativo,no-seller,435,512,0,0,0,0,nao,nao,nao
107554,ativo,no-seller,302,3416,0,0,0,0,nao,nao,sim
107555,ativo,no-seller,129,428,0,0,0,0,nao,nao,nao
107556,trial,no-seller,214,439,0,0,0,0,nao,nao,nao
107557,ativo,struggling-seller,377,494,203,971,1,5,nao,nao,nao
107558,ativo,struggling-seller,232,1950,0,148,0,1,nao,sim,nao
107559,ativo,struggling-seller,154,1010,213,672,1,3,nao,nao,nao
107560,ativo,struggling-seller,79,98,478,1126,2,5,nao,nao,nao
107561,ativo,struggling-seller,32,149,165,432,2,5,nao,nao,nao
107562,ativo,tiny-seller,143,187,1314,4619,5,16,nao,nao,nao
107563,ativo,no-seller,104,213,0,0,0,0,nao,nao,nao
107564,ativo,top-seller,191,387,718156,1918425,1179,3310,nao,sim,nao
107565,ativo,large-seller,19,52,306182,912521,490,1404,nao,nao,nao
107566,churnado,struggling-seller,73,86,326,902,2,5,nao,nao,nao
107567,ativo,no-seller,204,1160,0,0,0,0,nao,nao,nao
107568,ativo,tiny-seller,524,2297,858,2088,3,8,nao,nao,nao
107569,ativo,struggling-seller,29,32,204,473,2,5,nao,nao,sim
107570,ativo,small-seller,612,2705,19131,43743,43,104,nao,nao,nao
107571,ativo,no-seller,489,1483,0,0,0,0,nao,nao,nao
107572,ativo,medium-seller,171,1863,34343,110131,93,317,sim,nao,nao
107573,churnado,no-seller,131,548,0,0,0,0,nao,nao,nao
107574,churnado,struggling-seller,34,157,227,455,1,2,nao,nao,nao
107575,ativo,small-seller,73,2015,8474,27156,35,117,nao,nao,nao
107576,ativo,no-seller,495,2546,0,0,0,0,nao,sim,nao
107577,ativo,struggling-seller,452,1363,187,534,1,3,nao,nao,nao
107578,ativo,no-seller,230,246,0,0,0,0,nao,nao,nao
107579,ativo,tiny-seller,26,101,1000,2707,3,8,nao,sim,nao
107580,ativo,no-seller,179,1119,0,0,0,0,nao,nao,sim
107581,ativo,small-seller,56,57,7538,18964,15,41,nao,nao,nao
107582,ativo,small-seller,74,175,6306,19382,26,75,nao,sim,sim
107583,ativo,no-seller,420,603,0,0,0,0,nao,nao,nao
107584,trial,no-seller,580,3139,0,0,0,0,nao,nao,nao
107585,ativo,no-seller,645,3115,0,0,0,0,nao,nao,nao
107586,ativo,no-seller,563,851,0,0,0,0,nao,sim,nao
107587,ativo,no-seller,119,143,0,0,0,0,nao,nao,nao
107588,ativo,struggling-seller,224,281,322,958,2,6,nao,nao,nao
107589,ativo,no-seller,30,354,0,0,0,0,nao,nao,nao
107590,ativo,no-seller,192,457,0,0,0,0,nao,nao,nao
107591,ativo,no-seller,179,366,0,0,0,0,nao,nao,nao
107592,ativo,no-seller,108,201,0,0,0,0,nao,nao,sim
107593,ativo,small-seller,48,443,26767,63789,59,140,nao,nao,nao
107594,ativo,struggling-seller,417,556,241,732,2,6,nao,nao,nao
107595,ativo,no-seller,157,602,0,0,0,0,nao,nao,nao
107596,ativo,no-seller,7,250,0,0,0,0,nao,nao,nao
107597,ativo,no-seller,63,1306,0,0,0,0,sim,sim,nao
107598,ativo,no-seller,86,1382,0,0,0,0,sim,nao,nao
107599,ativo,tiny-seller,71,146,2335,6571,8,23,nao,nao,nao
107600,ativo,struggling-seller,464,938,0,193,0,1,nao,nao,nao
107601,churnado,medium-seller,134,191,112414,302876,239,702,nao,sim,nao
107602,ativo,no-seller,56,388,0,0,0,0,nao,nao,nao
107603,ativo,no-seller,47,254,0,0,0,0,nao,nao,sim
107604,ativo,struggling-seller,66,257,206,395,1,2,sim,nao,nao
107605,ativo,no-seller,59,219,0,0,0,0,nao,nao,nao
107606,ativo,struggling-seller,563,1432,355,1049,2,6,nao,nao,nao
107607,ativo,no-seller,24,103,0,0,0,0,nao,nao,nao
107608,ativo,tiny-seller,518,3104,1495,5910,6,23,nao,nao,nao
107609,ativo,small-seller,41,42,8809,27688,19,55,nao,nao,nao
107610,ativo,no-seller,540,2128,0,0,0,0,nao,nao,nao
107611,ativo,struggling-seller,252,1146,260,770,1,3,nao,nao,nao
107612,ativo,struggling-seller,183,241,249,478,1,2,nao,nao,sim
107613,trial,struggling-seller,13,112,219,1030,1,5,nao,nao,nao
107614,ativo,tiny-seller,209,354,825,2278,4,12,nao,nao,nao
107615,ativo,struggling-seller,632,1367,362,850,2,5,nao,sim,nao
107616,ativo,tiny-seller,88,89,1613,4444,6,15,nao,nao,nao
107617,ativo,no-seller,529,1352,0,0,0,0,nao,nao,nao
107618,ativo,no-seller,34,96,0,0,0,0,nao,nao,nao
107619,ativo,struggling-seller,522,2301,0,225,0,1,sim,nao,sim
107620,ativo,no-seller,32,71,0,0,0,0,sim,nao,nao
107621,ativo,struggling-seller,209,664,0,162,0,1,nao,nao,nao
107622,ativo,struggling-seller,456,588,0,137,0,1,sim,nao,nao
107623,ativo,no-seller,255,1867,0,0,0,0,nao,nao,nao
107624,ativo,struggling-seller,12,80,279,849,2,6,nao,sim,nao
107625,ativo,medium-seller,744,1264,86676,206600,215,555,nao,nao,nao
107626,ativo,struggling-seller,215,245,197,556,1,3,nao,nao,nao
107627,ativo,struggling-seller,593,2299,159,507,1,3,nao,nao,sim
107628,ativo,no-seller,0,67,0,0,0,0,nao,nao,nao
107629,ativo,no-seller,757,2667,0,0,0,0,nao,nao,nao
107630,ativo,struggling-seller,623,1878,135,268,1,2,sim,nao,nao
107631,ativo,no-seller,504,885,0,0,0,0,nao,sim,nao
107632,churnado,tiny-seller,443,2521,2728,8891,8,25,nao,nao,sim
107633,churnado,medium-seller,311,551,62645,196511,186,579,sim,nao,nao
107634,ativo,struggling-seller,54,416,362,1200,2,6,nao,nao,sim
107635,ativo,tiny-seller,749,2801,635,1581,3,7,nao,nao,sim
107636,ativo,no-seller,313,1793,0,0,0,0,sim,nao,nao
107637,ativo,no-seller,430,1143,0,0,0,0,nao,nao,sim
107638,ativo,no-seller,204,225,0,0,0,0,nao,nao,nao
107639,ativo,struggling-seller,31,36,0,262,0,1,nao,nao,nao
107640,ativo,no-seller,357,3089,0,0,0,0,sim,nao,nao
107641,ativo,struggling-seller,153,277,162,522,1,3,nao,nao,nao
107642,ativo,no-seller,525,1585,0,0,0,0,nao,nao,nao
107643,ativo,struggling-seller,46,62,126,265,1,2,nao,nao,nao
107644,ativo,medium-seller,553,835,39066,94565,120,272,nao,sim,sim
107645,ativo,no-seller,371,1850,0,0,0,0,nao,nao,nao
107646,trial,small-seller,529,631,8810,22264,23,61,nao,nao,nao
107647,ativo,no-seller,95,272,0,0,0,0,nao,nao,nao
107648,churnado,struggling-seller,137,2542,89,248,1,3,nao,nao,nao
107649,ativo,no-seller,186,1803,0,0,0,0,nao,sim,sim
107650,churnado,no-seller,204,423,0,0,0,0,nao,nao,nao
107651,ativo,no-seller,13,447,0,0,0,0,nao,nao,nao
107652,ativo,no-seller,47,1317,0,0,0,0,nao,nao,nao
107653,ativo,no-seller,42,90,0,0,0,0,nao,nao,nao
107654,ativo,no-seller,165,310,0,0,0,0,sim,nao,nao
107655,ativo,struggling-seller,34,70,381,1114,2,6,sim,nao,nao
107656,ativo,struggling-seller,94,161,338,795,2,5,nao,nao,nao
107657,ativo,no-seller,199,356,0,0,0,0,nao,nao,sim
107658,churnado,small-seller,88,114,18681,63267,40,132,sim,nao,nao
107659,churnado,no-seller,371,1582,0,0,0,0,nao,nao,nao
107660,ativo,struggling-seller,122,246,108,457,1,4,nao,nao,nao
107661,ativo,medium-seller,251,889,83214,251097,166,483,nao,nao,nao
107662,ativo,tiny-seller,232,523,2292,5427,9,21,nao,nao,nao
107663,churnado,no-seller,15,60,0,0,0,0,nao,nao,nao
107664,ativo,no-seller,172,1364,0,0,0,0,nao,nao,nao
107665,ativo,no-seller,173,190,0,0,0,0,nao,sim,nao
107666,churnado,medium-seller,32,32,51822,131336,149,406,nao,nao,nao
107667,ativo,no-seller,168,363,0,0,0,0,nao,nao,nao
107668,ativo,no-seller,187,360,0,0,0,0,nao,sim,nao
107669,ativo,no-seller,442,1222,0,0,0,0,nao,nao,nao
107670,ativo,tiny-seller,98,150,2372,6832,7,22,nao,nao,nao
107671,ativo,tiny-seller,31,36,1977,5020,8,19,nao,nao,nao
107672,ativo,no-seller,22,43,0,0,0,0,nao,nao,nao
107673,ativo,no-seller,667,2136,0,0,0,0,sim,nao,nao
107674,ativo,no-seller,285,662,0,0,0,0,sim,nao,nao
107675,ativo,no-seller,691,741,0,0,0,0,sim,nao,sim
107676,ativo,tiny-seller,51,244,2751,6754,10,23,nao,nao,nao
107677,ativo,no-seller,157,292,0,0,0,0,nao,nao,nao
107678,ativo,struggling-seller,639,2127,169,499,1,3,nao,nao,nao
107679,ativo,no-seller,420,1525,0,0,0,0,nao,nao,nao
107680,ativo,struggling-seller,377,712,219,638,1,3,nao,sim,nao
107681,ativo,tiny-seller,701,3440,1876,4649,6,15,nao,nao,sim
107682,ativo,struggling-seller,300,362,277,543,2,4,nao,nao,nao
107683,ativo,no-seller,187,304,0,0,0,0,nao,nao,nao
107684,ativo,struggling-seller,555,983,476,1313,2,6,nao,nao,nao
107685,ativo,struggling-seller,168,184,203,512,2,5,sim,nao,nao
107686,ativo,no-seller,574,1732,0,0,0,0,nao,nao,nao
107687,ativo,no-seller,374,1360,0,0,0,0,nao,nao,nao
107688,ativo,no-seller,23,35,0,0,0,0,nao,sim,nao
107689,ativo,tiny-seller,273,1497,1984,6583,7,24,nao,nao,nao
107690,ativo,no-seller,83,1156,0,0,0,0,nao,nao,nao
107691,ativo,no-seller,148,3171,0,0,0,0,nao,nao,nao
107692,ativo,no-seller,11,539,0,0,0,0,nao,sim,sim
107693,ativo,struggling-seller,21,48,0,135,0,1,nao,nao,nao
107694,ativo,no-seller,151,169,0,0,0,0,nao,nao,nao
107695,ativo,tiny-seller,146,540,2622,6604,9,23,nao,sim,nao
107696,ativo,no-seller,86,706,0,0,0,0,nao,nao,nao
107697,ativo,struggling-seller,31,53,257,824,2,6,nao,nao,nao
107698,ativo,no-seller,132,1863,0,0,0,0,nao,nao,nao
107699,ativo,no-seller,455,1211,0,0,0,0,nao,nao,nao
107700,ativo,no-seller,615,1350,0,0,0,0,nao,nao,nao
107701,ativo,no-seller,93,115,0,0,0,0,nao,nao,sim
107702,cancelado,tiny-seller,75,447,1430,4292,7,21,sim,nao,nao
107703,churnado,struggling-seller,581,871,182,757,1,4,nao,nao,sim
107704,ativo,no-seller,181,427,0,0,0,0,nao,sim,nao
107705,ativo,tiny-seller,30,53,1747,7826,7,29,nao,nao,nao
107706,ativo,no-seller,83,176,0,0,0,0,nao,sim,nao
107707,ativo,struggling-seller,772,918,231,628,2,5,nao,nao,nao
107708,ativo,struggling-seller,716,772,185,508,2,5,nao,nao,nao
107709,cancelado,tiny-seller,96,169,1156,4077,5,17,sim,nao,nao
107710,ativo,struggling-seller,35,101,0,133,0,1,sim,nao,nao
107711,ativo,no-seller,560,1016,0,0,0,0,nao,nao,nao
107712,ativo,no-seller,119,1629,0,0,0,0,nao,nao,nao
107713,ativo,no-seller,291,1477,0,0,0,0,nao,nao,sim
107714,ativo,struggling-seller,18,105,175,568,1,3,nao,nao,sim
107715,ativo,no-seller,659,2019,0,0,0,0,nao,nao,nao
107716,ativo,struggling-seller,31,68,310,937,2,6,nao,nao,nao
107717,ativo,small-seller,17,110,15816,43496,53,139,nao,nao,nao
107718,ativo,no-seller,333,2402,0,0,0,0,nao,nao,nao
107719,ativo,struggling-seller,595,1007,169,337,1,2,nao,sim,nao
107720,ativo,no-seller,616,2668,0,0,0,0,nao,nao,nao
107721,ativo,no-seller,558,2936,0,0,0,0,nao,nao,nao
107722,ativo,struggling-seller,5,1510,204,1083,1,5,nao,nao,nao
107723,churnado,no-seller,86,143,0,0,0,0,sim,nao,nao
107724,ativo,no-seller,606,957,0,0,0,0,nao,nao,sim
107725,ativo,struggling-seller,94,121,0,136,0,1,nao,nao,nao
107726,ativo,no-seller,110,175,0,0,0,0,nao,nao,nao
107727,ativo,no-seller,24,115,0,0,0,0,nao,nao,nao
107728,ativo,no-seller,38,2276,0,0,0,0,nao,nao,nao
107729,ativo,small-seller,10,33,13938,45954,24,84,sim,nao,nao
107730,cancelado,no-seller,19,100,0,0,0,0,sim,nao,sim
107731,ativo,small-seller,177,2203,5922,19798,27,96,nao,nao,nao
107732,ativo,tiny-seller,670,2794,1544,6102,7,25,sim,nao,nao
107733,ativo,no-seller,12,30,0,0,0,0,nao,nao,nao
107734,ativo,struggling-seller,47,163,102,189,1,2,nao,nao,nao
107735,ativo,small-seller,653,1918,2792,8386,15,43,nao,nao,nao
107736,ativo,no-seller,800,1213,0,0,0,0,nao,nao,nao
107737,ativo,no-seller,28,39,0,0,0,0,nao,nao,nao
107738,ativo,no-seller,97,226,0,0,0,0,nao,nao,nao
107739,ativo,medium-seller,710,1014,35646,109364,70,233,sim,nao,nao
107740,cancelado,no-seller,61,230,0,0,0,0,nao,nao,nao
107741,ativo,no-seller,457,1125,0,0,0,0,nao,nao,sim
107742,ativo,no-seller,728,2475,0,0,0,0,nao,nao,nao
107743,ativo,no-seller,0,45,0,0,0,0,nao,nao,nao
107744,ativo,struggling-seller,151,291,204,380,1,2,nao,nao,nao
107745,ativo,small-seller,143,223,7747,24199,15,46,nao,nao,nao
107746,ativo,no-seller,204,932,0,0,0,0,sim,sim,nao
107747,ativo,struggling-seller,78,1682,0,114,0,1,nao,nao,nao
107748,ativo,no-seller,21,188,0,0,0,0,nao,sim,nao
107749,ativo,no-seller,57,2945,0,0,0,0,nao,sim,nao
107750,ativo,small-seller,551,2904,8235,18732,24,58,nao,nao,sim
107751,ativo,struggling-seller,54,989,0,148,0,1,sim,nao,nao
107752,ativo,no-seller,5,175,0,0,0,0,nao,nao,nao
107753,ativo,struggling-seller,142,2376,259,652,2,5,sim,nao,nao
107754,ativo,no-seller,80,3304,0,0,0,0,nao,nao,nao
107755,ativo,no-seller,86,285,0,0,0,0,nao,nao,nao
107756,ativo,no-seller,73,939,0,0,0,0,nao,nao,nao
107757,ativo,no-seller,24,77,0,0,0,0,nao,nao,nao
107758,ativo,struggling-seller,475,2233,230,704,1,3,nao,nao,nao
107759,ativo,no-seller,70,756,0,0,0,0,nao,nao,nao
107760,ativo,struggling-seller,4,182,241,728,2,6,nao,sim,nao
107761,ativo,no-seller,152,480,0,0,0,0,sim,nao,nao
107762,ativo,no-seller,306,2437,0,0,0,0,nao,nao,nao
107763,ativo,no-seller,45,774,0,0,0,0,nao,nao,nao
107764,ativo,no-seller,459,704,0,0,0,0,nao,nao,nao
107765,ativo,no-seller,138,393,0,0,0,0,sim,nao,nao
107766,ativo,no-seller,643,2693,0,0,0,0,nao,sim,nao
107767,ativo,no-seller,33,294,0,0,0,0,sim,nao,nao
107768,ativo,struggling-seller,10,287,148,474,1,3,nao,nao,nao
107769,cancelado,no-seller,71,360,0,0,0,0,nao,nao,nao
107770,churnado,no-seller,190,2637,0,0,0,0,nao,sim,sim
107771,ativo,no-seller,229,2872,0,0,0,0,nao,nao,nao
107772,ativo,struggling-seller,17,608,293,748,2,5,nao,nao,sim
107773,ativo,no-seller,762,812,0,0,0,0,sim,sim,nao
107774,ativo,struggling-seller,144,556,207,416,1,2,nao,sim,nao
107775,ativo,no-seller,2,200,0,0,0,0,nao,nao,nao
107776,ativo,no-seller,143,400,0,0,0,0,nao,sim,nao
107777,ativo,no-seller,800,3381,0,0,0,0,nao,nao,sim
107778,ativo,no-seller,242,2366,0,0,0,0,nao,nao,nao
107779,ativo,struggling-seller,140,1364,346,901,2,5,nao,nao,sim
107780,ativo,struggling-seller,421,1422,125,379,1,3,nao,nao,nao
107781,ativo,medium-seller,61,212,34967,75599,98,221,nao,nao,nao
107782,ativo,struggling-seller,47,320,0,143,0,1,nao,nao,nao
107783,ativo,struggling-seller,643,2548,0,232,0,1,sim,nao,sim
107784,ativo,struggling-seller,425,1209,192,608,1,3,nao,nao,nao
107785,ativo,struggling-seller,92,134,216,636,2,6,nao,nao,nao
107786,ativo,struggling-seller,19,33,319,816,2,5,nao,sim,nao
107787,ativo,struggling-seller,5,69,338,931,2,6,sim,nao,nao
107788,churnado,no-seller,15,119,0,0,0,0,nao,nao,nao
107789,ativo,no-seller,428,998,0,0,0,0,nao,nao,nao
107790,ativo,medium-seller,410,2732,62949,165731,122,306,nao,nao,nao
107791,ativo,no-seller,654,1364,0,0,0,0,nao,nao,nao
107792,ativo,struggling-seller,91,99,154,513,1,3,nao,nao,nao
107793,ativo,no-seller,626,3136,0,0,0,0,sim,nao,nao
107794,ativo,small-seller,560,833,5073,17118,23,80,nao,nao,nao
107795,churnado,struggling-seller,330,572,0,154,0,1,sim,nao,nao
107796,ativo,no-seller,345,415,0,0,0,0,nao,sim,nao
107797,ativo,no-seller,644,2588,0,0,0,0,nao,nao,nao
107798,ativo,small-seller,443,757,11783,38573,37,117,nao,nao,nao
107799,cancelado,small-seller,212,2272,7637,25517,22,73,sim,nao,nao
107800,churnado,no-seller,15,88,0,0,0,0,nao,nao,nao
107801,churnado,struggling-seller,28,567,134,375,1,3,nao,sim,nao
107802,ativo,struggling-seller,642,664,124,520,1,4,nao,nao,nao
107803,ativo,struggling-seller,184,246,201,832,1,4,nao,nao,nao
107804,cancelado,no-seller,559,1117,0,0,0,0,nao,nao,nao
107805,ativo,no-seller,6,32,0,0,0,0,nao,nao,nao
107806,ativo,no-seller,86,94,0,0,0,0,sim,nao,nao
107807,ativo,no-seller,156,1942,0,0,0,0,sim,nao,nao
107808,ativo,no-seller,647,2206,0,0,0,0,sim,nao,sim
107809,ativo,small-seller,65,1463,5030,19032,13,47,sim,nao,nao
107810,ativo,no-seller,176,184,0,0,0,0,nao,nao,sim
107811,ativo,small-seller,35,74,15944,38572,41,92,nao,nao,nao
107812,trial,struggling-seller,202,2002,0,99,0,1,sim,nao,nao
107813,ativo,no-seller,24,111,0,0,0,0,nao,nao,nao
107814,ativo,no-seller,357,837,0,0,0,0,nao,nao,nao
107815,ativo,tiny-seller,135,825,2714,9996,9,30,sim,nao,nao
107816,ativo,struggling-seller,134,629,224,847,1,4,nao,nao,nao
107817,cancelado,struggling-seller,378,1442,270,522,3,6,nao,nao,nao
107818,ativo,no-seller,460,1432,0,0,0,0,sim,nao,nao
107819,ativo,tiny-seller,190,641,1782,5208,4,12,nao,nao,nao
107820,ativo,no-seller,25,82,0,0,0,0,nao,nao,nao
107821,churnado,no-seller,736,1778,0,0,0,0,nao,nao,nao
107822,ativo,struggling-seller,14,141,0,135,0,1,nao,nao,nao
107823,ativo,no-seller,156,1758,0,0,0,0,sim,nao,nao
107824,ativo,struggling-seller,29,94,274,786,2,6,nao,nao,nao
107825,ativo,struggling-seller,123,266,245,945,1,4,nao,nao,nao
107826,ativo,tiny-seller,35,60,1711,5665,8,24,nao,nao,nao
107827,ativo,no-seller,456,1593,0,0,0,0,nao,nao,nao
107828,ativo,no-seller,685,2129,0,0,0,0,nao,nao,nao
107829,ativo,tiny-seller,389,1002,1464,4324,8,24,nao,nao,nao
107830,ativo,no-seller,575,1922,0,0,0,0,nao,nao,nao
107831,ativo,no-seller,121,160,0,0,0,0,nao,nao,nao
107832,cancelado,struggling-seller,764,786,195,618,1,3,sim,sim,nao
107833,ativo,no-seller,713,3197,0,0,0,0,nao,nao,nao
107834,ativo,no-seller,483,759,0,0,0,0,nao,nao,nao
107835,ativo,small-seller,111,2947,21461,55441,55,129,nao,nao,nao
107836,cancelado,no-seller,66,229,0,0,0,0,nao,nao,nao
107837,ativo,no-seller,42,102,0,0,0,0,nao,nao,nao
107838,ativo,small-seller,11,247,30054,70025,59,131,nao,nao,nao
107839,ativo,tiny-seller,496,550,1720,5564,7,23,nao,nao,nao
107840,ativo,no-seller,158,184,0,0,0,0,nao,nao,nao
107841,ativo,struggling-seller,328,2996,131,255,1,2,nao,nao,nao
107842,ativo,no-seller,11,211,0,0,0,0,nao,sim,nao
107843,ativo,no-seller,742,1452,0,0,0,0,nao,nao,sim
107844,ativo,struggling-seller,131,260,465,1412,2,6,nao,nao,nao
107845,ativo,no-seller,775,2589,0,0,0,0,nao,sim,nao
107846,ativo,tiny-seller,600,1342,1018,3137,5,16,nao,nao,nao
107847,ativo,no-seller,135,260,0,0,0,0,nao,nao,nao
107848,ativo,struggling-seller,37,121,75,238,1,3,nao,nao,nao
107849,ativo,struggling-seller,538,574,403,868,2,4,nao,nao,nao
107850,ativo,large-seller,640,2257,126094,453782,248,911,nao,nao,nao
107851,ativo,struggling-seller,147,180,145,467,1,3,nao,nao,sim
107852,ativo,medium-seller,80,94,101276,269667,264,653,nao,nao,nao
107853,ativo,no-seller,108,966,0,0,0,0,nao,nao,nao
107854,ativo,no-seller,163,246,0,0,0,0,sim,nao,nao
107855,ativo,struggling-seller,662,1653,104,379,1,4,nao,nao,nao
107856,churnado,no-seller,88,101,0,0,0,0,nao,nao,nao
107857,ativo,small-seller,88,158,22816,65014,40,123,nao,nao,nao
107858,ativo,struggling-seller,66,229,0,175,0,1,nao,nao,nao
107859,ativo,no-seller,413,2790,0,0,0,0,nao,nao,nao
107860,ativo,no-seller,95,246,0,0,0,0,nao,sim,nao
107861,ativo,no-seller,767,774,0,0,0,0,nao,nao,nao
107862,ativo,no-seller,410,2814,0,0,0,0,nao,nao,nao
107863,churnado,struggling-seller,233,2873,175,327,1,2,nao,nao,nao
107864,churnado,struggling-seller,393,532,112,418,1,4,nao,nao,nao
107865,ativo,no-seller,51,90,0,0,0,0,sim,nao,nao
107866,ativo,no-seller,413,3458,0,0,0,0,nao,nao,nao
107867,ativo,tiny-seller,88,96,1373,4064,4,12,nao,sim,nao
107868,ativo,no-seller,42,458,0,0,0,0,nao,nao,nao
107869,ativo,small-seller,326,3482,19375,61957,40,134,nao,nao,nao
107870,ativo,small-seller,65,236,14141,46458,33,119,nao,nao,nao
107871,ativo,struggling-seller,381,1161,226,631,1,3,sim,nao,nao
107872,ativo,struggling-seller,118,124,228,643,1,3,nao,nao,nao
107873,ativo,no-seller,657,1436,0,0,0,0,nao,sim,nao
107874,ativo,struggling-seller,187,1552,232,851,1,4,sim,sim,nao
107875,ativo,tiny-seller,784,2746,1223,2809,4,9,nao,sim,nao
107876,trial,small-seller,119,203,7594,19564,23,57,nao,nao,sim
107877,ativo,no-seller,36,269,0,0,0,0,sim,nao,nao
107878,ativo,no-seller,766,1100,0,0,0,0,nao,nao,nao
107879,ativo,no-seller,585,2548,0,0,0,0,nao,nao,nao
107880,trial,no-seller,726,1521,0,0,0,0,nao,nao,nao
107881,ativo,no-seller,243,386,0,0,0,0,nao,nao,nao
107882,ativo,no-seller,100,229,0,0,0,0,nao,nao,nao
107883,ativo,no-seller,538,2099,0,0,0,0,nao,sim,nao
107884,ativo,tiny-seller,61,317,5030,10307,12,27,nao,nao,sim
107885,churnado,large-seller,203,261,285820,744582,535,1444,nao,nao,nao
107886,ativo,no-seller,162,380,0,0,0,0,sim,nao,nao
107887,churnado,no-seller,22,207,0,0,0,0,nao,nao,nao
107888,ativo,no-seller,150,997,0,0,0,0,nao,nao,nao
107889,ativo,top-seller,112,211,593777,2206101,1018,3886,nao,nao,nao
107890,ativo,struggling-seller,9,70,0,273,0,1,nao,nao,nao
107891,ativo,no-seller,77,149,0,0,0,0,nao,nao,sim
107892,ativo,small-seller,705,958,17174,43850,40,99,sim,nao,nao
107893,ativo,no-seller,746,1224,0,0,0,0,nao,nao,sim
107894,ativo,no-seller,292,881,0,0,0,0,sim,nao,nao
107895,ativo,no-seller,714,2923,0,0,0,0,nao,nao,nao
107896,ativo,no-seller,676,1894,0,0,0,0,sim,sim,nao
107897,ativo,no-seller,264,721,0,0,0,0,nao,nao,nao
107898,ativo,struggling-seller,21,32,209,425,1,2,nao,nao,nao
107899,ativo,small-seller,50,67,5847,17662,25,75,sim,sim,sim
107900,ativo,no-seller,129,133,0,0,0,0,nao,nao,nao
107901,cancelado,no-seller,446,777,0,0,0,0,nao,nao,sim
107902,ativo,struggling-seller,308,1485,647,1224,3,6,sim,nao,nao
107903,ativo,tiny-seller,125,540,3122,9428,8,26,nao,nao,nao
107904,ativo,no-seller,112,166,0,0,0,0,nao,nao,nao
107905,ativo,struggling-seller,54,66,181,329,1,2,sim,nao,nao
107906,ativo,tiny-seller,157,245,2717,10260,7,27,nao,sim,sim
107907,ativo,no-seller,60,299,0,0,0,0,nao,nao,nao
107908,ativo,no-seller,10,756,0,0,0,0,nao,nao,nao
107909,ativo,no-seller,329,1303,0,0,0,0,sim,nao,nao
107910,ativo,no-seller,652,1586,0,0,0,0,nao,nao,nao
107911,churnado,no-seller,234,408,0,0,0,0,nao,nao,nao
107912,trial,no-seller,430,3392,0,0,0,0,nao,nao,nao
107913,ativo,no-seller,9,382,0,0,0,0,nao,nao,nao
107914,ativo,struggling-seller,355,1186,179,361,2,4,nao,sim,nao
107915,ativo,tiny-seller,35,76,1211,4267,7,24,nao,nao,nao
107916,ativo,medium-seller,80,1064,89074,280220,216,631,nao,nao,nao
107917,ativo,struggling-seller,339,2366,0,215,0,1,nao,nao,nao
107918,ativo,struggling-seller,129,217,175,575,1,3,nao,nao,nao
107919,ativo,struggling-seller,779,2463,0,179,0,1,sim,nao,nao
107920,ativo,tiny-seller,523,1166,1987,4861,7,18,nao,sim,nao
107921,ativo,no-seller,36,114,0,0,0,0,nao,sim,sim
107922,ativo,medium-seller,374,670,41958,120023,119,345,nao,nao,nao
107923,ativo,small-seller,148,1974,7202,25248,21,77,nao,nao,nao
107924,ativo,no-seller,77,130,0,0,0,0,nao,nao,nao
107925,ativo,no-seller,515,1654,0,0,0,0,nao,nao,nao
107926,ativo,small-seller,508,1166,5758,16975,20,54,nao,sim,nao
107927,ativo,no-seller,242,857,0,0,0,0,nao,nao,nao
107928,ativo,medium-seller,8,81,21325,78728,39,155,nao,nao,sim
107929,ativo,struggling-seller,7,386,242,731,1,3,nao,nao,nao
107930,ativo,no-seller,577,894,0,0,0,0,sim,nao,nao
107931,ativo,struggling-seller,161,1281,123,243,1,2,nao,nao,nao
107932,ativo,no-seller,184,2219,0,0,0,0,nao,nao,nao
107933,ativo,no-seller,57,94,0,0,0,0,nao,nao,nao
107934,ativo,no-seller,45,68,0,0,0,0,nao,nao,nao
107935,ativo,no-seller,291,908,0,0,0,0,sim,nao,nao
107936,ativo,no-seller,474,727,0,0,0,0,nao,sim,nao
107937,ativo,struggling-seller,570,1763,107,340,1,3,nao,nao,nao
107938,ativo,struggling-seller,350,1037,304,982,2,6,nao,nao,nao
107939,ativo,struggling-seller,64,101,0,178,0,1,nao,nao,nao
107940,ativo,no-seller,219,368,0,0,0,0,sim,sim,nao
107941,ativo,no-seller,14,393,0,0,0,0,nao,nao,nao
107942,ativo,struggling-seller,214,230,569,1592,2,6,sim,nao,nao
107943,ativo,small-seller,673,959,14143,34393,50,117,nao,nao,nao
107944,ativo,medium-seller,17,79,34355,118395,97,336,nao,nao,nao
107945,ativo,no-seller,383,1534,0,0,0,0,nao,nao,nao
107946,ativo,no-seller,478,2641,0,0,0,0,nao,nao,nao
107947,ativo,no-seller,36,71,0,0,0,0,nao,nao,nao
107948,ativo,struggling-seller,59,176,86,354,1,4,nao,nao,nao
107949,ativo,no-seller,212,1704,0,0,0,0,nao,nao,nao
107950,ativo,tiny-seller,395,512,675,2546,5,18,nao,nao,nao
107951,ativo,struggling-seller,484,590,173,541,2,6,sim,nao,nao
107952,ativo,struggling-seller,789,799,113,329,1,3,nao,nao,nao
107953,ativo,small-seller,112,620,10271,22412,45,102,nao,nao,nao
107954,ativo,tiny-seller,307,2572,2986,9226,8,23,nao,nao,nao
107955,ativo,no-seller,136,494,0,0,0,0,nao,sim,nao
107956,ativo,tiny-seller,409,1262,1798,5939,4,14,sim,nao,nao
107957,ativo,struggling-seller,30,285,78,169,1,2,nao,nao,nao
107958,ativo,no-seller,293,889,0,0,0,0,nao,nao,nao
107959,ativo,no-seller,119,123,0,0,0,0,nao,nao,sim
107960,ativo,no-seller,43,65,0,0,0,0,nao,nao,nao
107961,ativo,no-seller,205,1065,0,0,0,0,nao,nao,nao
107962,ativo,no-seller,97,1196,0,0,0,0,nao,nao,nao
107963,ativo,no-seller,249,922,0,0,0,0,sim,nao,nao
107964,ativo,no-seller,667,1141,0,0,0,0,nao,nao,nao
107965,ativo,no-seller,29,113,0,0,0,0,nao,nao,nao
107966,churnado,no-seller,8,50,0,0,0,0,nao,nao,nao
107967,ativo,struggling-seller,174,2050,209,439,2,4,nao,nao,nao
107968,churnado,no-seller,181,230,0,0,0,0,sim,nao,nao
107969,ativo,no-seller,494,1923,0,0,0,0,sim,nao,nao
107970,ativo,no-seller,158,800,0,0,0,0,nao,nao,nao
107971,ativo,no-seller,620,3186,0,0,0,0,sim,nao,sim
107972,ativo,struggling-seller,75,1493,117,321,1,3,sim,sim,nao
107973,churnado,no-seller,78,171,0,0,0,0,nao,sim,nao
107974,ativo,no-seller,173,239,0,0,0,0,nao,nao,nao
107975,cancelado,no-seller,31,32,0,0,0,0,nao,sim,nao
107976,ativo,small-seller,8,517,3657,12155,11,35,nao,nao,nao
107977,ativo,struggling-seller,545,1032,92,196,1,2,sim,nao,nao
107978,ativo,small-seller,42,174,9091,26453,30,85,nao,nao,nao
107979,ativo,no-seller,37,2075,0,0,0,0,sim,nao,nao
107980,ativo,tiny-seller,162,399,503,1808,3,10,nao,nao,nao
107981,ativo,tiny-seller,88,2367,1983,6073,8,24,nao,nao,nao
107982,ativo,struggling-seller,502,2097,97,186,1,2,nao,nao,nao
107983,ativo,no-seller,1,49,0,0,0,0,nao,nao,nao
107984,ativo,medium-seller,171,983,25232,79636,78,239,nao,nao,sim
107985,ativo,small-seller,212,1804,13523,34958,36,87,nao,nao,nao
107986,ativo,struggling-seller,114,3495,223,912,1,4,nao,nao,sim
107987,ativo,no-seller,776,2945,0,0,0,0,nao,nao,nao
107988,ativo,struggling-seller,271,808,0,269,0,1,nao,sim,nao
107989,ativo,tiny-seller,79,95,1166,3936,4,13,nao,nao,nao
107990,ativo,struggling-seller,673,1923,280,533,1,2,nao,nao,nao
107991,ativo,struggling-seller,112,202,221,606,1,3,sim,nao,nao
107992,ativo,tiny-seller,506,1587,1378,3987,9,24,sim,nao,nao
107993,ativo,no-seller,5,1720,0,0,0,0,nao,nao,nao
107994,ativo,no-seller,77,191,0,0,0,0,nao,sim,nao
107995,ativo,small-seller,600,806,6945,15881,16,38,nao,nao,nao
107996,ativo,no-seller,402,1201,0,0,0,0,sim,nao,nao
107997,ativo,small-seller,46,228,8363,22204,28,80,nao,nao,nao
107998,ativo,tiny-seller,21,154,1934,5187,9,26,nao,nao,nao
107999,ativo,no-seller,166,2077,0,0,0,0,nao,sim,nao
108000,ativo,medium-seller,447,1185,54730,204596,184,661,nao,nao,nao
108001,ativo,medium-seller,402,1268,17172,67635,49,185,sim,nao,nao
108002,ativo,no-seller,185,225,0,0,0,0,nao,nao,nao
108003,trial,large-seller,18,2018,187132,583162,451,1431,nao,nao,nao
108004,ativo,struggling-seller,215,832,301,690,2,5,nao,nao,nao
108005,ativo,struggling-seller,241,328,244,1161,1,5,nao,nao,nao
108006,cancelado,struggling-seller,5,3161,172,367,1,2,nao,nao,nao
108007,ativo,no-seller,258,298,0,0,0,0,nao,nao,nao
108008,ativo,top-seller,272,316,977686,2966978,1206,3553,nao,nao,sim
108009,ativo,no-seller,139,189,0,0,0,0,nao,nao,nao
108010,ativo,small-seller,539,2016,10277,35914,23,86,nao,nao,sim
108011,trial,no-seller,109,142,0,0,0,0,nao,nao,nao
108012,churnado,no-seller,593,697,0,0,0,0,nao,nao,sim
108013,ativo,no-seller,257,841,0,0,0,0,nao,nao,nao
108014,ativo,no-seller,145,605,0,0,0,0,nao,nao,nao
108015,ativo,no-seller,491,2538,0,0,0,0,nao,nao,nao
108016,ativo,no-seller,401,1421,0,0,0,0,nao,nao,nao
108017,ativo,no-seller,622,912,0,0,0,0,nao,nao,nao
108018,churnado,medium-seller,50,494,75126,187133,146,329,nao,nao,nao
108019,ativo,no-seller,241,434,0,0,0,0,nao,nao,nao
108020,ativo,no-seller,87,717,0,0,0,0,sim,nao,nao
108021,ativo,medium-seller,19,260,25406,84037,82,278,nao,nao,nao
108022,ativo,no-seller,115,227,0,0,0,0,sim,nao,nao
108023,ativo,no-seller,310,319,0,0,0,0,sim,nao,nao
108024,ativo,struggling-seller,2,428,156,294,1,2,nao,nao,nao
108025,ativo,tiny-seller,18,93,1912,4243,6,14,nao,nao,nao
108026,ativo,no-seller,12,62,0,0,0,0,sim,nao,nao
108027,ativo,no-seller,87,798,0,0,0,0,nao,nao,nao
108028,ativo,no-seller,378,520,0,0,0,0,nao,nao,nao
108029,churnado,small-seller,11,218,18688,54514,45,135,nao,nao,nao
108030,ativo,no-seller,408,1017,0,0,0,0,nao,nao,nao
108031,ativo,no-seller,220,266,0,0,0,0,nao,nao,nao
108032,ativo,tiny-seller,165,999,3218,7374,12,29,nao,sim,nao
108033,ativo,struggling-seller,262,1032,239,678,2,6,nao,nao,nao
108034,ativo,medium-seller,161,170,86893,220632,217,519,sim,nao,nao
108035,ativo,no-seller,465,2481,0,0,0,0,nao,nao,nao
108036,ativo,struggling-seller,395,692,107,404,1,4,nao,nao,nao
108037,ativo,no-seller,165,3437,0,0,0,0,nao,nao,nao
108038,ativo,no-seller,73,126,0,0,0,0,nao,nao,nao
108039,ativo,no-seller,71,91,0,0,0,0,nao,nao,nao
108040,ativo,no-seller,98,213,0,0,0,0,nao,nao,nao
108041,ativo,no-seller,19,131,0,0,0,0,sim,nao,nao
108042,churnado,no-seller,296,2391,0,0,0,0,nao,nao,nao
108043,ativo,no-seller,52,551,0,0,0,0,nao,nao,nao
108044,ativo,small-seller,21,96,9753,33958,27,88,nao,nao,nao
108045,ativo,no-seller,47,75,0,0,0,0,nao,sim,nao
108046,ativo,struggling-seller,549,756,308,859,2,6,nao,nao,nao
108047,ativo,struggling-seller,200,373,243,1041,1,4,sim,nao,nao
108048,ativo,struggling-seller,22,2557,256,759,2,6,nao,nao,nao
108049,ativo,no-seller,721,1570,0,0,0,0,nao,nao,sim
108050,ativo,struggling-seller,696,1184,463,1496,2,6,nao,nao,nao
108051,ativo,no-seller,159,2737,0,0,0,0,nao,nao,nao
108052,ativo,struggling-seller,681,733,119,340,1,3,nao,nao,nao
108053,ativo,no-seller,50,101,0,0,0,0,nao,nao,nao
108054,ativo,no-seller,398,623,0,0,0,0,nao,nao,sim
108055,ativo,no-seller,315,2641,0,0,0,0,sim,nao,nao
108056,ativo,struggling-seller,533,1702,255,824,1,3,sim,nao,sim
108057,ativo,no-seller,48,160,0,0,0,0,nao,sim,nao
108058,ativo,no-seller,163,1353,0,0,0,0,nao,nao,nao
108059,ativo,no-seller,760,2146,0,0,0,0,sim,nao,nao
108060,ativo,no-seller,146,218,0,0,0,0,sim,nao,nao
108061,cancelado,struggling-seller,665,1023,416,1280,2,6,nao,nao,nao
108062,ativo,tiny-seller,340,693,965,2432,3,8,nao,nao,nao
108063,ativo,no-seller,87,145,0,0,0,0,sim,nao,nao
108064,ativo,no-seller,577,2154,0,0,0,0,nao,nao,nao
108065,ativo,no-seller,398,715,0,0,0,0,nao,nao,nao
108066,ativo,struggling-seller,355,2829,201,643,1,3,nao,nao,sim
108067,ativo,tiny-seller,79,219,1088,2186,5,11,nao,nao,nao
108068,ativo,no-seller,0,41,0,0,0,0,nao,nao,nao
108069,ativo,struggling-seller,387,882,373,967,2,5,nao,nao,nao
108070,ativo,struggling-seller,104,2884,272,797,2,6,nao,nao,nao
108071,trial,small-seller,370,470,6828,18045,31,88,nao,nao,sim
108072,ativo,no-seller,136,147,0,0,0,0,nao,nao,nao
108073,ativo,struggling-seller,664,1740,154,337,1,2,sim,nao,nao
108074,ativo,tiny-seller,28,287,3749,9920,11,30,nao,nao,nao
108075,ativo,no-seller,581,605,0,0,0,0,nao,nao,nao
108076,ativo,tiny-seller,110,638,1083,2873,4,10,nao,nao,nao
108077,ativo,no-seller,594,948,0,0,0,0,nao,nao,nao
108078,ativo,struggling-seller,55,125,142,616,1,4,nao,nao,nao
108079,ativo,small-seller,426,2308,11078,24282,43,98,nao,sim,nao
108080,ativo,small-seller,0,175,5685,15612,13,39,nao,nao,nao
108081,ativo,struggling-seller,785,1377,191,782,1,4,sim,nao,nao
108082,ativo,struggling-seller,27,39,154,487,1,3,nao,nao,nao
108083,ativo,tiny-seller,38,1046,808,2212,4,10,sim,nao,nao
108084,ativo,no-seller,261,1079,0,0,0,0,nao,nao,nao
108085,ativo,small-seller,121,450,7847,24969,37,125,nao,nao,nao
108086,ativo,small-seller,156,1172,26288,57276,60,142,nao,nao,nao
108087,ativo,struggling-seller,603,617,133,388,1,3,nao,nao,nao
108088,ativo,small-seller,58,199,5797,15614,23,56,sim,nao,nao
108089,ativo,no-seller,691,1023,0,0,0,0,nao,sim,nao
108090,ativo,no-seller,32,159,0,0,0,0,sim,nao,nao
108091,ativo,small-seller,675,885,8265,24713,19,59,nao,sim,nao
108092,ativo,no-seller,679,1737,0,0,0,0,nao,nao,nao
108093,ativo,no-seller,606,1997,0,0,0,0,sim,nao,nao
108094,ativo,struggling-seller,191,447,82,233,1,3,nao,nao,nao
108095,ativo,struggling-seller,132,193,0,252,0,1,nao,nao,nao
108096,ativo,no-seller,6,33,0,0,0,0,nao,nao,nao
108097,ativo,no-seller,247,1011,0,0,0,0,nao,nao,nao
108098,ativo,struggling-seller,362,2856,0,151,0,1,sim,sim,nao
108099,ativo,small-seller,33,777,26732,56615,52,119,nao,nao,nao
108100,ativo,no-seller,578,2235,0,0,0,0,nao,nao,nao
108101,ativo,large-seller,193,257,125329,464415,262,939,nao,nao,nao
108102,ativo,struggling-seller,159,907,0,167,0,1,nao,nao,nao
108103,ativo,struggling-seller,309,490,247,675,2,5,nao,sim,nao
108104,ativo,struggling-seller,130,404,0,199,0,1,nao,nao,sim
108105,ativo,no-seller,33,1186,0,0,0,0,nao,sim,nao
108106,ativo,small-seller,22,335,5240,13910,12,35,sim,nao,nao
108107,cancelado,no-seller,207,222,0,0,0,0,nao,nao,nao
108108,ativo,no-seller,195,229,0,0,0,0,nao,nao,sim
108109,ativo,no-seller,24,34,0,0,0,0,nao,nao,nao
108110,churnado,no-seller,150,251,0,0,0,0,nao,nao,nao
108111,ativo,no-seller,690,1569,0,0,0,0,nao,nao,nao
108112,cancelado,no-seller,32,220,0,0,0,0,nao,nao,nao
108113,ativo,no-seller,468,1117,0,0,0,0,nao,nao,nao
108114,ativo,medium-seller,139,146,24064,76107,68,231,nao,nao,nao
108115,ativo,small-seller,327,962,14074,34876,37,100,sim,nao,nao
108116,ativo,struggling-seller,556,835,412,1116,2,5,nao,nao,nao
108117,ativo,no-seller,640,1720,0,0,0,0,nao,nao,nao
108118,ativo,no-seller,461,492,0,0,0,0,nao,nao,nao
108119,ativo,struggling-seller,44,135,206,426,2,4,nao,sim,nao
108120,ativo,no-seller,773,1837,0,0,0,0,sim,sim,nao
108121,ativo,no-seller,675,1771,0,0,0,0,nao,nao,nao
108122,churnado,no-seller,183,537,0,0,0,0,nao,nao,nao
108123,ativo,struggling-seller,542,3304,166,364,1,2,nao,nao,nao
108124,ativo,struggling-seller,184,355,260,538,2,4,nao,nao,nao
108125,ativo,no-seller,369,849,0,0,0,0,nao,nao,sim
108126,ativo,no-seller,650,1448,0,0,0,0,nao,nao,nao
108127,ativo,small-seller,98,342,5399,16709,23,71,nao,nao,nao
108128,ativo,struggling-seller,63,101,184,565,1,3,nao,nao,nao
108129,ativo,tiny-seller,715,1590,2446,6439,9,22,nao,nao,sim
108130,ativo,struggling-seller,269,280,108,215,1,2,nao,nao,nao
108131,ativo,struggling-seller,23,31,238,881,1,4,nao,nao,nao
108132,ativo,small-seller,614,1272,7773,26396,26,92,nao,nao,nao
108133,ativo,struggling-seller,174,174,0,109,0,1,sim,nao,sim
108134,ativo,tiny-seller,46,118,3342,8246,11,25,nao,nao,nao
108135,ativo,tiny-seller,514,1828,1386,5137,8,27,nao,nao,nao
108136,ativo,no-seller,361,2797,0,0,0,0,nao,nao,nao
108137,ativo,tiny-seller,7,309,1956,6585,5,17,nao,sim,nao
108138,ativo,struggling-seller,165,189,210,406,2,4,nao,sim,nao
108139,ativo,no-seller,221,355,0,0,0,0,nao,nao,nao
108140,ativo,no-seller,383,1654,0,0,0,0,nao,nao,nao
108141,ativo,tiny-seller,40,51,512,1909,3,11,nao,nao,nao
108142,cancelado,tiny-seller,86,336,2910,7196,7,19,sim,nao,nao
108143,ativo,no-seller,340,1664,0,0,0,0,nao,nao,nao
108144,ativo,medium-seller,361,393,92834,249072,195,503,nao,nao,sim
108145,ativo,struggling-seller,26,109,173,744,1,4,nao,sim,nao
108146,trial,small-seller,311,1018,5973,16083,25,62,nao,nao,nao
108147,ativo,no-seller,344,1530,0,0,0,0,sim,nao,nao
108148,ativo,struggling-seller,284,622,0,174,0,1,nao,nao,nao
108149,ativo,struggling-seller,43,147,226,644,2,6,sim,sim,nao
108150,ativo,tiny-seller,329,1278,1265,4109,5,16,nao,nao,sim
108151,churnado,tiny-seller,115,1321,1854,4823,11,28,sim,nao,nao
108152,ativo,struggling-seller,110,1250,110,225,1,2,nao,nao,nao
108153,ativo,struggling-seller,144,415,182,332,1,2,nao,nao,nao
108154,ativo,struggling-seller,328,1031,179,927,1,5,nao,nao,nao
108155,ativo,no-seller,542,792,0,0,0,0,nao,nao,nao
108156,ativo,no-seller,16,30,0,0,0,0,nao,nao,nao
108157,ativo,small-seller,537,2976,14130,39596,27,82,nao,nao,nao
108158,ativo,no-seller,491,641,0,0,0,0,nao,nao,nao
108159,ativo,struggling-seller,126,1566,126,549,1,4,nao,nao,nao
108160,ativo,no-seller,603,987,0,0,0,0,sim,nao,nao
108161,ativo,no-seller,295,2083,0,0,0,0,nao,nao,nao
108162,ativo,no-seller,262,282,0,0,0,0,nao,nao,nao
108163,ativo,no-seller,164,348,0,0,0,0,nao,nao,nao
108164,ativo,no-seller,682,1570,0,0,0,0,nao,nao,nao
108165,ativo,no-seller,334,387,0,0,0,0,sim,nao,nao
108166,ativo,tiny-seller,185,2289,1356,3909,6,18,nao,nao,nao
108167,ativo,struggling-seller,49,202,170,362,2,4,sim,nao,nao
108168,ativo,no-seller,490,580,0,0,0,0,nao,sim,nao
108169,ativo,struggling-seller,12,908,215,434,1,2,nao,nao,nao
108170,trial,no-seller,35,101,0,0,0,0,sim,nao,nao
108171,ativo,no-seller,407,2528,0,0,0,0,sim,nao,nao
108172,ativo,tiny-seller,15,34,2046,7851,6,22,sim,nao,sim
108173,ativo,struggling-seller,784,2901,106,320,1,3,sim,nao,nao
108174,trial,no-seller,5,1602,0,0,0,0,sim,nao,nao
108175,ativo,struggling-seller,174,656,208,924,1,4,nao,nao,nao
108176,ativo,no-seller,72,1721,0,0,0,0,nao,nao,nao
108177,ativo,struggling-seller,335,335,0,229,0,1,nao,nao,nao
108178,ativo,struggling-seller,5,45,149,301,1,2,nao,nao,nao
108179,ativo,tiny-seller,785,2609,2914,8117,8,22,nao,nao,nao
108180,ativo,no-seller,279,279,0,0,0,0,nao,sim,nao
108181,ativo,no-seller,62,134,0,0,0,0,nao,nao,sim
108182,ativo,no-seller,44,49,0,0,0,0,nao,nao,nao
108183,ativo,tiny-seller,60,74,1071,4197,5,19,nao,nao,nao
108184,ativo,no-seller,18,63,0,0,0,0,sim,nao,nao
108185,ativo,no-seller,582,2264,0,0,0,0,sim,nao,nao
108186,ativo,struggling-seller,65,343,0,90,0,1,nao,nao,nao
108187,ativo,struggling-seller,246,262,397,1300,2,6,nao,sim,nao
108188,ativo,struggling-seller,762,2401,141,513,1,4,nao,nao,sim
108189,ativo,no-seller,105,1876,0,0,0,0,nao,nao,nao
108190,ativo,struggling-seller,82,236,254,1025,1,4,sim,nao,nao
108191,ativo,tiny-seller,132,146,1822,4803,9,24,nao,nao,nao
108192,ativo,no-seller,47,53,0,0,0,0,sim,nao,nao
108193,ativo,tiny-seller,22,1897,1854,6961,5,20,nao,nao,nao
108194,ativo,no-seller,40,202,0,0,0,0,nao,nao,nao
108195,ativo,tiny-seller,13,191,3057,7649,9,22,nao,nao,nao
108196,ativo,no-seller,21,87,0,0,0,0,nao,nao,nao
108197,ativo,struggling-seller,234,2495,220,417,1,2,nao,nao,nao
108198,ativo,no-seller,189,239,0,0,0,0,nao,nao,sim
108199,ativo,tiny-seller,39,95,2111,5419,8,19,nao,nao,nao
108200,ativo,no-seller,528,3338,0,0,0,0,nao,nao,nao
108201,ativo,no-seller,232,1009,0,0,0,0,nao,nao,nao
108202,ativo,medium-seller,106,179,108378,266565,183,474,sim,nao,nao
108203,ativo,no-seller,36,67,0,0,0,0,nao,nao,nao
108204,ativo,tiny-seller,345,718,1931,4839,7,18,sim,nao,nao
108205,ativo,small-seller,545,731,2850,9334,11,33,nao,nao,nao
108206,ativo,tiny-seller,104,162,2454,5565,9,22,nao,nao,nao
108207,ativo,no-seller,685,2481,0,0,0,0,nao,nao,nao
108208,trial,no-seller,43,90,0,0,0,0,nao,nao,sim
108209,ativo,tiny-seller,422,1215,2198,4574,7,16,nao,nao,nao
108210,ativo,no-seller,151,2496,0,0,0,0,nao,nao,nao
108211,ativo,struggling-seller,607,884,187,394,1,2,sim,nao,sim
108212,ativo,tiny-seller,709,1323,2496,5059,7,15,nao,sim,nao
108213,ativo,small-seller,247,1904,18193,46389,58,140,nao,nao,nao
108214,ativo,no-seller,42,1098,0,0,0,0,nao,nao,sim
108215,ativo,no-seller,333,972,0,0,0,0,sim,nao,nao
108216,ativo,struggling-seller,278,540,198,622,1,3,nao,nao,nao
108217,ativo,struggling-seller,66,86,188,460,2,5,sim,sim,nao
108218,ativo,struggling-seller,251,370,0,103,0,1,nao,nao,nao
108219,ativo,no-seller,121,559,0,0,0,0,nao,nao,nao
108220,ativo,no-seller,4,108,0,0,0,0,nao,nao,nao
108221,cancelado,struggling-seller,70,140,269,723,2,5,nao,nao,nao
108222,ativo,struggling-seller,295,1655,0,167,0,1,nao,nao,nao
108223,ativo,no-seller,108,178,0,0,0,0,nao,nao,nao
108224,ativo,small-seller,78,365,6431,20005,20,57,nao,sim,nao
108225,ativo,tiny-seller,34,205,2660,8391,8,25,nao,nao,nao
108226,ativo,tiny-seller,85,138,754,2766,3,10,nao,nao,nao
108227,ativo,struggling-seller,416,2005,90,282,1,3,nao,nao,nao
108228,ativo,no-seller,22,40,0,0,0,0,nao,nao,nao
108229,cancelado,small-seller,324,408,3936,11890,18,49,nao,nao,nao
108230,churnado,no-seller,410,877,0,0,0,0,nao,nao,nao
108231,ativo,no-seller,60,125,0,0,0,0,nao,nao,nao
108232,churnado,no-seller,785,3073,0,0,0,0,nao,nao,nao
108233,ativo,small-seller,457,1167,7299,16898,30,70,nao,nao,nao
108234,churnado,struggling-seller,85,1593,506,1547,2,6,sim,nao,nao
108235,ativo,struggling-seller,37,37,244,1275,1,5,nao,nao,nao
108236,ativo,struggling-seller,28,77,136,446,1,3,sim,nao,nao
108237,ativo,no-seller,626,986,0,0,0,0,nao,nao,nao
108238,cancelado,struggling-seller,356,2175,184,592,2,6,nao,nao,nao
108239,churnado,no-seller,292,2346,0,0,0,0,nao,nao,nao
108240,trial,no-seller,50,51,0,0,0,0,sim,nao,nao
108241,ativo,no-seller,266,1322,0,0,0,0,nao,nao,nao
108242,ativo,tiny-seller,110,141,3138,6760,9,21,sim,nao,nao
108243,churnado,struggling-seller,100,694,0,216,0,1,nao,nao,nao
108244,ativo,no-seller,237,736,0,0,0,0,nao,nao,nao
108245,ativo,no-seller,75,2098,0,0,0,0,nao,nao,nao
108246,ativo,no-seller,250,286,0,0,0,0,nao,nao,nao
108247,ativo,no-seller,71,757,0,0,0,0,nao,nao,nao
108248,ativo,struggling-seller,36,239,356,922,2,5,nao,nao,nao
108249,ativo,no-seller,450,2991,0,0,0,0,nao,nao,nao
108250,ativo,no-seller,263,1104,0,0,0,0,sim,nao,nao
108251,ativo,struggling-seller,157,1449,178,371,1,2,nao,nao,nao
108252,ativo,no-seller,131,287,0,0,0,0,nao,nao,nao
108253,ativo,struggling-seller,49,72,0,121,0,1,nao,nao,nao
108254,ativo,struggling-seller,40,987,0,202,0,1,nao,nao,sim
108255,ativo,small-seller,371,568,11119,31635,34,88,nao,nao,nao
108256,ativo,struggling-seller,540,1303,0,178,0,1,nao,sim,nao
108257,ativo,no-seller,271,891,0,0,0,0,nao,nao,nao
108258,ativo,no-seller,544,648,0,0,0,0,sim,nao,sim
108259,ativo,no-seller,3,1319,0,0,0,0,sim,sim,nao
108260,churnado,tiny-seller,375,454,759,3449,4,17,nao,sim,nao
108261,ativo,medium-seller,195,490,87270,269412,167,513,nao,nao,nao
108262,ativo,tiny-seller,22,67,2866,9982,9,29,nao,nao,nao
108263,ativo,struggling-seller,130,144,524,1043,3,6,nao,nao,nao
108264,ativo,struggling-seller,42,113,129,282,1,2,sim,nao,nao
108265,ativo,small-seller,386,900,5774,21675,26,93,nao,nao,nao
108266,ativo,struggling-seller,207,2248,169,550,1,3,sim,nao,sim
108267,cancelado,no-seller,108,141,0,0,0,0,nao,nao,nao
108268,ativo,tiny-seller,798,1132,1717,4071,6,15,nao,nao,nao
108269,ativo,no-seller,111,298,0,0,0,0,sim,nao,nao
108270,ativo,struggling-seller,210,237,214,795,1,4,nao,nao,nao
108271,churnado,medium-seller,184,283,190354,450231,309,748,sim,nao,nao
108272,ativo,no-seller,491,552,0,0,0,0,nao,nao,nao
108273,ativo,no-seller,182,1548,0,0,0,0,nao,nao,nao
108274,ativo,struggling-seller,94,179,403,932,2,5,nao,nao,nao
108275,ativo,struggling-seller,256,715,127,360,1,3,nao,nao,nao
108276,ativo,no-seller,114,1533,0,0,0,0,nao,nao,nao
108277,ativo,no-seller,28,72,0,0,0,0,nao,nao,nao
108278,ativo,no-seller,713,2220,0,0,0,0,nao,nao,nao
108279,ativo,no-seller,442,492,0,0,0,0,sim,nao,nao
108280,ativo,tiny-seller,91,128,2105,8730,6,24,nao,nao,nao
108281,trial,no-seller,756,815,0,0,0,0,nao,nao,sim
108282,ativo,tiny-seller,210,472,1172,3725,5,16,nao,nao,nao
108283,ativo,struggling-seller,349,738,211,583,1,3,nao,nao,nao
108284,ativo,tiny-seller,268,836,1499,6188,6,24,nao,nao,nao
108285,ativo,no-seller,22,83,0,0,0,0,nao,nao,nao
108286,ativo,small-seller,449,1165,20966,68301,43,140,nao,nao,nao
108287,ativo,small-seller,203,317,8382,23488,17,52,nao,nao,nao
108288,ativo,no-seller,410,1161,0,0,0,0,nao,nao,sim
108289,ativo,tiny-seller,530,2832,1388,4165,9,25,nao,nao,nao
108290,ativo,no-seller,78,159,0,0,0,0,nao,nao,nao
108291,ativo,no-seller,287,514,0,0,0,0,sim,nao,nao
108292,ativo,no-seller,9,107,0,0,0,0,sim,nao,sim
108293,ativo,tiny-seller,48,108,1719,5148,5,16,nao,nao,nao
108294,ativo,no-seller,21,50,0,0,0,0,sim,sim,nao
108295,ativo,no-seller,207,1553,0,0,0,0,nao,nao,nao
108296,churnado,struggling-seller,205,1038,769,1613,3,6,nao,nao,nao
108297,ativo,no-seller,115,347,0,0,0,0,nao,nao,nao
108298,ativo,struggling-seller,3,65,354,998,2,6,nao,sim,nao
108299,ativo,no-seller,790,2345,0,0,0,0,nao,nao,nao
108300,ativo,no-seller,66,109,0,0,0,0,sim,nao,nao
108301,ativo,no-seller,68,91,0,0,0,0,sim,nao,nao
108302,ativo,no-seller,35,89,0,0,0,0,nao,nao,nao
108303,ativo,struggling-seller,267,289,0,116,0,1,sim,nao,nao
108304,ativo,struggling-seller,279,431,355,779,2,4,nao,nao,nao
108305,ativo,struggling-seller,56,2011,203,593,2,6,nao,nao,nao
108306,ativo,no-seller,53,107,0,0,0,0,sim,nao,sim
108307,ativo,tiny-seller,34,52,4047,10868,12,30,sim,sim,nao
108308,ativo,struggling-seller,218,2136,127,232,1,2,nao,nao,nao
108309,trial,small-seller,624,2365,4929,12708,18,42,nao,nao,nao
108310,ativo,struggling-seller,39,46,394,1282,2,6,nao,nao,nao
108311,ativo,no-seller,740,1812,0,0,0,0,nao,nao,nao
108312,ativo,struggling-seller,107,137,396,1151,2,6,sim,nao,nao
108313,ativo,struggling-seller,14,1023,542,1643,2,6,nao,nao,sim
108314,ativo,struggling-seller,125,138,562,1096,3,6,nao,nao,nao
108315,ativo,struggling-seller,609,1230,266,750,2,6,nao,nao,nao
108316,ativo,struggling-seller,255,664,0,252,0,1,nao,nao,nao
108317,churnado,struggling-seller,55,117,0,250,0,1,nao,nao,nao
108318,ativo,tiny-seller,363,421,1441,3289,7,17,nao,nao,nao
108319,ativo,no-seller,354,409,0,0,0,0,nao,sim,nao
108320,ativo,tiny-seller,168,1219,888,2712,4,13,nao,nao,nao
108321,ativo,no-seller,189,3467,0,0,0,0,nao,nao,nao
108322,ativo,medium-seller,372,2038,34891,89559,68,187,nao,nao,nao
108323,ativo,medium-seller,25,1225,128086,333530,260,666,sim,nao,sim
108324,ativo,no-seller,154,160,0,0,0,0,nao,sim,nao
108325,ativo,no-seller,102,484,0,0,0,0,sim,nao,sim
108326,ativo,small-seller,559,1522,10631,37130,41,146,nao,nao,nao
108327,ativo,struggling-seller,191,1289,119,490,1,4,nao,nao,nao
108328,ativo,no-seller,124,191,0,0,0,0,nao,nao,nao
108329,ativo,struggling-seller,35,274,134,702,1,5,sim,nao,nao
108330,ativo,struggling-seller,404,1804,128,408,1,3,sim,nao,sim
108331,ativo,no-seller,115,193,0,0,0,0,nao,nao,nao
108332,ativo,no-seller,79,166,0,0,0,0,nao,sim,nao
108333,churnado,no-seller,222,538,0,0,0,0,nao,nao,nao
108334,ativo,no-seller,70,81,0,0,0,0,nao,nao,nao
108335,ativo,no-seller,120,373,0,0,0,0,nao,nao,nao
108336,ativo,no-seller,435,511,0,0,0,0,sim,nao,nao
108337,ativo,no-seller,80,84,0,0,0,0,nao,nao,sim
108338,ativo,no-seller,318,357,0,0,0,0,nao,nao,nao
108339,ativo,no-seller,106,195,0,0,0,0,nao,sim,nao
108340,trial,no-seller,376,2168,0,0,0,0,sim,nao,nao
108341,churnado,small-seller,542,1307,9511,36153,40,147,nao,nao,nao
108342,ativo,tiny-seller,58,379,1226,3494,5,13,nao,nao,nao
108343,ativo,no-seller,284,2127,0,0,0,0,nao,nao,sim
108344,churnado,no-seller,2,160,0,0,0,0,nao,nao,nao
108345,ativo,struggling-seller,786,899,150,290,1,2,nao,nao,nao
108346,ativo,struggling-seller,267,858,90,173,1,2,nao,nao,nao
108347,ativo,no-seller,702,1520,0,0,0,0,nao,nao,sim
108348,ativo,no-seller,28,36,0,0,0,0,nao,nao,nao
108349,ativo,struggling-seller,198,2106,95,175,1,2,sim,nao,nao
108350,ativo,no-seller,112,285,0,0,0,0,nao,nao,nao
108351,ativo,no-seller,118,162,0,0,0,0,nao,nao,nao
108352,trial,medium-seller,86,1048,76059,238512,190,609,sim,nao,nao
108353,ativo,no-seller,185,318,0,0,0,0,sim,sim,sim
108354,ativo,medium-seller,283,1867,64096,237700,119,405,nao,nao,sim
108355,ativo,no-seller,644,1085,0,0,0,0,nao,nao,nao
108356,ativo,no-seller,187,2265,0,0,0,0,nao,sim,nao
108357,ativo,no-seller,54,128,0,0,0,0,nao,nao,nao
108358,cancelado,no-seller,38,39,0,0,0,0,nao,nao,nao
108359,ativo,small-seller,25,118,7045,17171,15,34,nao,nao,nao
108360,ativo,no-seller,62,82,0,0,0,0,sim,nao,nao
108361,ativo,struggling-seller,475,1077,466,1412,2,6,nao,nao,nao
108362,ativo,struggling-seller,573,630,247,677,1,3,nao,sim,nao
108363,ativo,struggling-seller,201,1191,99,211,1,2,nao,nao,nao
108364,ativo,tiny-seller,81,85,747,2179,5,14,nao,nao,nao
108365,ativo,no-seller,762,2103,0,0,0,0,nao,nao,nao
108366,ativo,medium-seller,125,175,38829,94245,137,310,nao,nao,nao
108367,ativo,tiny-seller,169,1899,695,1982,4,11,nao,sim,nao
108368,ativo,no-seller,361,362,0,0,0,0,nao,nao,nao
108369,ativo,no-seller,65,371,0,0,0,0,sim,nao,nao
108370,trial,no-seller,658,1656,0,0,0,0,nao,nao,nao
108371,ativo,struggling-seller,0,39,106,305,1,3,sim,nao,nao
108372,ativo,small-seller,415,2646,13407,32200,52,117,nao,nao,nao
108373,ativo,no-seller,437,1419,0,0,0,0,nao,nao,nao
108374,ativo,struggling-seller,501,2688,288,921,2,6,sim,nao,nao
108375,ativo,no-seller,41,147,0,0,0,0,nao,nao,nao
108376,ativo,tiny-seller,139,243,758,2980,3,11,nao,nao,nao
108377,ativo,no-seller,139,246,0,0,0,0,nao,nao,nao
108378,ativo,no-seller,21,31,0,0,0,0,nao,sim,nao
108379,ativo,medium-seller,48,67,49954,115534,141,351,nao,nao,nao
108380,ativo,no-seller,276,2785,0,0,0,0,nao,nao,sim
108381,ativo,struggling-seller,38,157,0,154,0,1,nao,nao,nao
108382,ativo,no-seller,42,1091,0,0,0,0,nao,nao,sim
108383,ativo,tiny-seller,83,118,1119,2890,7,18,nao,nao,nao
108384,ativo,struggling-seller,177,2845,225,962,1,4,sim,nao,nao
108385,ativo,tiny-seller,203,2532,1606,3886,11,29,sim,nao,nao
108386,ativo,small-seller,84,375,17872,63065,44,147,nao,nao,nao
108387,ativo,no-seller,111,139,0,0,0,0,nao,nao,nao
108388,ativo,no-seller,132,2754,0,0,0,0,nao,nao,nao
108389,churnado,no-seller,750,1277,0,0,0,0,nao,nao,nao
108390,ativo,no-seller,1,349,0,0,0,0,nao,nao,nao
108391,ativo,struggling-seller,179,257,0,83,0,1,sim,nao,sim
108392,ativo,struggling-seller,84,292,315,941,2,6,nao,nao,nao
108393,ativo,no-seller,423,3455,0,0,0,0,nao,nao,nao
108394,ativo,struggling-seller,681,1052,82,427,1,5,nao,nao,nao
108395,ativo,large-seller,729,1453,246552,732202,414,1289,nao,nao,sim
108396,ativo,medium-seller,285,557,86513,189456,144,341,sim,nao,nao
108397,ativo,no-seller,551,2169,0,0,0,0,nao,nao,nao
108398,ativo,struggling-seller,31,107,264,521,3,6,nao,nao,nao
108399,ativo,no-seller,715,1146,0,0,0,0,nao,nao,nao
108400,ativo,struggling-seller,159,873,0,148,0,1,nao,nao,nao
108401,ativo,struggling-seller,2,177,514,1020,2,4,sim,nao,nao
108402,ativo,small-seller,723,1043,11895,42482,27,103,nao,nao,nao
108403,ativo,no-seller,37,769,0,0,0,0,nao,nao,nao
108404,ativo,no-seller,39,63,0,0,0,0,nao,nao,nao
108405,ativo,no-seller,63,73,0,0,0,0,nao,nao,nao
108406,ativo,tiny-seller,251,368,1164,3013,7,19,nao,nao,nao
108407,ativo,struggling-seller,546,1527,163,517,1,3,nao,nao,nao
108408,ativo,no-seller,208,2212,0,0,0,0,nao,nao,nao
108409,ativo,small-seller,289,304,9003,20834,41,104,sim,nao,nao
108410,ativo,small-seller,14,54,8284,24589,27,83,nao,nao,sim
108411,ativo,no-seller,14,51,0,0,0,0,nao,nao,nao
108412,ativo,no-seller,95,2206,0,0,0,0,nao,nao,nao
108413,ativo,struggling-seller,416,2725,0,202,0,1,nao,nao,nao
108414,ativo,struggling-seller,381,498,161,351,1,2,nao,nao,nao
108415,ativo,tiny-seller,162,314,1550,5535,5,19,nao,nao,nao
108416,ativo,small-seller,368,2004,13997,36877,31,86,nao,nao,nao
108417,trial,no-seller,755,2209,0,0,0,0,nao,nao,nao
108418,ativo,tiny-seller,48,550,1509,4175,4,12,nao,nao,nao
108419,ativo,struggling-seller,79,362,0,151,0,1,nao,nao,nao
108420,ativo,no-seller,160,423,0,0,0,0,nao,nao,nao
108421,ativo,small-seller,761,1683,5186,19128,24,85,nao,nao,nao
108422,ativo,tiny-seller,325,2561,1887,5924,5,17,nao,nao,nao
108423,ativo,no-seller,128,440,0,0,0,0,sim,nao,nao
108424,churnado,tiny-seller,121,325,1900,6251,6,20,nao,nao,nao
108425,ativo,no-seller,306,1563,0,0,0,0,nao,nao,nao
108426,ativo,struggling-seller,65,105,99,212,1,2,nao,nao,nao
108427,ativo,small-seller,47,55,25945,70979,56,149,sim,nao,sim
108428,ativo,no-seller,1,162,0,0,0,0,nao,nao,nao
108429,ativo,no-seller,649,946,0,0,0,0,nao,nao,nao
108430,ativo,small-seller,59,101,14848,31663,32,75,sim,nao,nao
108431,ativo,no-seller,16,42,0,0,0,0,nao,nao,nao
108432,ativo,tiny-seller,90,651,1803,4463,8,19,nao,sim,nao
108433,ativo,no-seller,101,245,0,0,0,0,nao,sim,nao
108434,ativo,no-seller,112,937,0,0,0,0,nao,nao,nao
108435,ativo,struggling-seller,152,1946,178,513,1,3,nao,nao,nao
108436,ativo,struggling-seller,37,396,308,988,2,6,nao,nao,nao
108437,ativo,struggling-seller,536,2975,148,407,1,3,nao,nao,nao
108438,ativo,no-seller,72,261,0,0,0,0,nao,nao,nao
108439,ativo,no-seller,22,203,0,0,0,0,sim,nao,nao
108440,ativo,no-seller,36,241,0,0,0,0,nao,nao,nao
108441,ativo,no-seller,438,724,0,0,0,0,nao,nao,nao
108442,ativo,struggling-seller,584,1648,249,707,2,6,nao,nao,nao
108443,ativo,medium-seller,285,653,69900,211625,98,326,nao,nao,nao
108444,ativo,no-seller,230,512,0,0,0,0,nao,nao,nao
108445,ativo,no-seller,765,2527,0,0,0,0,nao,nao,nao
108446,ativo,tiny-seller,50,650,4165,10820,11,29,nao,nao,nao
108447,ativo,no-seller,115,1495,0,0,0,0,nao,nao,sim
108448,ativo,no-seller,87,337,0,0,0,0,nao,nao,nao
108449,ativo,tiny-seller,600,738,1957,5229,5,13,sim,sim,nao
108450,ativo,no-seller,529,1352,0,0,0,0,nao,nao,nao
108451,ativo,struggling-seller,49,130,0,186,0,1,sim,sim,nao
108452,ativo,tiny-seller,161,736,2711,8947,8,29,nao,nao,nao
108453,ativo,no-seller,294,417,0,0,0,0,nao,sim,nao
108454,ativo,small-seller,84,204,14670,31819,48,114,nao,nao,nao
108455,ativo,no-seller,518,3327,0,0,0,0,nao,nao,sim
108456,ativo,struggling-seller,423,470,198,925,1,5,sim,nao,nao
108457,ativo,struggling-seller,285,1367,0,209,0,1,nao,nao,nao
108458,trial,struggling-seller,105,129,210,435,1,2,sim,nao,nao
108459,ativo,small-seller,16,30,16258,43601,41,120,nao,nao,nao
108460,ativo,no-seller,203,1613,0,0,0,0,nao,nao,nao
108461,ativo,tiny-seller,166,1254,995,4038,3,12,sim,nao,nao
108462,ativo,no-seller,10,30,0,0,0,0,nao,nao,nao
108463,ativo,medium-seller,502,2362,55818,189611,140,492,sim,nao,nao
108464,ativo,struggling-seller,19,143,89,195,1,2,nao,nao,nao
108465,ativo,struggling-seller,246,496,165,819,1,5,nao,nao,nao
108466,ativo,struggling-seller,50,518,219,728,2,6,nao,nao,nao
108467,ativo,no-seller,117,209,0,0,0,0,sim,nao,nao
108468,ativo,struggling-seller,41,56,158,335,1,2,nao,nao,sim
108469,ativo,no-seller,38,136,0,0,0,0,nao,nao,nao
108470,ativo,tiny-seller,22,475,730,1749,5,12,sim,nao,sim
108471,ativo,tiny-seller,95,1149,2374,4974,7,15,nao,nao,nao
108472,ativo,no-seller,410,2559,0,0,0,0,sim,nao,nao
108473,ativo,no-seller,65,1068,0,0,0,0,nao,sim,sim
108474,ativo,tiny-seller,297,3076,2221,7788,8,26,nao,nao,nao
108475,ativo,no-seller,543,3422,0,0,0,0,nao,nao,nao
108476,ativo,no-seller,5,39,0,0,0,0,nao,nao,nao
108477,ativo,struggling-seller,314,354,183,507,1,3,nao,sim,nao
108478,ativo,struggling-seller,82,118,248,799,1,3,nao,sim,nao
108479,ativo,struggling-seller,522,579,97,315,1,3,nao,sim,nao
108480,ativo,no-seller,102,952,0,0,0,0,nao,nao,nao
108481,ativo,small-seller,229,415,5427,12751,14,35,nao,nao,nao
108482,ativo,tiny-seller,293,789,1373,5450,6,23,nao,sim,sim
108483,ativo,medium-seller,458,1701,98891,302229,258,725,sim,nao,sim
108484,ativo,tiny-seller,13,54,1071,2636,7,17,nao,nao,nao
108485,ativo,tiny-seller,20,39,1690,4647,9,26,nao,nao,nao
108486,ativo,no-seller,141,145,0,0,0,0,nao,nao,nao
108487,ativo,no-seller,105,2242,0,0,0,0,nao,nao,nao
108488,ativo,struggling-seller,661,2624,0,197,0,1,sim,nao,nao
108489,ativo,no-seller,18,68,0,0,0,0,nao,nao,nao
108490,ativo,medium-seller,77,282,111038,357414,193,646,nao,nao,nao
108491,ativo,struggling-seller,161,2432,407,1091,2,5,nao,nao,nao
108492,ativo,no-seller,291,381,0,0,0,0,nao,nao,nao
108493,ativo,struggling-seller,419,610,132,408,1,3,nao,nao,nao
108494,ativo,no-seller,172,507,0,0,0,0,sim,nao,nao
108495,ativo,tiny-seller,246,604,3613,8739,9,23,nao,nao,nao
108496,ativo,struggling-seller,252,401,235,620,2,5,sim,nao,nao
108497,ativo,tiny-seller,107,1500,876,2063,4,10,nao,nao,nao
108498,ativo,no-seller,79,204,0,0,0,0,nao,nao,nao
108499,ativo,no-seller,90,1086,0,0,0,0,nao,nao,nao
108500,ativo,struggling-seller,149,3105,439,1074,2,5,nao,sim,nao
108501,churnado,struggling-seller,53,96,438,1111,2,5,nao,sim,nao
108502,ativo,tiny-seller,55,88,1448,3971,8,22,nao,nao,nao
108503,ativo,no-seller,361,1585,0,0,0,0,nao,nao,nao
108504,ativo,no-seller,23,39,0,0,0,0,nao,nao,nao
108505,ativo,no-seller,701,2459,0,0,0,0,nao,nao,nao
108506,ativo,medium-seller,476,1988,66595,231874,194,696,nao,nao,nao
108507,ativo,no-seller,311,753,0,0,0,0,sim,nao,nao
108508,ativo,struggling-seller,172,788,280,781,1,3,nao,nao,nao
108509,ativo,tiny-seller,796,2440,1194,3808,3,9,nao,sim,nao
108510,churnado,no-seller,56,1436,0,0,0,0,sim,nao,nao
108511,ativo,no-seller,44,91,0,0,0,0,nao,nao,nao
108512,cancelado,no-seller,234,1305,0,0,0,0,nao,nao,nao
108513,ativo,struggling-seller,24,33,463,1275,2,6,nao,nao,nao
108514,ativo,no-seller,497,1030,0,0,0,0,sim,sim,nao
108515,ativo,tiny-seller,71,84,1975,6872,6,20,nao,nao,nao
108516,ativo,small-seller,271,646,12259,42530,45,147,nao,nao,nao
108517,ativo,no-seller,128,3364,0,0,0,0,nao,nao,nao
108518,ativo,no-seller,500,611,0,0,0,0,nao,sim,nao
108519,ativo,small-seller,52,159,12462,35385,30,86,nao,nao,nao
108520,cancelado,struggling-seller,107,291,0,92,0,1,nao,nao,nao
108521,ativo,no-seller,59,63,0,0,0,0,nao,nao,nao
108522,ativo,tiny-seller,179,3160,1375,3587,5,13,nao,nao,sim
108523,ativo,no-seller,107,1781,0,0,0,0,sim,nao,nao
108524,trial,struggling-seller,127,152,0,211,0,1,nao,nao,nao
108525,ativo,medium-seller,113,171,78266,246174,204,591,nao,nao,nao
108526,churnado,medium-seller,287,497,42401,133989,92,296,nao,nao,nao
108527,ativo,struggling-seller,305,848,284,873,2,6,nao,nao,sim
108528,ativo,no-seller,102,889,0,0,0,0,sim,nao,nao
108529,ativo,no-seller,237,1724,0,0,0,0,nao,nao,nao
108530,ativo,struggling-seller,256,2728,0,182,0,1,sim,nao,nao
108531,ativo,no-seller,505,857,0,0,0,0,nao,nao,nao
108532,ativo,no-seller,241,1555,0,0,0,0,nao,nao,nao
108533,ativo,no-seller,16,149,0,0,0,0,sim,nao,nao
108534,ativo,no-seller,6,404,0,0,0,0,nao,nao,sim
108535,ativo,struggling-seller,758,2399,315,814,2,5,nao,nao,nao
108536,ativo,struggling-seller,102,105,214,635,2,6,nao,nao,nao
108537,ativo,no-seller,8,92,0,0,0,0,sim,nao,nao
108538,ativo,struggling-seller,357,2367,338,924,2,6,nao,nao,nao
108539,ativo,small-seller,355,1034,8653,30221,25,86,nao,nao,nao
108540,ativo,no-seller,14,31,0,0,0,0,nao,nao,nao
108541,ativo,medium-seller,52,112,102060,253905,202,537,nao,nao,nao
108542,ativo,tiny-seller,226,993,2033,4254,10,22,sim,nao,nao
108543,ativo,medium-seller,77,86,103060,252148,213,528,nao,nao,nao
108544,ativo,struggling-seller,13,217,0,213,0,1,sim,nao,nao
108545,ativo,tiny-seller,110,325,2836,7088,9,21,nao,nao,nao
108546,ativo,no-seller,194,382,0,0,0,0,nao,nao,sim
108547,ativo,struggling-seller,43,239,248,462,1,2,nao,nao,nao
108548,ativo,large-seller,76,2854,219977,632338,451,1217,nao,sim,nao
108549,ativo,small-seller,668,1831,4633,10670,15,34,nao,nao,nao
108550,ativo,medium-seller,20,94,104603,250456,208,504,nao,nao,nao
108551,ativo,no-seller,80,120,0,0,0,0,nao,nao,nao
108552,ativo,no-seller,29,50,0,0,0,0,nao,nao,sim
108553,ativo,struggling-seller,80,2980,193,597,1,3,nao,nao,nao
108554,churnado,small-seller,163,1977,12394,48828,31,121,nao,nao,nao
108555,ativo,no-seller,625,803,0,0,0,0,nao,nao,nao
108556,ativo,no-seller,512,1599,0,0,0,0,nao,nao,nao
108557,ativo,struggling-seller,370,1895,114,348,1,3,nao,nao,nao
108558,ativo,struggling-seller,171,223,0,114,0,1,nao,nao,nao
108559,ativo,no-seller,49,86,0,0,0,0,nao,nao,nao
108560,ativo,no-seller,195,384,0,0,0,0,nao,nao,nao
108561,ativo,struggling-seller,257,2233,198,634,1,3,nao,nao,nao
108562,ativo,struggling-seller,579,1343,223,466,1,2,nao,nao,nao
108563,ativo,no-seller,45,143,0,0,0,0,nao,nao,nao
108564,ativo,struggling-seller,359,1032,278,681,2,5,sim,nao,nao
108565,trial,no-seller,93,353,0,0,0,0,sim,nao,nao
108566,ativo,struggling-seller,339,838,0,215,0,1,nao,nao,nao
108567,ativo,no-seller,6,1253,0,0,0,0,nao,nao,nao
108568,ativo,struggling-seller,437,2320,0,94,0,1,nao,nao,nao
108569,ativo,no-seller,12,107,0,0,0,0,nao,sim,nao
108570,ativo,no-seller,212,616,0,0,0,0,nao,nao,nao
108571,ativo,struggling-seller,224,3323,140,269,1,2,nao,nao,nao
108572,ativo,struggling-seller,210,277,0,161,0,1,nao,nao,nao
108573,ativo,struggling-seller,192,227,237,648,2,5,nao,nao,nao
108574,ativo,struggling-seller,20,179,193,763,1,4,nao,nao,nao
108575,ativo,no-seller,45,408,0,0,0,0,nao,nao,nao
108576,ativo,no-seller,3,36,0,0,0,0,nao,nao,nao
108577,ativo,no-seller,651,3291,0,0,0,0,nao,nao,sim
108578,ativo,struggling-seller,497,1884,181,590,1,3,nao,nao,nao
108579,churnado,no-seller,18,358,0,0,0,0,nao,nao,nao
108580,ativo,no-seller,184,2331,0,0,0,0,nao,nao,nao
108581,ativo,no-seller,113,1270,0,0,0,0,nao,sim,nao
108582,churnado,small-seller,440,3020,15571,40476,41,104,nao,nao,nao
108583,ativo,no-seller,184,266,0,0,0,0,sim,nao,sim
108584,trial,tiny-seller,555,1505,761,2205,5,14,nao,nao,nao
108585,ativo,no-seller,207,3299,0,0,0,0,sim,sim,nao
108586,ativo,struggling-seller,64,70,123,406,1,3,sim,nao,nao
108587,ativo,large-seller,55,66,210091,563281,295,761,nao,nao,nao
108588,ativo,no-seller,30,67,0,0,0,0,nao,nao,sim
108589,ativo,no-seller,340,1302,0,0,0,0,sim,nao,nao
108590,ativo,no-seller,460,639,0,0,0,0,nao,nao,nao
108591,ativo,struggling-seller,404,494,0,126,0,1,nao,nao,nao
108592,ativo,struggling-seller,382,538,170,344,2,4,nao,nao,nao
108593,ativo,struggling-seller,464,532,188,795,1,4,nao,nao,nao
108594,churnado,medium-seller,738,2033,101871,271513,272,716,nao,nao,nao
108595,ativo,struggling-seller,407,1658,0,188,0,1,sim,nao,nao
108596,ativo,no-seller,114,209,0,0,0,0,nao,nao,sim
108597,ativo,tiny-seller,450,1664,1635,3908,10,26,nao,sim,nao
108598,ativo,struggling-seller,87,1469,0,146,0,1,sim,nao,nao
108599,ativo,no-seller,49,317,0,0,0,0,nao,nao,nao
108600,ativo,struggling-seller,75,99,167,527,1,3,sim,nao,nao
108601,trial,no-seller,454,793,0,0,0,0,nao,sim,nao
108602,trial,no-seller,301,1205,0,0,0,0,sim,nao,nao
108603,ativo,no-seller,98,943,0,0,0,0,sim,nao,nao
108604,ativo,no-seller,113,130,0,0,0,0,nao,sim,nao
108605,ativo,no-seller,93,93,0,0,0,0,nao,nao,nao
108606,ativo,no-seller,361,431,0,0,0,0,sim,nao,nao
108607,ativo,no-seller,713,2343,0,0,0,0,sim,nao,nao
108608,ativo,no-seller,454,1378,0,0,0,0,nao,nao,sim
108609,ativo,no-seller,509,1276,0,0,0,0,nao,nao,nao
108610,ativo,no-seller,489,1617,0,0,0,0,nao,nao,nao
108611,ativo,struggling-seller,675,2982,222,624,1,3,nao,nao,nao
108612,ativo,no-seller,554,1095,0,0,0,0,nao,nao,nao
108613,ativo,struggling-seller,282,1258,541,1175,3,6,sim,nao,nao
108614,ativo,no-seller,21,49,0,0,0,0,nao,nao,sim
108615,churnado,struggling-seller,6,179,0,159,0,1,nao,nao,nao
108616,ativo,struggling-seller,576,1625,212,392,1,2,nao,sim,nao
108617,ativo,no-seller,219,1133,0,0,0,0,nao,nao,nao
108618,ativo,no-seller,353,946,0,0,0,0,sim,nao,nao
108619,trial,no-seller,351,2737,0,0,0,0,nao,nao,nao
108620,ativo,no-seller,594,1553,0,0,0,0,nao,sim,nao
108621,ativo,no-seller,488,1624,0,0,0,0,nao,nao,nao
108622,ativo,no-seller,5,166,0,0,0,0,nao,nao,nao
108623,ativo,no-seller,222,2714,0,0,0,0,nao,nao,nao
108624,ativo,no-seller,15,135,0,0,0,0,nao,nao,nao
108625,ativo,struggling-seller,2,242,168,557,1,3,nao,nao,sim
108626,ativo,no-seller,51,64,0,0,0,0,nao,nao,nao
108627,ativo,tiny-seller,183,211,1737,4407,10,25,nao,nao,nao
108628,ativo,small-seller,66,524,13082,40876,43,127,nao,nao,nao
108629,ativo,struggling-seller,507,3462,236,778,2,6,nao,sim,nao
108630,ativo,no-seller,61,129,0,0,0,0,nao,nao,nao
108631,ativo,struggling-seller,36,88,243,558,2,5,nao,nao,nao
108632,trial,tiny-seller,221,850,2194,6997,8,25,nao,nao,nao
108633,ativo,no-seller,147,2419,0,0,0,0,nao,nao,sim
108634,ativo,struggling-seller,224,1915,436,1167,2,5,nao,nao,nao
108635,ativo,no-seller,15,120,0,0,0,0,nao,nao,nao
108636,ativo,no-seller,29,1761,0,0,0,0,nao,nao,nao
108637,ativo,no-seller,247,2725,0,0,0,0,nao,nao,nao
108638,ativo,struggling-seller,85,482,215,792,1,4,nao,nao,nao
108639,churnado,no-seller,265,1994,0,0,0,0,nao,nao,nao
108640,ativo,no-seller,196,278,0,0,0,0,nao,nao,nao
108641,ativo,small-seller,16,137,3856,15963,9,35,nao,nao,nao
108642,ativo,no-seller,66,256,0,0,0,0,sim,nao,nao
108643,churnado,struggling-seller,41,50,169,329,1,2,nao,nao,nao
108644,ativo,small-seller,405,601,7788,23870,16,46,nao,nao,sim
108645,ativo,no-seller,558,1081,0,0,0,0,nao,nao,nao
108646,ativo,no-seller,65,95,0,0,0,0,nao,sim,nao
108647,churnado,no-seller,232,1054,0,0,0,0,sim,nao,nao
108648,trial,no-seller,793,1444,0,0,0,0,nao,nao,nao
108649,ativo,tiny-seller,160,3068,1372,2681,4,8,nao,nao,sim
108650,ativo,no-seller,303,967,0,0,0,0,nao,nao,nao
108651,ativo,tiny-seller,140,332,424,1452,2,7,nao,nao,nao
108652,ativo,struggling-seller,334,486,188,886,1,5,sim,sim,nao
108653,ativo,tiny-seller,527,2772,701,2011,4,12,nao,nao,nao
108654,ativo,no-seller,635,958,0,0,0,0,nao,nao,sim
108655,ativo,no-seller,68,81,0,0,0,0,sim,nao,nao
108656,ativo,no-seller,191,381,0,0,0,0,sim,nao,nao
108657,ativo,no-seller,36,78,0,0,0,0,sim,nao,nao
108658,ativo,no-seller,121,606,0,0,0,0,sim,nao,nao
108659,ativo,no-seller,116,816,0,0,0,0,nao,nao,nao
108660,ativo,no-seller,750,1860,0,0,0,0,nao,nao,nao
108661,ativo,medium-seller,483,851,53358,143909,103,275,nao,nao,nao
108662,ativo,tiny-seller,398,1608,3473,8034,10,23,nao,nao,nao
108663,ativo,struggling-seller,486,2176,119,233,1,2,nao,sim,nao
108664,ativo,no-seller,1,41,0,0,0,0,sim,sim,nao
108665,ativo,tiny-seller,59,1131,1494,4549,6,17,nao,nao,nao
108666,ativo,no-seller,59,556,0,0,0,0,nao,nao,nao
108667,ativo,tiny-seller,571,772,3322,6776,11,24,nao,nao,nao
108668,ativo,struggling-seller,284,570,0,231,0,1,sim,nao,nao
108669,ativo,small-seller,228,340,6212,18090,16,50,nao,nao,nao
108670,churnado,tiny-seller,501,1974,1780,4411,7,16,nao,nao,nao
108671,ativo,no-seller,358,1716,0,0,0,0,nao,nao,nao
108672,ativo,no-seller,431,830,0,0,0,0,nao,nao,nao
108673,ativo,no-seller,53,82,0,0,0,0,nao,nao,nao
108674,ativo,no-seller,276,310,0,0,0,0,sim,nao,nao
108675,ativo,large-seller,33,51,291736,631944,477,1128,nao,nao,sim
108676,ativo,medium-seller,167,197,95691,218573,171,409,nao,nao,nao
108677,ativo,tiny-seller,258,417,2819,6842,12,28,nao,nao,nao
108678,trial,no-seller,84,115,0,0,0,0,nao,nao,nao
108679,ativo,no-seller,565,1191,0,0,0,0,sim,nao,nao
108680,ativo,tiny-seller,1,45,973,3502,5,18,sim,nao,nao
108681,ativo,struggling-seller,15,82,119,225,1,2,nao,sim,nao
108682,ativo,no-seller,84,229,0,0,0,0,nao,nao,nao
108683,ativo,no-seller,212,518,0,0,0,0,nao,nao,nao
108684,ativo,tiny-seller,25,30,3385,9327,10,28,nao,nao,nao
108685,ativo,no-seller,83,120,0,0,0,0,nao,nao,sim
108686,ativo,tiny-seller,307,325,1246,2630,7,16,nao,nao,nao
108687,ativo,no-seller,174,1819,0,0,0,0,nao,nao,nao
108688,ativo,struggling-seller,517,537,178,503,1,3,nao,nao,nao
108689,ativo,struggling-seller,119,361,0,192,0,1,nao,nao,nao
108690,ativo,tiny-seller,99,120,1274,4707,7,25,nao,nao,nao
108691,churnado,small-seller,623,1720,3915,13551,15,55,nao,sim,nao
108692,ativo,no-seller,10,75,0,0,0,0,sim,nao,nao
108693,ativo,no-seller,218,262,0,0,0,0,nao,nao,sim
108694,ativo,no-seller,120,3156,0,0,0,0,sim,nao,nao
108695,ativo,struggling-seller,741,1363,311,894,2,6,nao,nao,nao
108696,ativo,tiny-seller,48,259,873,1982,5,12,nao,nao,nao
108697,ativo,no-seller,653,958,0,0,0,0,sim,nao,nao
108698,ativo,struggling-seller,197,1552,149,483,1,3,nao,nao,sim
108699,ativo,no-seller,76,97,0,0,0,0,nao,nao,nao
108700,ativo,struggling-seller,43,369,0,118,0,1,nao,nao,nao
108701,ativo,no-seller,588,1782,0,0,0,0,nao,nao,nao
108702,ativo,no-seller,34,426,0,0,0,0,nao,nao,nao
108703,trial,tiny-seller,46,74,367,1224,2,7,sim,nao,nao
108704,ativo,tiny-seller,709,1808,1128,2771,7,16,nao,nao,nao
108705,ativo,no-seller,42,68,0,0,0,0,nao,nao,nao
108706,ativo,no-seller,19,316,0,0,0,0,nao,nao,nao
108707,cancelado,struggling-seller,766,956,111,310,1,3,nao,nao,nao
108708,ativo,no-seller,617,1728,0,0,0,0,nao,nao,nao
108709,ativo,tiny-seller,169,1395,1038,2759,7,18,nao,nao,nao
108710,ativo,no-seller,29,53,0,0,0,0,nao,nao,nao
108711,ativo,struggling-seller,65,383,123,226,1,2,nao,nao,nao
108712,ativo,small-seller,41,164,6430,14540,15,34,nao,nao,nao
108713,ativo,struggling-seller,41,60,0,117,0,1,sim,nao,nao
108714,ativo,struggling-seller,788,2606,135,436,1,3,sim,nao,nao
108715,ativo,no-seller,198,325,0,0,0,0,nao,nao,nao
108716,ativo,no-seller,28,119,0,0,0,0,nao,nao,nao
108717,ativo,struggling-seller,345,2072,428,1008,2,5,sim,nao,nao
108718,trial,no-seller,495,1163,0,0,0,0,nao,nao,nao
108719,ativo,tiny-seller,142,2902,1872,6492,8,29,nao,nao,nao
108720,ativo,small-seller,64,503,8514,19131,32,72,nao,nao,nao
108721,ativo,struggling-seller,755,2107,577,1279,3,6,sim,nao,nao
108722,churnado,no-seller,70,2600,0,0,0,0,nao,nao,nao
108723,ativo,no-seller,145,3032,0,0,0,0,nao,nao,nao
108724,ativo,struggling-seller,730,1890,427,833,2,4,nao,sim,nao
108725,ativo,no-seller,767,2606,0,0,0,0,nao,nao,sim
108726,ativo,struggling-seller,366,1909,483,1596,2,6,nao,nao,nao
108727,ativo,small-seller,313,334,11581,28219,33,86,nao,nao,sim
108728,ativo,no-seller,171,2956,0,0,0,0,sim,nao,nao
108729,ativo,no-seller,142,1315,0,0,0,0,sim,nao,nao
108730,ativo,no-seller,129,615,0,0,0,0,sim,nao,nao
108731,ativo,no-seller,572,2224,0,0,0,0,sim,nao,nao
108732,ativo,no-seller,451,624,0,0,0,0,nao,nao,nao
108733,ativo,no-seller,454,507,0,0,0,0,nao,nao,nao
108734,ativo,struggling-seller,420,878,234,595,2,5,nao,nao,nao
108735,churnado,struggling-seller,31,551,221,958,1,4,nao,nao,nao
108736,ativo,small-seller,74,255,11206,27030,23,59,nao,nao,sim
108737,ativo,medium-seller,211,619,107190,240279,188,457,sim,nao,nao
108738,ativo,no-seller,66,146,0,0,0,0,nao,nao,nao
108739,ativo,tiny-seller,303,1270,1903,4840,6,15,nao,nao,nao
108740,ativo,no-seller,388,1312,0,0,0,0,sim,sim,nao
108741,ativo,tiny-seller,264,586,1123,3191,7,21,sim,nao,nao
108742,ativo,no-seller,227,243,0,0,0,0,nao,nao,nao
108743,ativo,no-seller,151,226,0,0,0,0,nao,nao,nao
108744,ativo,struggling-seller,144,166,163,352,1,2,sim,nao,nao
108745,ativo,struggling-seller,33,474,82,360,1,4,nao,nao,nao
108746,ativo,struggling-seller,137,811,519,1181,2,5,nao,nao,sim
108747,ativo,no-seller,22,132,0,0,0,0,nao,nao,nao
108748,ativo,no-seller,30,53,0,0,0,0,nao,sim,nao
108749,ativo,no-seller,30,34,0,0,0,0,nao,nao,nao
108750,churnado,no-seller,237,340,0,0,0,0,sim,nao,nao
108751,ativo,no-seller,71,431,0,0,0,0,nao,nao,nao
108752,ativo,no-seller,415,1349,0,0,0,0,nao,nao,nao
108753,ativo,no-seller,99,126,0,0,0,0,nao,nao,nao
108754,ativo,struggling-seller,763,1048,238,695,1,3,nao,nao,nao
108755,ativo,no-seller,200,258,0,0,0,0,nao,sim,nao
108756,ativo,no-seller,47,86,0,0,0,0,nao,nao,nao
108757,ativo,tiny-seller,11,210,2365,5374,11,25,nao,nao,sim
108758,cancelado,tiny-seller,46,1988,1350,3879,7,21,nao,nao,nao
108759,ativo,no-seller,395,957,0,0,0,0,sim,nao,nao
108760,ativo,medium-seller,33,33,45818,132951,117,322,nao,sim,nao
108761,ativo,struggling-seller,118,224,198,570,1,3,nao,sim,nao
108762,ativo,no-seller,226,3386,0,0,0,0,nao,nao,sim
108763,ativo,no-seller,548,657,0,0,0,0,sim,nao,nao
108764,ativo,no-seller,26,37,0,0,0,0,nao,nao,nao
108765,ativo,no-seller,149,402,0,0,0,0,nao,nao,nao
108766,ativo,struggling-seller,7,446,211,651,2,6,nao,nao,sim
108767,ativo,no-seller,92,339,0,0,0,0,nao,sim,nao
108768,churnado,no-seller,83,87,0,0,0,0,nao,sim,nao
108769,ativo,no-seller,77,81,0,0,0,0,sim,nao,nao
108770,ativo,tiny-seller,51,532,2199,6232,7,20,sim,sim,nao
108771,ativo,no-seller,29,33,0,0,0,0,sim,sim,nao
108772,cancelado,struggling-seller,16,178,282,902,2,6,sim,sim,nao
108773,ativo,medium-seller,554,3141,161445,448606,242,729,nao,nao,nao
108774,ativo,no-seller,159,1974,0,0,0,0,nao,nao,nao
108775,ativo,struggling-seller,2,214,743,1588,3,6,nao,nao,nao
108776,ativo,struggling-seller,96,853,292,958,2,6,nao,nao,nao
108777,ativo,no-seller,43,115,0,0,0,0,nao,nao,nao
108778,ativo,no-seller,254,366,0,0,0,0,nao,nao,nao
108779,ativo,tiny-seller,320,1073,1038,3454,7,22,nao,nao,nao
108780,churnado,no-seller,258,376,0,0,0,0,sim,nao,nao
108781,ativo,struggling-seller,2,341,119,511,1,4,nao,nao,nao
108782,ativo,no-seller,626,893,0,0,0,0,nao,nao,nao
108783,ativo,no-seller,134,285,0,0,0,0,nao,nao,nao
108784,ativo,struggling-seller,104,207,214,420,1,2,nao,nao,nao
108785,ativo,tiny-seller,141,232,2048,4676,8,19,sim,nao,nao
108786,ativo,struggling-seller,1,40,184,512,1,3,sim,nao,nao
108787,ativo,struggling-seller,227,707,530,1005,2,4,nao,nao,nao
108788,ativo,no-seller,216,683,0,0,0,0,nao,sim,nao
108789,ativo,no-seller,41,115,0,0,0,0,sim,nao,nao
108790,ativo,no-seller,29,51,0,0,0,0,nao,nao,nao
108791,cancelado,struggling-seller,120,170,452,1032,2,5,nao,nao,nao
108792,ativo,small-seller,148,232,14269,31659,39,91,sim,nao,nao
108793,ativo,no-seller,183,1064,0,0,0,0,nao,nao,nao
108794,ativo,tiny-seller,68,101,3329,7903,9,22,nao,nao,nao
108795,ativo,struggling-seller,160,2857,327,717,3,6,nao,nao,nao
108796,ativo,struggling-seller,142,927,0,236,0,1,sim,nao,nao
108797,ativo,tiny-seller,334,537,800,1975,3,7,nao,nao,nao
108798,ativo,no-seller,188,317,0,0,0,0,nao,nao,nao
108799,ativo,tiny-seller,729,811,3815,7838,12,27,nao,nao,nao
108800,ativo,no-seller,661,723,0,0,0,0,nao,nao,nao
108801,ativo,small-seller,153,153,13584,50796,37,140,nao,nao,sim
108802,ativo,tiny-seller,5,428,1664,6961,5,19,sim,sim,nao
108803,ativo,small-seller,81,1920,7966,17826,23,55,nao,nao,nao
108804,ativo,struggling-seller,32,196,231,732,1,3,nao,nao,sim
108805,ativo,small-seller,119,188,8236,35299,26,101,nao,nao,nao
108806,ativo,no-seller,349,426,0,0,0,0,nao,nao,nao
108807,ativo,no-seller,359,3100,0,0,0,0,nao,nao,nao
108808,ativo,struggling-seller,29,55,229,693,1,3,nao,nao,sim
108809,cancelado,tiny-seller,365,1539,2306,5960,12,30,sim,sim,nao
108810,ativo,no-seller,219,3148,0,0,0,0,nao,nao,sim
108811,trial,struggling-seller,493,1568,0,194,0,1,nao,nao,nao
108812,ativo,struggling-seller,43,167,176,359,2,4,nao,nao,nao
108813,ativo,struggling-seller,73,95,417,968,2,5,nao,nao,nao
108814,ativo,no-seller,631,2754,0,0,0,0,nao,nao,nao
108815,ativo,no-seller,11,31,0,0,0,0,nao,nao,nao
108816,ativo,no-seller,3,144,0,0,0,0,nao,nao,nao
108817,ativo,no-seller,92,779,0,0,0,0,nao,nao,nao
108818,ativo,struggling-seller,755,3143,245,450,1,2,nao,nao,nao
108819,ativo,tiny-seller,492,2935,1065,3796,4,14,nao,nao,nao
108820,ativo,no-seller,28,51,0,0,0,0,nao,nao,nao
108821,ativo,no-seller,328,1140,0,0,0,0,sim,nao,nao
108822,ativo,struggling-seller,32,244,200,835,1,4,nao,nao,sim
108823,ativo,struggling-seller,163,761,134,587,1,4,nao,nao,nao
108824,ativo,struggling-seller,0,79,267,808,2,6,nao,nao,nao
108825,ativo,no-seller,111,283,0,0,0,0,nao,nao,nao
108826,ativo,struggling-seller,48,50,162,459,1,3,nao,nao,nao
108827,ativo,no-seller,418,1134,0,0,0,0,sim,nao,nao
108828,ativo,no-seller,1,106,0,0,0,0,nao,nao,nao
108829,ativo,tiny-seller,684,2694,2067,5898,9,25,nao,nao,nao
108830,ativo,no-seller,284,307,0,0,0,0,sim,nao,sim
108831,ativo,no-seller,34,50,0,0,0,0,sim,nao,sim
108832,ativo,struggling-seller,140,161,218,518,2,5,sim,nao,nao
108833,ativo,struggling-seller,91,128,292,806,1,3,nao,nao,nao
108834,ativo,struggling-seller,303,1048,124,268,1,2,sim,nao,nao
108835,ativo,no-seller,10,237,0,0,0,0,nao,sim,sim
108836,ativo,struggling-seller,35,128,417,1068,2,5,nao,nao,nao
108837,ativo,no-seller,11,713,0,0,0,0,nao,sim,nao
108838,cancelado,medium-seller,184,1924,33662,128126,58,206,nao,nao,nao
108839,ativo,tiny-seller,491,3319,738,1814,3,8,nao,nao,nao
108840,ativo,small-seller,289,323,5385,12104,17,38,sim,nao,nao
108841,ativo,struggling-seller,272,795,0,161,0,1,nao,nao,nao
108842,ativo,no-seller,35,2894,0,0,0,0,nao,nao,nao
108843,ativo,small-seller,82,119,3763,11124,15,46,nao,nao,nao
108844,ativo,no-seller,72,105,0,0,0,0,nao,nao,sim
108845,ativo,struggling-seller,369,968,175,488,1,3,nao,nao,nao
108846,ativo,no-seller,297,310,0,0,0,0,nao,nao,sim
108847,ativo,struggling-seller,258,946,120,375,1,3,nao,nao,nao
108848,ativo,no-seller,26,54,0,0,0,0,nao,nao,nao
108849,ativo,struggling-seller,236,611,217,598,1,3,nao,sim,nao
108850,ativo,no-seller,520,2146,0,0,0,0,nao,nao,nao
108851,ativo,struggling-seller,396,2241,107,214,1,2,nao,nao,nao
108852,ativo,no-seller,49,65,0,0,0,0,nao,nao,nao
108853,ativo,struggling-seller,89,2118,121,245,1,2,nao,nao,nao
108854,ativo,no-seller,349,611,0,0,0,0,nao,nao,nao
108855,ativo,struggling-seller,53,358,191,394,2,4,nao,nao,nao
108856,ativo,small-seller,43,874,23867,57693,57,142,nao,nao,nao
108857,ativo,small-seller,169,437,16994,42313,32,76,nao,nao,nao
108858,ativo,tiny-seller,154,237,914,2548,5,13,nao,nao,nao
108859,ativo,struggling-seller,32,379,90,165,1,2,sim,nao,nao
108860,ativo,struggling-seller,98,384,0,154,0,1,nao,nao,nao
108861,ativo,no-seller,12,113,0,0,0,0,nao,sim,nao
108862,ativo,no-seller,235,2000,0,0,0,0,sim,nao,nao
108863,cancelado,struggling-seller,217,520,264,483,1,2,nao,nao,nao
108864,ativo,no-seller,374,486,0,0,0,0,sim,sim,nao
108865,ativo,struggling-seller,258,3158,150,298,1,2,nao,nao,nao
108866,ativo,no-seller,770,2272,0,0,0,0,sim,nao,nao
108867,ativo,struggling-seller,118,200,71,225,1,3,nao,sim,nao
108868,ativo,no-seller,244,826,0,0,0,0,nao,nao,sim
108869,ativo,tiny-seller,241,1482,554,1334,3,7,sim,nao,sim
108870,ativo,no-seller,42,235,0,0,0,0,nao,nao,nao
108871,ativo,no-seller,31,65,0,0,0,0,nao,nao,nao
108872,ativo,struggling-seller,207,2425,0,264,0,1,nao,nao,nao
108873,ativo,no-seller,15,135,0,0,0,0,nao,nao,nao
108874,ativo,tiny-seller,568,1873,789,2181,5,14,nao,nao,nao
108875,ativo,no-seller,88,1042,0,0,0,0,nao,nao,nao
108876,ativo,struggling-seller,293,1697,226,655,1,3,nao,nao,nao
108877,ativo,no-seller,23,234,0,0,0,0,nao,nao,nao
108878,ativo,no-seller,2,113,0,0,0,0,nao,nao,nao
108879,ativo,small-seller,5,265,4663,20650,21,84,nao,nao,nao
108880,ativo,no-seller,63,177,0,0,0,0,nao,nao,nao
108881,ativo,struggling-seller,26,227,198,406,2,4,nao,nao,nao
108882,churnado,tiny-seller,16,1564,1347,3345,5,13,nao,nao,nao
108883,ativo,no-seller,493,1841,0,0,0,0,sim,nao,nao
108884,ativo,no-seller,64,69,0,0,0,0,nao,nao,nao
108885,ativo,no-seller,38,80,0,0,0,0,nao,nao,nao
108886,ativo,no-seller,216,1601,0,0,0,0,nao,sim,nao
108887,ativo,no-seller,304,531,0,0,0,0,nao,nao,nao
108888,ativo,no-seller,220,620,0,0,0,0,nao,nao,sim
108889,ativo,tiny-seller,22,233,2932,6695,9,21,nao,sim,nao
108890,ativo,no-seller,781,922,0,0,0,0,nao,nao,nao
108891,ativo,struggling-seller,741,1054,117,364,1,3,nao,nao,nao
108892,ativo,no-seller,389,2472,0,0,0,0,sim,nao,nao
108893,ativo,struggling-seller,468,586,99,317,1,3,sim,nao,nao
108894,ativo,no-seller,250,529,0,0,0,0,nao,nao,nao
108895,ativo,no-seller,29,491,0,0,0,0,nao,nao,nao
108896,ativo,struggling-seller,259,2147,253,926,1,4,sim,nao,nao
108897,ativo,no-seller,33,45,0,0,0,0,nao,nao,sim
108898,ativo,struggling-seller,44,80,121,387,1,3,nao,nao,nao
108899,ativo,small-seller,503,2762,15255,42563,43,116,nao,nao,nao
108900,churnado,tiny-seller,35,36,1256,4058,6,20,nao,nao,sim
108901,ativo,no-seller,305,524,0,0,0,0,nao,nao,nao
108902,ativo,no-seller,321,790,0,0,0,0,nao,sim,nao
108903,ativo,medium-seller,17,128,74248,259243,131,491,nao,nao,nao
108904,ativo,medium-seller,411,2838,67435,195450,209,641,nao,nao,nao
108905,ativo,no-seller,114,1317,0,0,0,0,nao,nao,nao
108906,ativo,no-seller,99,118,0,0,0,0,nao,nao,nao
108907,ativo,no-seller,13,64,0,0,0,0,nao,nao,nao
108908,churnado,no-seller,2,75,0,0,0,0,sim,sim,nao
108909,ativo,small-seller,198,357,7429,26310,22,77,nao,nao,nao
108910,ativo,no-seller,89,95,0,0,0,0,nao,nao,nao
108911,ativo,struggling-seller,366,568,154,292,1,2,nao,nao,nao
108912,ativo,no-seller,579,2110,0,0,0,0,sim,nao,nao
108913,churnado,tiny-seller,638,2692,1692,5976,8,28,nao,nao,sim
108914,ativo,tiny-seller,137,2235,2365,6357,9,23,nao,nao,sim
108915,ativo,no-seller,712,1030,0,0,0,0,nao,nao,nao
108916,ativo,no-seller,58,525,0,0,0,0,nao,nao,nao
108917,ativo,struggling-seller,210,223,134,565,1,4,nao,nao,nao
108918,ativo,no-seller,7,222,0,0,0,0,nao,nao,nao
108919,ativo,no-seller,28,94,0,0,0,0,nao,nao,nao
108920,ativo,struggling-seller,456,1441,245,698,1,3,nao,nao,nao
108921,ativo,no-seller,527,528,0,0,0,0,nao,nao,nao
108922,ativo,tiny-seller,165,175,1041,2451,3,7,nao,nao,nao
108923,ativo,small-seller,54,114,6351,25018,21,75,nao,nao,nao
108924,ativo,no-seller,446,593,0,0,0,0,nao,nao,nao
108925,ativo,no-seller,12,147,0,0,0,0,nao,nao,nao
108926,ativo,no-seller,751,3319,0,0,0,0,nao,nao,nao
108927,ativo,no-seller,29,120,0,0,0,0,nao,nao,nao
108928,ativo,struggling-seller,132,683,179,836,1,5,nao,sim,nao
108929,ativo,no-seller,285,1186,0,0,0,0,nao,nao,nao
108930,ativo,tiny-seller,97,139,2054,5159,8,19,nao,nao,nao
108931,ativo,struggling-seller,60,162,185,350,1,2,nao,nao,nao
108932,ativo,struggling-seller,227,1165,0,116,0,1,nao,nao,nao
108933,ativo,no-seller,31,3033,0,0,0,0,nao,nao,nao
108934,churnado,no-seller,793,2479,0,0,0,0,nao,nao,nao
108935,ativo,struggling-seller,138,324,160,526,1,3,nao,nao,nao
108936,ativo,no-seller,695,1594,0,0,0,0,nao,nao,nao
108937,ativo,no-seller,260,782,0,0,0,0,nao,nao,nao
108938,churnado,tiny-seller,383,3230,3681,8462,8,20,nao,nao,nao
108939,ativo,struggling-seller,29,321,406,1180,2,6,nao,nao,nao
108940,ativo,no-seller,29,46,0,0,0,0,nao,nao,nao
108941,ativo,struggling-seller,35,64,147,275,1,2,nao,nao,nao
108942,ativo,no-seller,251,531,0,0,0,0,nao,nao,sim
108943,ativo,medium-seller,66,102,21973,89308,60,233,nao,nao,nao
108944,ativo,no-seller,647,1530,0,0,0,0,nao,sim,nao
108945,trial,struggling-seller,676,1792,175,476,2,5,nao,nao,nao
108946,ativo,top-seller,51,2588,398641,1132591,713,1959,nao,nao,nao
108947,ativo,large-seller,135,1229,344817,733014,447,1035,nao,nao,nao
108948,ativo,medium-seller,414,467,25546,62837,71,190,nao,nao,nao
108949,ativo,no-seller,67,96,0,0,0,0,sim,sim,nao
108950,ativo,no-seller,186,270,0,0,0,0,nao,nao,nao
108951,ativo,tiny-seller,460,524,627,2351,4,15,nao,nao,nao
108952,ativo,struggling-seller,507,866,91,257,1,3,nao,nao,nao
108953,churnado,struggling-seller,192,258,191,400,1,2,sim,nao,nao
108954,ativo,struggling-seller,30,34,458,1251,2,5,nao,nao,nao
108955,ativo,struggling-seller,267,1024,243,1067,1,4,nao,nao,nao
108956,ativo,tiny-seller,56,430,915,3342,4,16,sim,nao,nao
108957,ativo,medium-seller,297,508,66131,164732,237,535,nao,nao,nao
108958,ativo,no-seller,729,1797,0,0,0,0,nao,nao,nao
108959,churnado,struggling-seller,429,2409,0,168,0,1,nao,nao,nao
108960,ativo,struggling-seller,87,188,295,704,2,5,nao,nao,nao
108961,ativo,struggling-seller,340,653,379,807,2,4,nao,nao,nao
108962,ativo,no-seller,53,287,0,0,0,0,nao,nao,nao
108963,ativo,no-seller,269,1726,0,0,0,0,nao,nao,nao
108964,ativo,struggling-seller,40,87,600,1104,2,4,nao,nao,nao
108965,ativo,struggling-seller,489,1756,233,648,2,5,nao,nao,nao
108966,ativo,no-seller,627,2537,0,0,0,0,sim,nao,nao
108967,ativo,no-seller,98,1033,0,0,0,0,nao,nao,nao
108968,ativo,no-seller,186,1917,0,0,0,0,sim,nao,nao
108969,ativo,small-seller,513,1592,12904,31499,28,67,nao,nao,nao
108970,ativo,no-seller,7,136,0,0,0,0,nao,sim,nao
108971,ativo,tiny-seller,541,760,2005,6795,7,24,nao,nao,nao
108972,ativo,no-seller,361,1886,0,0,0,0,nao,sim,nao
108973,ativo,struggling-seller,48,52,199,979,1,5,sim,nao,nao
108974,ativo,no-seller,505,1998,0,0,0,0,nao,nao,nao
108975,ativo,struggling-seller,495,3010,522,1520,2,6,sim,nao,nao
108976,ativo,tiny-seller,92,128,825,2935,2,7,nao,sim,nao
108977,ativo,tiny-seller,18,294,1441,3702,4,11,nao,nao,nao
108978,ativo,struggling-seller,86,353,150,687,1,5,nao,nao,nao
108979,ativo,struggling-seller,384,1093,280,658,2,5,nao,nao,nao
108980,ativo,no-seller,155,574,0,0,0,0,nao,nao,nao
108981,churnado,struggling-seller,620,2353,0,216,0,1,sim,nao,nao
108982,ativo,no-seller,4,235,0,0,0,0,nao,nao,nao
108983,churnado,no-seller,17,2323,0,0,0,0,nao,sim,nao
108984,ativo,no-seller,308,2828,0,0,0,0,nao,nao,nao
108985,ativo,no-seller,60,69,0,0,0,0,nao,nao,nao
108986,ativo,no-seller,267,307,0,0,0,0,nao,nao,sim
108987,ativo,no-seller,705,2188,0,0,0,0,nao,nao,nao
108988,ativo,no-seller,40,72,0,0,0,0,nao,nao,nao
108989,ativo,tiny-seller,217,256,1367,5490,5,19,sim,nao,nao
108990,ativo,struggling-seller,771,1234,172,533,2,6,nao,nao,nao
108991,ativo,no-seller,309,384,0,0,0,0,nao,nao,nao
108992,ativo,no-seller,288,3449,0,0,0,0,nao,nao,nao
108993,ativo,tiny-seller,152,326,1853,4860,7,17,nao,nao,nao
108994,ativo,struggling-seller,53,1292,0,220,0,1,nao,nao,nao
108995,ativo,struggling-seller,186,229,149,778,1,5,nao,nao,nao
108996,trial,no-seller,10,190,0,0,0,0,nao,nao,nao
108997,ativo,no-seller,224,1222,0,0,0,0,nao,nao,sim
108998,ativo,medium-seller,93,99,70204,223591,220,724,nao,sim,nao
108999,ativo,no-seller,116,150,0,0,0,0,sim,nao,nao
109000,ativo,struggling-seller,347,2594,456,1281,2,6,nao,nao,nao
109001,ativo,no-seller,424,1856,0,0,0,0,nao,nao,nao
109002,ativo,struggling-seller,12,130,88,446,1,5,nao,nao,nao
109003,ativo,struggling-seller,313,764,194,549,1,3,nao,nao,nao
109004,cancelado,no-seller,32,80,0,0,0,0,nao,nao,nao
109005,ativo,struggling-seller,144,3223,189,374,1,2,nao,nao,nao
109006,ativo,tiny-seller,52,241,2898,7607,8,23,nao,nao,sim
109007,ativo,no-seller,687,2816,0,0,0,0,sim,nao,nao
109008,ativo,struggling-seller,227,544,698,1300,3,6,nao,nao,sim
109009,ativo,no-seller,194,2449,0,0,0,0,nao,nao,nao
109010,ativo,no-seller,262,841,0,0,0,0,sim,nao,nao
109011,ativo,no-seller,31,93,0,0,0,0,nao,nao,nao
109012,trial,no-seller,2,84,0,0,0,0,nao,nao,nao
109013,ativo,struggling-seller,342,470,130,237,1,2,nao,sim,nao
109014,ativo,no-seller,66,343,0,0,0,0,nao,nao,nao
109015,ativo,struggling-seller,480,1032,261,869,2,6,nao,nao,nao
109016,ativo,no-seller,618,1413,0,0,0,0,nao,nao,nao
109017,ativo,no-seller,200,307,0,0,0,0,nao,nao,nao
109018,ativo,struggling-seller,230,1109,107,405,1,4,sim,nao,nao
109019,ativo,no-seller,154,602,0,0,0,0,nao,sim,nao
109020,ativo,tiny-seller,74,77,4356,9937,10,23,nao,nao,sim
109021,ativo,small-seller,679,856,13199,31741,40,92,nao,nao,nao
109022,ativo,struggling-seller,87,117,231,1089,1,5,nao,nao,nao
109023,ativo,struggling-seller,102,235,201,635,1,3,nao,nao,nao
109024,trial,no-seller,79,167,0,0,0,0,nao,nao,nao
109025,ativo,no-seller,565,1292,0,0,0,0,nao,nao,nao
109026,ativo,no-seller,25,2061,0,0,0,0,nao,nao,nao
109027,ativo,struggling-seller,98,260,268,624,2,5,nao,nao,nao
109028,ativo,small-seller,492,2165,11694,43149,31,113,nao,nao,nao
109029,ativo,small-seller,655,921,6666,15677,13,32,nao,nao,nao
109030,ativo,struggling-seller,25,123,195,573,1,3,nao,nao,nao
109031,ativo,no-seller,292,642,0,0,0,0,nao,sim,sim
109032,ativo,small-seller,352,1973,7354,17387,30,69,nao,nao,nao
109033,ativo,no-seller,31,53,0,0,0,0,nao,nao,nao
109034,ativo,no-seller,68,138,0,0,0,0,nao,nao,nao
109035,ativo,no-seller,139,153,0,0,0,0,nao,sim,nao
109036,ativo,tiny-seller,241,507,2333,8144,6,23,nao,nao,nao
109037,ativo,no-seller,471,477,0,0,0,0,nao,nao,nao
109038,ativo,tiny-seller,742,1503,1231,3150,4,10,nao,nao,nao
109039,ativo,struggling-seller,28,82,0,178,0,1,nao,nao,nao
109040,ativo,no-seller,93,1831,0,0,0,0,nao,nao,nao
109041,ativo,struggling-seller,752,1084,0,158,0,1,nao,nao,nao
109042,ativo,no-seller,210,385,0,0,0,0,nao,nao,nao
109043,ativo,struggling-seller,8,146,236,669,1,3,nao,nao,nao
109044,ativo,small-seller,513,748,6531,23643,22,74,nao,nao,nao
109045,ativo,tiny-seller,430,2165,1196,2539,7,16,nao,nao,sim
109046,ativo,medium-seller,65,942,42467,144717,63,231,nao,nao,nao
109047,ativo,tiny-seller,417,660,2164,5302,10,25,nao,nao,sim
109048,ativo,struggling-seller,24,38,225,829,1,4,nao,nao,sim
109049,ativo,tiny-seller,62,763,1944,5735,10,30,sim,nao,sim
109050,ativo,no-seller,34,98,0,0,0,0,nao,nao,sim
109051,ativo,struggling-seller,64,64,139,674,1,5,nao,nao,nao
109052,ativo,no-seller,35,50,0,0,0,0,sim,nao,nao
109053,ativo,no-seller,650,908,0,0,0,0,nao,nao,nao
109054,ativo,no-seller,142,491,0,0,0,0,nao,nao,nao
109055,ativo,no-seller,326,2397,0,0,0,0,nao,nao,nao
109056,ativo,no-seller,292,3113,0,0,0,0,nao,sim,nao
109057,ativo,no-seller,82,83,0,0,0,0,nao,nao,nao
109058,ativo,struggling-seller,150,386,161,353,1,2,nao,nao,nao
109059,ativo,tiny-seller,585,705,1578,5663,4,13,nao,nao,nao
109060,ativo,no-seller,28,61,0,0,0,0,nao,nao,sim
109061,ativo,struggling-seller,470,1130,205,682,1,3,sim,nao,nao
109062,trial,no-seller,604,2687,0,0,0,0,nao,nao,nao
109063,ativo,struggling-seller,103,282,207,394,1,2,nao,nao,sim
109064,ativo,struggling-seller,94,204,111,416,1,4,sim,nao,nao
109065,ativo,medium-seller,38,46,70907,212720,203,615,nao,nao,nao
109066,ativo,struggling-seller,181,263,119,487,1,4,nao,nao,nao
109067,ativo,tiny-seller,96,203,2052,6860,6,19,nao,nao,nao
109068,ativo,small-seller,158,537,17195,60104,43,140,nao,nao,nao
109069,ativo,struggling-seller,676,1955,279,714,2,5,nao,sim,sim
109070,churnado,no-seller,442,1667,0,0,0,0,nao,nao,nao
109071,ativo,no-seller,171,551,0,0,0,0,sim,nao,sim
109072,ativo,no-seller,341,1701,0,0,0,0,nao,sim,nao
109073,ativo,medium-seller,80,1829,58713,157312,153,417,nao,nao,nao
109074,ativo,no-seller,248,422,0,0,0,0,nao,nao,nao
109075,ativo,no-seller,85,410,0,0,0,0,nao,nao,nao
109076,ativo,no-seller,45,1844,0,0,0,0,sim,sim,nao
109077,ativo,tiny-seller,372,1127,478,2253,2,9,nao,nao,nao
109078,ativo,no-seller,58,85,0,0,0,0,nao,nao,sim
109079,ativo,large-seller,23,1048,227956,698990,413,1276,nao,sim,nao
109080,ativo,no-seller,180,2656,0,0,0,0,nao,nao,sim
109081,ativo,no-seller,208,424,0,0,0,0,sim,nao,nao
109082,ativo,small-seller,121,125,8155,19049,15,36,sim,nao,nao
109083,ativo,no-seller,57,390,0,0,0,0,nao,sim,nao
109084,ativo,no-seller,455,2371,0,0,0,0,nao,nao,nao
109085,ativo,tiny-seller,214,2979,1177,3296,6,16,nao,nao,nao
109086,ativo,small-seller,396,540,4597,17878,11,39,nao,nao,nao
109087,ativo,no-seller,622,3413,0,0,0,0,nao,nao,nao
109088,ativo,no-seller,35,350,0,0,0,0,nao,nao,nao
109089,ativo,struggling-seller,37,61,257,846,2,6,nao,nao,nao
109090,ativo,struggling-seller,117,893,0,121,0,1,nao,sim,nao
109091,ativo,no-seller,707,1594,0,0,0,0,nao,sim,nao
109092,ativo,no-seller,70,839,0,0,0,0,nao,nao,nao
109093,ativo,no-seller,472,1281,0,0,0,0,nao,nao,nao
109094,ativo,struggling-seller,36,46,0,207,0,1,nao,nao,nao
109095,ativo,tiny-seller,54,76,1479,3908,7,18,nao,nao,nao
109096,ativo,struggling-seller,224,225,188,472,2,5,nao,nao,nao
109097,ativo,no-seller,345,2102,0,0,0,0,nao,nao,nao
109098,ativo,no-seller,3,37,0,0,0,0,nao,nao,nao
109099,ativo,no-seller,39,700,0,0,0,0,nao,nao,nao
109100,cancelado,no-seller,29,40,0,0,0,0,nao,nao,nao
109101,ativo,tiny-seller,10,30,1414,4449,5,17,sim,nao,nao
109102,ativo,no-seller,234,1592,0,0,0,0,nao,nao,nao
109103,ativo,no-seller,165,241,0,0,0,0,nao,nao,nao
109104,ativo,tiny-seller,23,79,2238,6397,7,19,nao,nao,nao
109105,churnado,tiny-seller,180,2478,3423,9241,9,22,nao,nao,nao
109106,churnado,no-seller,36,696,0,0,0,0,nao,nao,nao
109107,ativo,struggling-seller,329,459,0,218,0,1,nao,nao,nao
109108,ativo,no-seller,35,241,0,0,0,0,nao,nao,nao
109109,ativo,no-seller,521,845,0,0,0,0,nao,nao,sim
109110,ativo,tiny-seller,765,1356,4552,12376,10,29,nao,nao,nao
109111,ativo,no-seller,215,504,0,0,0,0,nao,sim,nao
109112,ativo,no-seller,80,703,0,0,0,0,sim,nao,nao
109113,ativo,struggling-seller,175,329,205,589,1,3,nao,nao,sim
109114,churnado,struggling-seller,462,2972,278,780,2,6,nao,sim,nao
109115,ativo,no-seller,790,3116,0,0,0,0,sim,nao,nao
109116,ativo,no-seller,12,46,0,0,0,0,nao,nao,nao
109117,ativo,tiny-seller,2,57,3281,7573,9,22,sim,nao,nao
109118,ativo,struggling-seller,278,409,175,716,1,4,nao,nao,nao
109119,ativo,struggling-seller,29,3181,414,1118,2,5,sim,nao,nao
109120,ativo,struggling-seller,154,2675,0,182,0,1,sim,nao,nao
109121,churnado,no-seller,733,1978,0,0,0,0,nao,sim,nao
109122,ativo,small-seller,5,196,14710,44138,32,102,nao,nao,nao
109123,ativo,tiny-seller,136,237,1016,3430,4,13,nao,nao,nao
109124,ativo,struggling-seller,71,125,485,942,2,4,nao,nao,nao
109125,ativo,no-seller,204,2105,0,0,0,0,nao,nao,nao
109126,ativo,medium-seller,246,272,92219,232218,178,456,nao,nao,nao
109127,trial,struggling-seller,241,1424,0,221,0,1,nao,nao,nao
109128,ativo,no-seller,29,44,0,0,0,0,nao,nao,nao
109129,ativo,no-seller,120,249,0,0,0,0,nao,nao,sim
109130,churnado,no-seller,384,1794,0,0,0,0,nao,nao,nao
109131,ativo,no-seller,397,1323,0,0,0,0,nao,nao,nao
109132,ativo,no-seller,503,2652,0,0,0,0,nao,nao,nao
109133,ativo,struggling-seller,77,164,159,483,1,3,nao,nao,sim
109134,ativo,no-seller,13,81,0,0,0,0,nao,nao,nao
109135,ativo,tiny-seller,27,458,2120,5649,8,21,nao,nao,nao
109136,churnado,struggling-seller,33,88,85,373,1,4,nao,nao,nao
109137,ativo,struggling-seller,354,746,226,500,2,4,sim,nao,nao
109138,ativo,struggling-seller,27,89,146,631,1,4,nao,nao,nao
109139,ativo,tiny-seller,647,1341,1906,6195,7,23,nao,nao,nao
109140,ativo,struggling-seller,86,153,168,690,1,4,nao,nao,sim
109141,ativo,struggling-seller,460,2298,114,248,1,2,sim,nao,nao
109142,ativo,tiny-seller,11,208,714,2395,4,13,nao,nao,nao
109143,ativo,struggling-seller,632,643,364,1012,2,5,nao,nao,nao
109144,churnado,no-seller,183,3238,0,0,0,0,nao,nao,nao
109145,ativo,struggling-seller,767,2889,0,218,0,1,sim,nao,nao
109146,ativo,struggling-seller,203,346,188,709,1,4,sim,nao,nao
109147,ativo,small-seller,259,564,14884,57183,33,127,nao,nao,nao
109148,ativo,no-seller,37,49,0,0,0,0,nao,nao,nao
109149,ativo,struggling-seller,319,2482,144,556,1,4,sim,nao,nao
109150,ativo,struggling-seller,145,897,148,770,1,5,nao,nao,nao
109151,ativo,no-seller,99,514,0,0,0,0,nao,nao,nao
109152,churnado,struggling-seller,244,1419,105,455,1,4,nao,nao,nao
109153,ativo,struggling-seller,487,494,158,736,1,5,nao,nao,nao
109154,ativo,no-seller,548,1713,0,0,0,0,sim,nao,sim
109155,ativo,no-seller,479,724,0,0,0,0,nao,nao,nao
109156,ativo,struggling-seller,140,1885,289,917,2,6,nao,nao,nao
109157,ativo,struggling-seller,761,1274,256,709,2,6,nao,nao,nao
109158,ativo,small-seller,535,679,4732,19212,12,45,nao,nao,sim
109159,ativo,no-seller,546,1063,0,0,0,0,nao,nao,nao
109160,ativo,struggling-seller,65,135,0,114,0,1,nao,nao,nao
109161,ativo,no-seller,353,2363,0,0,0,0,nao,nao,nao
109162,churnado,small-seller,624,2481,9204,29493,24,70,nao,nao,nao
109163,ativo,no-seller,150,569,0,0,0,0,nao,nao,sim
109164,ativo,no-seller,38,84,0,0,0,0,nao,nao,nao
109165,ativo,no-seller,786,1757,0,0,0,0,nao,nao,nao
109166,ativo,struggling-seller,457,1567,83,165,1,2,nao,nao,nao
109167,ativo,medium-seller,268,586,73324,211569,185,556,nao,nao,nao
109168,ativo,no-seller,26,51,0,0,0,0,sim,nao,nao
109169,churnado,no-seller,761,909,0,0,0,0,sim,sim,nao
109170,ativo,struggling-seller,135,431,241,760,1,3,nao,nao,nao
109171,ativo,no-seller,249,712,0,0,0,0,sim,nao,nao
109172,ativo,medium-seller,119,204,151953,340990,223,547,sim,sim,nao
109173,ativo,no-seller,266,2625,0,0,0,0,nao,nao,nao
109174,ativo,tiny-seller,31,138,4959,11069,12,29,sim,nao,nao
109175,ativo,no-seller,9,40,0,0,0,0,nao,nao,nao
109176,ativo,no-seller,25,33,0,0,0,0,nao,sim,nao
109177,ativo,no-seller,701,1377,0,0,0,0,nao,nao,nao
109178,ativo,no-seller,94,232,0,0,0,0,nao,nao,nao
109179,ativo,no-seller,369,381,0,0,0,0,nao,sim,nao
109180,ativo,no-seller,477,2711,0,0,0,0,nao,nao,nao
109181,ativo,no-seller,92,166,0,0,0,0,nao,nao,nao
109182,ativo,no-seller,239,1800,0,0,0,0,nao,sim,nao
109183,ativo,no-seller,780,1634,0,0,0,0,nao,nao,sim
109184,ativo,tiny-seller,694,2156,1122,2823,3,8,nao,nao,nao
109185,trial,no-seller,114,942,0,0,0,0,sim,nao,nao
109186,ativo,small-seller,473,783,10343,26547,39,93,nao,nao,nao
109187,ativo,tiny-seller,509,760,2774,6457,7,16,nao,nao,nao
109188,ativo,no-seller,60,72,0,0,0,0,nao,nao,sim
109189,ativo,small-seller,22,193,6765,23216,24,75,nao,nao,nao
109190,ativo,no-seller,10,63,0,0,0,0,nao,nao,nao
109191,ativo,no-seller,758,1917,0,0,0,0,nao,nao,nao
109192,ativo,tiny-seller,89,289,1970,6444,8,28,nao,nao,nao
109193,ativo,no-seller,198,2042,0,0,0,0,sim,nao,nao
109194,ativo,struggling-seller,10,3488,256,654,2,5,nao,nao,nao
109195,ativo,small-seller,512,903,11371,29477,24,63,nao,nao,nao
109196,ativo,no-seller,41,580,0,0,0,0,sim,sim,nao
109197,trial,no-seller,246,614,0,0,0,0,nao,nao,nao
109198,ativo,large-seller,626,768,160002,557359,307,1135,nao,nao,nao
109199,ativo,no-seller,38,64,0,0,0,0,nao,nao,nao
109200,ativo,no-seller,221,1096,0,0,0,0,nao,nao,nao
109201,churnado,no-seller,331,609,0,0,0,0,nao,nao,nao
109202,ativo,no-seller,594,1994,0,0,0,0,nao,nao,nao
109203,trial,struggling-seller,418,2994,156,411,2,5,nao,nao,nao
109204,ativo,no-seller,439,1865,0,0,0,0,nao,nao,nao
109205,ativo,no-seller,37,379,0,0,0,0,nao,nao,sim
109206,ativo,no-seller,53,103,0,0,0,0,nao,nao,nao
109207,ativo,no-seller,526,2549,0,0,0,0,nao,nao,nao
109208,ativo,no-seller,187,490,0,0,0,0,nao,nao,nao
109209,ativo,tiny-seller,249,325,1130,4338,6,21,sim,sim,nao
109210,ativo,no-seller,50,322,0,0,0,0,nao,nao,nao
109211,ativo,no-seller,770,1487,0,0,0,0,nao,nao,sim
109212,ativo,small-seller,404,1096,13417,32711,39,96,sim,nao,nao
109213,ativo,no-seller,745,3278,0,0,0,0,sim,nao,sim
109214,ativo,no-seller,577,1832,0,0,0,0,sim,nao,nao
109215,ativo,no-seller,764,2054,0,0,0,0,nao,nao,nao
109216,ativo,struggling-seller,496,2530,238,678,1,3,nao,nao,nao
109217,churnado,struggling-seller,253,1279,230,724,1,3,nao,nao,nao
109218,ativo,small-seller,299,937,11372,27917,26,64,nao,nao,nao
109219,ativo,no-seller,29,100,0,0,0,0,nao,nao,nao
109220,ativo,no-seller,22,109,0,0,0,0,nao,nao,nao
109221,ativo,no-seller,5,650,0,0,0,0,nao,nao,nao
109222,ativo,no-seller,194,928,0,0,0,0,nao,sim,nao
109223,ativo,no-seller,67,121,0,0,0,0,nao,nao,nao
109224,ativo,tiny-seller,71,94,1710,5433,7,24,sim,nao,nao
109225,ativo,no-seller,393,793,0,0,0,0,nao,nao,nao
109226,ativo,no-seller,520,1178,0,0,0,0,nao,nao,nao
109227,ativo,struggling-seller,0,43,110,304,1,3,nao,nao,nao
109228,ativo,no-seller,89,2434,0,0,0,0,nao,nao,nao
109229,ativo,no-seller,546,1926,0,0,0,0,nao,sim,nao
109230,ativo,no-seller,31,218,0,0,0,0,nao,nao,nao
109231,ativo,struggling-seller,151,226,0,104,0,1,nao,nao,nao
109232,ativo,medium-seller,369,544,90660,229985,189,443,nao,nao,nao
109233,cancelado,no-seller,746,2254,0,0,0,0,nao,sim,nao
109234,churnado,struggling-seller,398,1156,176,417,2,5,nao,nao,nao
109235,trial,no-seller,89,153,0,0,0,0,nao,nao,nao
109236,ativo,no-seller,21,191,0,0,0,0,nao,nao,nao
109237,churnado,struggling-seller,369,450,301,644,2,4,nao,nao,sim
109238,ativo,no-seller,6,166,0,0,0,0,nao,nao,nao
109239,ativo,struggling-seller,162,1348,121,395,1,3,nao,nao,nao
109240,ativo,struggling-seller,199,206,430,1001,2,5,nao,nao,nao
109241,ativo,medium-seller,10,91,34011,102672,65,196,nao,nao,nao
109242,ativo,struggling-seller,35,37,228,872,1,4,nao,nao,nao
109243,ativo,struggling-seller,142,813,113,219,1,2,nao,nao,nao
109244,ativo,no-seller,290,3087,0,0,0,0,nao,nao,nao
109245,ativo,no-seller,393,1587,0,0,0,0,nao,nao,nao
109246,ativo,small-seller,39,102,4993,14328,24,71,sim,nao,sim
109247,ativo,struggling-seller,69,95,143,409,1,3,nao,nao,nao
109248,ativo,no-seller,384,2643,0,0,0,0,sim,nao,sim
109249,cancelado,no-seller,10,60,0,0,0,0,sim,nao,nao
109250,ativo,tiny-seller,103,217,578,1505,3,8,nao,nao,nao
109251,ativo,no-seller,274,730,0,0,0,0,nao,sim,nao
109252,ativo,small-seller,549,1611,13875,39739,45,136,nao,nao,nao
109253,ativo,struggling-seller,507,2214,420,1354,2,6,nao,nao,nao
109254,ativo,small-seller,136,1835,9229,33070,31,111,nao,nao,nao
109255,ativo,tiny-seller,790,2273,917,2153,6,14,nao,nao,nao
109256,ativo,struggling-seller,348,3095,267,681,2,5,nao,nao,nao
109257,ativo,struggling-seller,744,1875,215,423,1,2,nao,nao,nao
109258,ativo,tiny-seller,487,2547,1842,5653,8,27,nao,sim,nao
109259,ativo,small-seller,324,408,7810,20767,21,58,nao,nao,nao
109260,ativo,no-seller,200,2977,0,0,0,0,nao,nao,nao
109261,ativo,small-seller,3,175,18776,45592,53,125,nao,nao,nao
109262,ativo,no-seller,28,3184,0,0,0,0,nao,nao,sim
109263,ativo,no-seller,5,196,0,0,0,0,nao,nao,nao
109264,ativo,no-seller,352,1094,0,0,0,0,nao,nao,nao
109265,ativo,small-seller,234,1776,14675,41003,44,115,nao,nao,nao
109266,ativo,struggling-seller,41,75,82,149,1,2,nao,sim,nao
109267,ativo,struggling-seller,676,2012,266,875,2,6,nao,nao,sim
109268,ativo,tiny-seller,178,1216,1657,4224,9,21,nao,nao,nao
109269,ativo,small-seller,338,1809,17638,40321,57,133,nao,nao,nao
109270,ativo,struggling-seller,82,107,132,282,1,2,nao,nao,nao
109271,ativo,small-seller,724,983,8963,23149,26,61,sim,nao,nao
109272,ativo,no-seller,64,90,0,0,0,0,nao,nao,sim
109273,ativo,no-seller,52,127,0,0,0,0,nao,nao,nao
109274,ativo,no-seller,197,1839,0,0,0,0,nao,nao,nao
109275,ativo,no-seller,211,663,0,0,0,0,nao,nao,nao
109276,churnado,no-seller,125,763,0,0,0,0,sim,nao,sim
109277,ativo,no-seller,212,2572,0,0,0,0,sim,nao,nao
109278,ativo,no-seller,119,484,0,0,0,0,nao,sim,nao
109279,ativo,struggling-seller,16,345,298,983,2,6,sim,nao,nao
109280,ativo,medium-seller,193,252,117161,391112,244,746,nao,nao,nao
109281,ativo,no-seller,5,129,0,0,0,0,nao,nao,nao
109282,ativo,no-seller,58,1348,0,0,0,0,nao,nao,nao
109283,ativo,struggling-seller,507,507,377,803,2,4,nao,nao,nao
109284,ativo,no-seller,327,521,0,0,0,0,nao,nao,nao
109285,ativo,no-seller,332,339,0,0,0,0,sim,nao,nao
109286,ativo,tiny-seller,537,1670,2200,5146,9,23,nao,nao,nao
109287,ativo,no-seller,268,344,0,0,0,0,nao,nao,nao
109288,trial,medium-seller,641,2333,23612,90134,60,226,nao,nao,nao
109289,ativo,struggling-seller,572,606,374,1117,2,6,nao,nao,nao
109290,ativo,struggling-seller,519,575,0,147,0,1,nao,nao,nao
109291,ativo,struggling-seller,21,45,214,670,1,3,nao,sim,nao
109292,ativo,no-seller,75,114,0,0,0,0,nao,nao,nao
109293,ativo,no-seller,278,2589,0,0,0,0,nao,nao,nao
109294,ativo,no-seller,488,2901,0,0,0,0,sim,nao,nao
109295,ativo,small-seller,770,3050,6907,20383,16,47,nao,nao,nao
109296,ativo,struggling-seller,65,102,241,1180,1,5,nao,nao,nao
109297,churnado,small-seller,123,202,6739,19261,29,77,nao,nao,nao
109298,ativo,tiny-seller,203,244,2608,8370,8,24,nao,nao,nao
109299,ativo,no-seller,179,251,0,0,0,0,nao,nao,nao
109300,ativo,no-seller,763,822,0,0,0,0,nao,nao,nao
109301,ativo,no-seller,596,3211,0,0,0,0,nao,nao,sim
109302,churnado,no-seller,77,83,0,0,0,0,nao,nao,sim
109303,trial,struggling-seller,548,1395,380,1109,2,6,nao,nao,nao
109304,ativo,no-seller,592,2177,0,0,0,0,nao,nao,nao
109305,ativo,tiny-seller,559,2481,1507,5402,6,20,nao,nao,nao
109306,ativo,struggling-seller,265,1810,0,153,0,1,nao,sim,nao
109307,ativo,struggling-seller,61,74,105,312,1,3,nao,nao,nao
109308,ativo,no-seller,784,903,0,0,0,0,sim,nao,nao
109309,ativo,medium-seller,31,245,81354,319211,181,699,nao,nao,nao
109310,ativo,no-seller,16,39,0,0,0,0,nao,nao,nao
109311,ativo,no-seller,33,158,0,0,0,0,sim,nao,nao
109312,ativo,medium-seller,764,906,98379,317719,202,647,sim,nao,nao
109313,ativo,struggling-seller,129,524,253,695,2,6,nao,nao,sim
109314,ativo,struggling-seller,52,335,131,379,1,3,nao,nao,nao
109315,ativo,struggling-seller,68,100,301,839,2,6,nao,nao,nao
109316,ativo,no-seller,37,56,0,0,0,0,nao,nao,nao
109317,ativo,no-seller,771,2265,0,0,0,0,nao,nao,nao
109318,ativo,struggling-seller,214,2513,207,651,1,3,nao,nao,nao
109319,ativo,small-seller,234,2911,7778,18688,34,79,nao,nao,nao
109320,ativo,no-seller,337,442,0,0,0,0,nao,nao,nao
109321,ativo,no-seller,89,328,0,0,0,0,nao,nao,nao
109322,ativo,no-seller,458,3418,0,0,0,0,nao,nao,nao
109323,ativo,no-seller,47,64,0,0,0,0,nao,nao,nao
109324,ativo,no-seller,285,1582,0,0,0,0,nao,nao,nao
109325,ativo,struggling-seller,82,146,116,224,1,2,nao,nao,nao
109326,ativo,no-seller,564,2532,0,0,0,0,sim,sim,nao
109327,ativo,small-seller,3,52,4319,12360,12,33,nao,sim,nao
109328,churnado,struggling-seller,16,120,178,363,1,2,nao,nao,nao
109329,ativo,no-seller,565,1689,0,0,0,0,nao,nao,nao
109330,ativo,struggling-seller,150,220,147,697,1,5,nao,sim,nao
109331,ativo,no-seller,412,1303,0,0,0,0,nao,nao,nao
109332,ativo,no-seller,45,219,0,0,0,0,nao,nao,nao
109333,ativo,no-seller,160,2729,0,0,0,0,nao,nao,nao
109334,ativo,no-seller,101,1115,0,0,0,0,nao,sim,nao
109335,ativo,no-seller,639,1431,0,0,0,0,nao,nao,nao
109336,ativo,no-seller,139,2084,0,0,0,0,nao,nao,nao
109337,ativo,struggling-seller,265,366,81,159,1,2,sim,nao,nao
109338,ativo,struggling-seller,97,494,311,774,2,5,sim,nao,nao
109339,ativo,no-seller,681,1242,0,0,0,0,nao,nao,nao
109340,ativo,no-seller,639,878,0,0,0,0,sim,nao,nao
109341,ativo,no-seller,158,341,0,0,0,0,nao,nao,nao
109342,ativo,no-seller,226,1538,0,0,0,0,nao,sim,sim
109343,cancelado,tiny-seller,9,227,905,2827,3,9,nao,nao,nao
109344,ativo,no-seller,505,860,0,0,0,0,nao,nao,nao
109345,ativo,no-seller,405,1315,0,0,0,0,nao,nao,nao
109346,ativo,struggling-seller,121,1031,217,424,1,2,nao,sim,nao
109347,ativo,no-seller,198,501,0,0,0,0,nao,nao,nao
109348,ativo,small-seller,422,594,9510,22723,21,49,nao,nao,nao
109349,ativo,no-seller,12,248,0,0,0,0,nao,nao,nao
109350,ativo,no-seller,165,481,0,0,0,0,nao,nao,nao
109351,churnado,tiny-seller,783,1089,3031,11220,8,28,nao,nao,nao
109352,churnado,struggling-seller,679,938,396,779,2,4,nao,nao,nao
109353,ativo,no-seller,190,1340,0,0,0,0,nao,nao,nao
109354,ativo,struggling-seller,602,1252,104,203,1,2,sim,nao,nao
109355,ativo,no-seller,4,50,0,0,0,0,nao,nao,nao
109356,ativo,struggling-seller,487,2984,559,1134,3,6,nao,nao,nao
109357,ativo,no-seller,160,321,0,0,0,0,nao,nao,nao
109358,trial,medium-seller,252,444,152968,350791,300,672,nao,nao,nao
109359,ativo,struggling-seller,275,1922,127,527,1,4,nao,nao,nao
109360,ativo,no-seller,34,499,0,0,0,0,nao,nao,sim
109361,ativo,medium-seller,220,1569,111763,245053,219,523,nao,nao,nao
109362,ativo,small-seller,510,629,8460,23183,33,96,nao,nao,nao
109363,churnado,no-seller,187,1096,0,0,0,0,nao,nao,nao
109364,ativo,struggling-seller,63,1321,244,777,2,6,nao,nao,sim
109365,ativo,no-seller,294,692,0,0,0,0,nao,nao,sim
109366,ativo,no-seller,132,2439,0,0,0,0,sim,nao,nao
109367,ativo,struggling-seller,210,319,0,97,0,1,nao,nao,nao
109368,ativo,tiny-seller,494,3346,908,2556,3,8,nao,nao,nao
109369,trial,no-seller,78,1769,0,0,0,0,sim,sim,nao
109370,ativo,struggling-seller,292,341,0,187,0,1,nao,nao,sim
109371,ativo,tiny-seller,493,948,1240,4536,6,22,nao,nao,nao
109372,trial,no-seller,113,201,0,0,0,0,nao,nao,nao
109373,trial,struggling-seller,583,2645,446,1347,2,6,nao,nao,sim
109374,ativo,tiny-seller,108,192,1094,4009,6,24,nao,nao,nao
109375,ativo,no-seller,780,1273,0,0,0,0,nao,nao,nao
109376,ativo,small-seller,240,1365,7879,28989,26,91,nao,nao,nao
109377,ativo,no-seller,29,56,0,0,0,0,nao,nao,nao
109378,ativo,no-seller,36,97,0,0,0,0,nao,nao,nao
109379,churnado,tiny-seller,788,2183,3113,8957,9,28,nao,nao,nao
109380,ativo,no-seller,193,446,0,0,0,0,nao,nao,nao
109381,ativo,struggling-seller,14,3313,200,577,2,6,nao,nao,nao
109382,ativo,struggling-seller,205,633,88,380,1,4,sim,nao,nao
109383,ativo,tiny-seller,673,1472,701,1704,3,8,nao,nao,nao
109384,ativo,no-seller,636,2449,0,0,0,0,nao,nao,nao
109385,ativo,struggling-seller,59,112,198,419,1,2,nao,nao,nao
109386,ativo,tiny-seller,651,2635,455,1519,2,7,nao,nao,nao
109387,ativo,struggling-seller,34,49,186,580,1,3,nao,nao,nao
109388,ativo,no-seller,498,881,0,0,0,0,nao,sim,nao
109389,ativo,no-seller,502,1480,0,0,0,0,nao,nao,nao
109390,ativo,struggling-seller,457,2288,227,837,1,4,nao,nao,nao
109391,ativo,tiny-seller,564,1636,1398,3590,4,10,nao,nao,nao
109392,ativo,tiny-seller,57,813,1579,4472,8,24,nao,nao,nao
109393,ativo,no-seller,242,662,0,0,0,0,nao,nao,sim
109394,ativo,no-seller,80,81,0,0,0,0,nao,sim,nao
109395,ativo,medium-seller,111,159,74086,287745,153,553,nao,nao,sim
109396,ativo,no-seller,6,59,0,0,0,0,sim,nao,nao
109397,ativo,struggling-seller,670,1635,192,396,1,2,nao,nao,nao
109398,ativo,no-seller,103,279,0,0,0,0,nao,nao,nao
109399,ativo,no-seller,131,420,0,0,0,0,nao,nao,nao
109400,ativo,no-seller,521,608,0,0,0,0,nao,nao,nao
109401,ativo,small-seller,69,153,7539,18803,28,69,sim,nao,nao
109402,ativo,no-seller,341,1502,0,0,0,0,nao,nao,nao
109403,cancelado,no-seller,20,31,0,0,0,0,nao,nao,nao
109404,ativo,struggling-seller,626,1159,81,259,1,3,nao,nao,nao
109405,ativo,no-seller,54,77,0,0,0,0,nao,nao,sim
109406,ativo,tiny-seller,59,132,737,2215,5,14,nao,sim,nao
109407,ativo,tiny-seller,516,1946,1490,4572,7,22,nao,nao,nao
109408,ativo,tiny-seller,589,2461,897,3094,4,13,nao,nao,nao
109409,ativo,tiny-seller,106,595,780,2920,2,8,nao,nao,nao
109410,ativo,tiny-seller,12,129,3994,11033,9,27,nao,nao,nao
109411,ativo,no-seller,175,2138,0,0,0,0,nao,nao,nao
109412,ativo,struggling-seller,634,734,349,738,2,4,nao,nao,nao
109413,cancelado,tiny-seller,121,525,1752,4811,6,17,nao,nao,nao
109414,ativo,struggling-seller,632,2933,233,903,1,4,nao,nao,nao
109415,ativo,struggling-seller,13,369,0,237,0,1,sim,nao,nao
109416,ativo,struggling-seller,570,932,216,456,1,2,nao,nao,nao
109417,ativo,no-seller,76,88,0,0,0,0,nao,nao,nao
109418,ativo,struggling-seller,87,626,303,840,2,5,nao,nao,sim
109419,ativo,no-seller,388,3193,0,0,0,0,nao,nao,nao
109420,ativo,no-seller,80,264,0,0,0,0,nao,nao,nao
109421,ativo,no-seller,534,1191,0,0,0,0,nao,nao,nao
109422,ativo,no-seller,273,1976,0,0,0,0,sim,nao,nao
109423,ativo,no-seller,0,138,0,0,0,0,nao,nao,nao
109424,cancelado,no-seller,550,751,0,0,0,0,sim,nao,nao
109425,ativo,struggling-seller,251,259,195,1024,1,5,nao,nao,nao
109426,ativo,no-seller,5,116,0,0,0,0,sim,nao,nao
109427,ativo,struggling-seller,32,1570,630,1327,3,6,nao,nao,nao
109428,ativo,struggling-seller,18,50,239,715,2,6,nao,nao,sim
109429,ativo,no-seller,132,141,0,0,0,0,sim,nao,nao
109430,ativo,no-seller,388,1931,0,0,0,0,sim,nao,nao
109431,ativo,no-seller,151,608,0,0,0,0,nao,nao,nao
109432,ativo,small-seller,338,380,10999,27446,33,84,nao,nao,nao
109433,ativo,no-seller,250,406,0,0,0,0,nao,nao,nao
109434,ativo,tiny-seller,57,168,2024,4611,10,22,nao,nao,nao
109435,ativo,no-seller,465,473,0,0,0,0,nao,nao,nao
109436,ativo,struggling-seller,142,210,0,172,0,1,nao,nao,nao
109437,ativo,no-seller,17,422,0,0,0,0,nao,nao,nao
109438,ativo,tiny-seller,592,3335,2628,9514,8,27,nao,nao,nao
109439,ativo,large-seller,54,119,156365,621823,252,941,sim,nao,nao
109440,ativo,no-seller,55,258,0,0,0,0,sim,sim,nao
109441,ativo,medium-seller,57,390,91988,227058,180,486,nao,nao,nao
109442,ativo,no-seller,140,447,0,0,0,0,sim,nao,nao
109443,ativo,no-seller,658,1227,0,0,0,0,nao,nao,nao
109444,trial,no-seller,516,2307,0,0,0,0,nao,nao,nao
109445,ativo,tiny-seller,44,3059,595,2408,4,16,nao,nao,nao
109446,ativo,no-seller,709,2677,0,0,0,0,nao,nao,nao
109447,ativo,tiny-seller,98,181,1674,4628,10,30,nao,sim,nao
109448,trial,struggling-seller,38,85,132,254,1,2,nao,nao,nao
109449,ativo,no-seller,63,74,0,0,0,0,sim,nao,nao
109450,churnado,small-seller,79,280,4468,16097,18,65,nao,nao,nao
109451,ativo,no-seller,344,413,0,0,0,0,nao,nao,sim
109452,ativo,no-seller,119,316,0,0,0,0,nao,sim,nao
109453,ativo,no-seller,250,3387,0,0,0,0,nao,nao,nao
109454,ativo,struggling-seller,203,3419,147,307,1,2,nao,nao,nao
109455,ativo,struggling-seller,690,1694,0,102,0,1,sim,nao,nao
109456,churnado,no-seller,769,2608,0,0,0,0,nao,nao,nao
109457,churnado,small-seller,139,3216,10982,23456,23,53,nao,sim,nao
109458,ativo,struggling-seller,675,1644,188,346,1,2,sim,nao,nao
109459,ativo,no-seller,52,95,0,0,0,0,nao,nao,nao
109460,ativo,no-seller,60,104,0,0,0,0,nao,nao,nao
109461,ativo,no-seller,215,1419,0,0,0,0,nao,nao,nao
109462,trial,no-seller,19,30,0,0,0,0,nao,nao,nao
109463,ativo,struggling-seller,11,80,307,1005,2,6,nao,nao,nao
109464,ativo,struggling-seller,343,497,182,701,1,4,sim,nao,nao
109465,ativo,struggling-seller,24,175,311,677,2,4,nao,nao,nao
109466,ativo,no-seller,17,799,0,0,0,0,nao,nao,nao
109467,trial,no-seller,252,318,0,0,0,0,nao,nao,nao
109468,ativo,no-seller,100,1827,0,0,0,0,sim,nao,nao
109469,ativo,no-seller,152,649,0,0,0,0,nao,sim,nao
109470,ativo,struggling-seller,35,91,284,610,2,4,sim,nao,nao
109471,ativo,tiny-seller,402,1755,1843,6837,7,28,nao,nao,nao
109472,ativo,tiny-seller,231,1905,1461,4331,4,13,nao,nao,nao
109473,ativo,no-seller,311,1754,0,0,0,0,nao,nao,nao
109474,ativo,no-seller,208,245,0,0,0,0,nao,nao,nao
109475,ativo,struggling-seller,95,137,281,808,1,3,sim,nao,nao
109476,ativo,medium-seller,22,34,64057,185625,144,424,nao,nao,nao
109477,ativo,no-seller,683,810,0,0,0,0,sim,nao,nao
109478,ativo,struggling-seller,44,57,124,252,1,2,nao,nao,nao
109479,churnado,no-seller,74,151,0,0,0,0,nao,nao,nao
109480,ativo,tiny-seller,0,1917,1307,3235,6,16,nao,nao,nao
109481,ativo,tiny-seller,172,1090,1204,3421,5,14,nao,nao,sim
109482,ativo,no-seller,154,1950,0,0,0,0,sim,nao,nao
109483,ativo,no-seller,281,447,0,0,0,0,nao,nao,nao
109484,ativo,no-seller,558,2309,0,0,0,0,nao,nao,nao
109485,ativo,tiny-seller,24,174,1670,4239,6,15,nao,nao,nao
109486,ativo,struggling-seller,58,1655,120,224,1,2,nao,nao,nao
109487,ativo,no-seller,630,847,0,0,0,0,nao,nao,nao
109488,ativo,no-seller,68,286,0,0,0,0,nao,nao,nao
109489,ativo,medium-seller,691,2917,163740,343437,234,536,nao,nao,nao
109490,ativo,struggling-seller,184,220,214,937,1,4,nao,nao,nao
109491,ativo,tiny-seller,470,1935,1673,4006,8,20,nao,nao,nao
109492,ativo,struggling-seller,4,70,104,558,1,5,nao,nao,nao
109493,ativo,struggling-seller,369,496,0,136,0,1,sim,nao,nao
109494,ativo,no-seller,141,1647,0,0,0,0,nao,nao,nao
109495,ativo,struggling-seller,244,247,224,868,1,4,nao,nao,nao
109496,ativo,tiny-seller,28,31,654,1442,4,9,sim,nao,sim
109497,ativo,struggling-seller,65,108,0,106,0,1,nao,nao,nao
109498,ativo,no-seller,114,1211,0,0,0,0,nao,nao,sim
109499,ativo,no-seller,447,519,0,0,0,0,nao,nao,nao
109500,trial,struggling-seller,54,235,403,1273,2,6,nao,nao,sim
109501,churnado,no-seller,28,58,0,0,0,0,sim,nao,nao
109502,churnado,no-seller,85,1714,0,0,0,0,nao,nao,nao
109503,ativo,small-seller,74,255,6750,23013,27,89,nao,nao,nao
109504,ativo,no-seller,494,743,0,0,0,0,nao,nao,nao
109505,ativo,no-seller,98,109,0,0,0,0,nao,nao,nao
109506,ativo,no-seller,366,2470,0,0,0,0,nao,nao,nao
109507,ativo,no-seller,169,1391,0,0,0,0,nao,nao,nao
109508,ativo,no-seller,783,3265,0,0,0,0,sim,nao,nao
109509,ativo,tiny-seller,253,578,1311,3672,6,17,nao,nao,nao
109510,ativo,struggling-seller,407,2836,189,367,1,2,nao,nao,nao
109511,ativo,no-seller,73,121,0,0,0,0,nao,sim,nao
109512,ativo,small-seller,17,41,12898,35745,54,144,nao,nao,nao
109513,ativo,no-seller,47,58,0,0,0,0,nao,nao,nao
109514,ativo,no-seller,334,368,0,0,0,0,sim,nao,nao
109515,ativo,struggling-seller,112,455,194,986,1,5,sim,nao,nao
109516,ativo,no-seller,22,46,0,0,0,0,nao,nao,sim
109517,ativo,small-seller,559,1667,17413,38362,46,110,sim,nao,nao
109518,ativo,no-seller,292,1835,0,0,0,0,sim,nao,nao
109519,ativo,struggling-seller,688,2265,408,1003,2,5,nao,nao,nao
109520,ativo,no-seller,24,170,0,0,0,0,nao,nao,nao
109521,ativo,no-seller,257,407,0,0,0,0,nao,nao,nao
109522,ativo,no-seller,435,1102,0,0,0,0,nao,nao,nao
109523,ativo,struggling-seller,442,3315,554,1164,3,6,nao,nao,nao
109524,ativo,tiny-seller,153,706,2085,6105,7,20,sim,nao,nao
109525,cancelado,tiny-seller,96,113,794,3190,4,15,sim,sim,nao
109526,ativo,struggling-seller,37,42,322,915,2,6,nao,nao,nao
109527,ativo,medium-seller,63,141,52856,136739,88,224,nao,nao,nao
109528,ativo,struggling-seller,408,481,657,1197,3,6,nao,nao,nao
109529,ativo,struggling-seller,25,2940,293,609,2,4,nao,nao,nao
109530,ativo,tiny-seller,2,67,2080,7093,6,22,nao,nao,nao
109531,ativo,no-seller,137,204,0,0,0,0,sim,nao,nao
109532,ativo,struggling-seller,79,3199,233,910,1,4,nao,nao,sim
109533,ativo,no-seller,192,268,0,0,0,0,nao,sim,nao
109534,ativo,no-seller,410,440,0,0,0,0,sim,nao,nao
109535,ativo,struggling-seller,209,225,0,95,0,1,nao,nao,nao
109536,ativo,struggling-seller,193,3312,152,280,1,2,nao,sim,nao
109537,ativo,no-seller,778,1710,0,0,0,0,nao,nao,nao
109538,ativo,large-seller,335,1289,191704,480879,348,931,nao,nao,nao
109539,ativo,no-seller,169,554,0,0,0,0,nao,nao,sim
109540,cancelado,struggling-seller,462,789,0,179,0,1,nao,nao,nao
109541,ativo,no-seller,102,120,0,0,0,0,nao,nao,nao
109542,ativo,no-seller,27,68,0,0,0,0,sim,nao,nao
109543,ativo,small-seller,117,1062,7268,26280,35,134,nao,nao,nao
109544,ativo,tiny-seller,77,801,1711,3588,6,13,nao,sim,sim
109545,ativo,tiny-seller,132,1010,2164,7618,6,23,sim,nao,nao
109546,trial,no-seller,140,3179,0,0,0,0,nao,nao,nao
109547,ativo,no-seller,2,252,0,0,0,0,nao,nao,nao
109548,ativo,no-seller,26,2008,0,0,0,0,nao,nao,nao
109549,ativo,struggling-seller,765,1388,0,99,0,1,nao,nao,nao
109550,ativo,no-seller,758,826,0,0,0,0,nao,nao,nao
109551,ativo,struggling-seller,62,2936,101,395,1,4,nao,nao,nao
109552,ativo,small-seller,731,1827,6885,14769,18,41,nao,nao,nao
109553,ativo,tiny-seller,337,359,1028,4413,5,21,nao,nao,nao
109554,churnado,no-seller,24,57,0,0,0,0,nao,nao,nao
109555,ativo,no-seller,161,383,0,0,0,0,nao,nao,nao
109556,ativo,no-seller,82,338,0,0,0,0,nao,nao,nao
109557,ativo,no-seller,315,331,0,0,0,0,nao,nao,nao
109558,ativo,struggling-seller,439,945,309,951,2,6,nao,sim,nao
109559,ativo,no-seller,359,1596,0,0,0,0,nao,nao,nao
109560,ativo,no-seller,49,203,0,0,0,0,nao,nao,nao
109561,ativo,struggling-seller,763,3024,245,697,2,6,nao,sim,nao
109562,ativo,tiny-seller,143,207,2233,5505,9,23,nao,nao,nao
109563,ativo,tiny-seller,25,35,297,1115,2,8,nao,nao,sim
109564,ativo,tiny-seller,576,1906,3078,9492,9,30,nao,nao,nao
109565,ativo,small-seller,49,176,6777,21479,19,59,nao,nao,nao
109566,ativo,struggling-seller,180,2375,280,532,1,2,nao,nao,nao
109567,ativo,struggling-seller,250,1461,386,932,2,5,nao,sim,sim
109568,ativo,struggling-seller,262,480,582,1639,2,6,nao,nao,nao
109569,ativo,struggling-seller,30,45,0,186,0,1,nao,nao,nao
109570,ativo,struggling-seller,28,206,305,640,3,6,nao,sim,nao
109571,ativo,no-seller,262,322,0,0,0,0,nao,sim,nao
109572,churnado,struggling-seller,168,2910,222,662,2,6,nao,nao,nao
109573,ativo,no-seller,32,2762,0,0,0,0,nao,nao,nao
109574,ativo,no-seller,12,302,0,0,0,0,nao,nao,nao
109575,ativo,small-seller,456,3017,7856,25691,17,57,sim,nao,nao
109576,ativo,top-seller,2,192,532295,1217638,892,2020,nao,nao,sim
109577,cancelado,no-seller,368,2049,0,0,0,0,sim,nao,nao
109578,ativo,no-seller,289,655,0,0,0,0,nao,nao,nao
109579,ativo,no-seller,728,2817,0,0,0,0,nao,nao,nao
109580,ativo,no-seller,443,1561,0,0,0,0,sim,nao,nao
109581,ativo,struggling-seller,120,120,0,226,0,1,sim,nao,nao
109582,churnado,struggling-seller,351,1245,434,1250,2,6,nao,nao,nao
109583,ativo,struggling-seller,673,1190,0,149,0,1,nao,nao,nao
109584,ativo,no-seller,449,1935,0,0,0,0,nao,nao,nao
109585,ativo,no-seller,115,144,0,0,0,0,nao,nao,nao
109586,ativo,no-seller,576,3495,0,0,0,0,nao,nao,nao
109587,ativo,struggling-seller,382,860,306,832,2,5,nao,nao,nao
109588,ativo,struggling-seller,323,343,240,621,2,5,nao,nao,nao
109589,ativo,no-seller,666,2414,0,0,0,0,nao,sim,nao
109590,trial,tiny-seller,120,281,905,2461,3,8,nao,nao,nao
109591,ativo,tiny-seller,34,34,838,2098,4,11,nao,nao,nao
109592,trial,no-seller,792,1515,0,0,0,0,nao,nao,nao
109593,ativo,no-seller,237,593,0,0,0,0,nao,nao,nao
109594,ativo,struggling-seller,209,323,305,708,2,5,nao,nao,nao
109595,ativo,no-seller,302,395,0,0,0,0,nao,nao,nao
109596,ativo,tiny-seller,41,371,2926,7051,11,24,nao,nao,nao
109597,ativo,struggling-seller,628,1350,211,580,1,3,nao,nao,nao
109598,ativo,no-seller,534,3262,0,0,0,0,nao,nao,nao
109599,ativo,small-seller,127,3127,13570,29832,33,79,nao,nao,nao
109600,ativo,no-seller,108,165,0,0,0,0,nao,nao,nao
109601,ativo,no-seller,235,647,0,0,0,0,nao,nao,nao
109602,ativo,medium-seller,72,1418,63544,206715,142,431,nao,nao,nao
109603,ativo,medium-seller,58,202,63399,210971,138,494,nao,sim,nao
109604,ativo,no-seller,625,1065,0,0,0,0,nao,nao,nao
109605,ativo,no-seller,415,1374,0,0,0,0,nao,nao,nao
109606,ativo,no-seller,281,3219,0,0,0,0,nao,nao,nao
109607,ativo,struggling-seller,372,1815,413,982,2,5,nao,nao,nao
109608,ativo,no-seller,418,1042,0,0,0,0,nao,nao,nao
109609,ativo,no-seller,718,2372,0,0,0,0,nao,nao,sim
109610,ativo,no-seller,207,544,0,0,0,0,nao,sim,nao
109611,ativo,no-seller,794,2591,0,0,0,0,nao,sim,nao
109612,ativo,small-seller,144,3357,13291,32306,47,114,sim,sim,nao
109613,ativo,no-seller,35,66,0,0,0,0,nao,sim,nao
109614,ativo,tiny-seller,41,101,3924,8724,13,30,nao,nao,nao
109615,ativo,no-seller,113,130,0,0,0,0,nao,nao,nao
109616,ativo,no-seller,92,167,0,0,0,0,nao,nao,nao
109617,ativo,struggling-seller,333,893,233,642,1,3,nao,sim,sim
109618,ativo,small-seller,239,258,12385,39001,28,94,nao,nao,nao
109619,ativo,medium-seller,711,982,79400,221527,247,687,nao,nao,nao
109620,ativo,no-seller,54,54,0,0,0,0,nao,nao,nao
109621,churnado,no-seller,271,3065,0,0,0,0,sim,nao,nao
109622,ativo,tiny-seller,45,62,1373,3392,5,12,sim,nao,nao
109623,ativo,no-seller,706,2792,0,0,0,0,nao,nao,nao
109624,ativo,no-seller,118,1763,0,0,0,0,nao,nao,nao
109625,ativo,small-seller,400,466,12335,38455,23,73,nao,nao,nao
109626,ativo,no-seller,46,55,0,0,0,0,nao,nao,nao
109627,ativo,no-seller,175,188,0,0,0,0,nao,nao,nao
109628,ativo,medium-seller,349,3042,30113,102889,78,251,nao,nao,nao
109629,ativo,struggling-seller,26,2295,199,729,1,4,nao,nao,nao
109630,ativo,no-seller,64,2656,0,0,0,0,nao,nao,nao
109631,churnado,no-seller,241,522,0,0,0,0,nao,nao,nao
109632,ativo,no-seller,54,124,0,0,0,0,nao,nao,nao
109633,ativo,no-seller,20,597,0,0,0,0,sim,nao,nao
109634,ativo,struggling-seller,712,803,0,186,0,1,nao,nao,nao
109635,churnado,no-seller,327,1367,0,0,0,0,nao,nao,nao
109636,ativo,struggling-seller,17,1640,523,1691,2,6,nao,nao,nao
109637,churnado,no-seller,777,2691,0,0,0,0,nao,nao,nao
109638,ativo,no-seller,684,1127,0,0,0,0,nao,nao,nao
109639,trial,tiny-seller,783,3213,2685,8628,10,30,nao,nao,nao
109640,ativo,tiny-seller,701,1230,1666,4636,5,13,nao,sim,nao
109641,ativo,no-seller,69,195,0,0,0,0,nao,nao,nao
109642,ativo,struggling-seller,14,42,329,1032,2,6,nao,nao,nao
109643,ativo,tiny-seller,195,554,2473,9500,8,30,nao,nao,nao
109644,ativo,tiny-seller,111,137,3079,6633,8,18,nao,nao,nao
109645,ativo,medium-seller,203,2149,83311,270583,140,460,nao,nao,nao
109646,ativo,struggling-seller,251,304,0,192,0,1,nao,nao,nao
109647,ativo,no-seller,176,621,0,0,0,0,nao,nao,nao
109648,ativo,struggling-seller,152,1669,96,307,1,3,nao,nao,sim
109649,ativo,no-seller,783,3254,0,0,0,0,nao,nao,sim
109650,ativo,tiny-seller,29,487,2639,8087,7,22,nao,nao,nao
109651,ativo,no-seller,90,91,0,0,0,0,sim,nao,nao
109652,ativo,struggling-seller,67,72,95,201,1,2,nao,nao,nao
109653,ativo,small-seller,1,43,6977,19027,18,49,nao,nao,nao
109654,ativo,small-seller,772,2704,6611,24967,29,111,nao,sim,nao
109655,ativo,struggling-seller,122,1348,274,655,2,5,nao,nao,nao
109656,ativo,struggling-seller,46,223,253,818,2,6,nao,nao,nao
109657,ativo,tiny-seller,401,433,904,2992,4,14,nao,sim,nao
109658,ativo,no-seller,222,247,0,0,0,0,nao,nao,nao
109659,ativo,struggling-seller,487,873,280,652,2,5,nao,nao,nao
109660,ativo,no-seller,79,537,0,0,0,0,nao,nao,nao
109661,ativo,no-seller,417,3361,0,0,0,0,nao,nao,nao
109662,ativo,no-seller,88,158,0,0,0,0,nao,nao,sim
109663,ativo,struggling-seller,246,2261,295,633,2,4,nao,nao,nao
109664,ativo,no-seller,22,138,0,0,0,0,nao,sim,sim
109665,ativo,tiny-seller,37,132,2021,6809,7,25,nao,nao,nao
109666,ativo,no-seller,406,1144,0,0,0,0,nao,nao,nao
109667,ativo,no-seller,180,1346,0,0,0,0,nao,nao,nao
109668,cancelado,struggling-seller,63,154,186,562,2,6,nao,nao,nao
109669,ativo,small-seller,253,1752,9405,32296,23,76,nao,nao,nao
109670,ativo,struggling-seller,62,390,151,281,2,4,nao,nao,nao
109671,ativo,no-seller,74,362,0,0,0,0,nao,nao,nao
109672,ativo,no-seller,15,1990,0,0,0,0,nao,nao,nao
109673,ativo,struggling-seller,485,3370,104,306,1,3,nao,sim,nao
109674,ativo,no-seller,645,697,0,0,0,0,nao,nao,nao
109675,ativo,no-seller,199,2417,0,0,0,0,sim,nao,nao
109676,churnado,struggling-seller,334,1460,251,497,1,2,sim,nao,nao
109677,ativo,small-seller,8,64,10635,40575,37,134,nao,nao,nao
109678,ativo,no-seller,145,840,0,0,0,0,sim,sim,nao
109679,ativo,no-seller,7,108,0,0,0,0,nao,nao,nao
109680,ativo,no-seller,280,296,0,0,0,0,sim,nao,nao
109681,ativo,struggling-seller,77,176,154,318,1,2,nao,nao,nao
109682,ativo,struggling-seller,51,65,87,184,1,2,nao,sim,nao
109683,trial,no-seller,8,246,0,0,0,0,nao,nao,nao
109684,ativo,struggling-seller,53,60,100,321,1,3,nao,sim,sim
109685,ativo,no-seller,54,99,0,0,0,0,nao,nao,sim
109686,ativo,no-seller,639,958,0,0,0,0,nao,nao,nao
109687,trial,no-seller,117,1482,0,0,0,0,nao,nao,nao
109688,ativo,no-seller,242,2117,0,0,0,0,nao,nao,sim
109689,ativo,no-seller,100,138,0,0,0,0,sim,nao,nao
109690,ativo,tiny-seller,180,460,1311,3654,4,12,sim,nao,nao
109691,trial,small-seller,510,2091,4725,13210,19,58,nao,nao,nao
109692,ativo,no-seller,762,3052,0,0,0,0,nao,nao,nao
109693,ativo,no-seller,528,2115,0,0,0,0,nao,nao,nao
109694,ativo,no-seller,247,1062,0,0,0,0,nao,nao,sim
109695,ativo,no-seller,152,1641,0,0,0,0,nao,nao,nao
109696,ativo,small-seller,166,291,2952,9441,9,31,nao,nao,nao
109697,ativo,no-seller,342,2589,0,0,0,0,nao,nao,nao
109698,ativo,no-seller,84,94,0,0,0,0,nao,sim,nao
109699,ativo,no-seller,176,819,0,0,0,0,sim,nao,nao
109700,ativo,no-seller,160,554,0,0,0,0,nao,nao,nao
109701,ativo,struggling-seller,414,602,330,1056,2,6,nao,nao,nao
109702,ativo,small-seller,457,1017,12128,28426,35,79,sim,nao,nao
109703,ativo,medium-seller,86,521,122778,297637,217,511,sim,nao,nao
109704,ativo,tiny-seller,363,2239,4509,9565,10,23,nao,nao,nao
109705,ativo,no-seller,571,1327,0,0,0,0,nao,nao,nao
109706,ativo,no-seller,381,3110,0,0,0,0,nao,sim,nao
109707,ativo,no-seller,712,1982,0,0,0,0,sim,nao,nao
109708,ativo,no-seller,490,1966,0,0,0,0,sim,nao,nao
109709,ativo,small-seller,382,1282,13692,37067,48,137,nao,nao,nao
109710,ativo,no-seller,776,903,0,0,0,0,nao,nao,nao
109711,ativo,small-seller,464,759,9390,33490,34,133,nao,nao,sim
109712,ativo,struggling-seller,80,83,214,408,1,2,nao,nao,sim
109713,ativo,struggling-seller,440,513,251,740,2,6,nao,nao,nao
109714,ativo,small-seller,273,1806,22749,58195,52,132,nao,nao,nao
109715,churnado,no-seller,50,187,0,0,0,0,nao,nao,nao
109716,churnado,large-seller,351,566,234837,576936,623,1485,nao,nao,nao
109717,ativo,no-seller,312,1762,0,0,0,0,nao,nao,nao
109718,ativo,no-seller,23,30,0,0,0,0,sim,nao,nao
109719,ativo,small-seller,105,214,3555,10416,11,33,nao,nao,nao
109720,ativo,no-seller,552,1736,0,0,0,0,nao,nao,nao
109721,ativo,no-seller,64,384,0,0,0,0,nao,sim,nao
109722,ativo,small-seller,98,1405,4261,14336,18,62,nao,nao,sim
109723,ativo,no-seller,200,201,0,0,0,0,nao,nao,nao
109724,ativo,no-seller,49,2586,0,0,0,0,nao,nao,nao
109725,ativo,no-seller,155,184,0,0,0,0,nao,nao,nao
109726,churnado,struggling-seller,207,279,224,620,2,6,nao,nao,nao
109727,ativo,no-seller,724,1143,0,0,0,0,nao,nao,nao
109728,ativo,no-seller,373,1865,0,0,0,0,nao,nao,sim
109729,ativo,struggling-seller,190,254,396,957,2,5,nao,nao,nao
109730,ativo,no-seller,58,312,0,0,0,0,nao,nao,nao
109731,ativo,no-seller,502,968,0,0,0,0,nao,nao,nao
109732,ativo,no-seller,132,257,0,0,0,0,nao,nao,nao
109733,churnado,no-seller,140,3283,0,0,0,0,nao,sim,nao
109734,ativo,no-seller,59,314,0,0,0,0,nao,nao,nao
109735,ativo,tiny-seller,154,687,1222,3404,3,8,nao,nao,nao
109736,ativo,no-seller,429,444,0,0,0,0,nao,nao,nao
109737,churnado,no-seller,28,197,0,0,0,0,nao,nao,nao
109738,ativo,no-seller,243,330,0,0,0,0,nao,nao,sim
109739,ativo,no-seller,109,160,0,0,0,0,sim,nao,nao
109740,ativo,no-seller,706,944,0,0,0,0,nao,nao,nao
109741,ativo,no-seller,711,846,0,0,0,0,sim,nao,nao
109742,ativo,no-seller,117,735,0,0,0,0,nao,nao,nao
109743,ativo,top-seller,530,2329,1106253,2642307,1509,3962,nao,nao,nao
109744,ativo,no-seller,286,331,0,0,0,0,nao,nao,nao
109745,ativo,no-seller,788,3411,0,0,0,0,sim,nao,nao
109746,ativo,no-seller,36,451,0,0,0,0,nao,nao,nao
109747,ativo,struggling-seller,17,209,112,435,1,4,sim,nao,nao
109748,ativo,no-seller,315,2330,0,0,0,0,nao,nao,nao
109749,ativo,struggling-seller,193,3417,501,1220,2,5,nao,nao,nao
109750,trial,no-seller,255,769,0,0,0,0,nao,nao,nao
109751,ativo,struggling-seller,543,1641,516,1486,2,6,sim,nao,sim
109752,ativo,no-seller,152,986,0,0,0,0,nao,nao,nao
109753,ativo,medium-seller,99,111,54487,172098,161,469,nao,nao,nao
109754,churnado,tiny-seller,156,2932,1927,5690,10,30,nao,nao,sim
109755,trial,no-seller,295,1616,0,0,0,0,nao,nao,nao
109756,ativo,struggling-seller,56,95,754,1455,3,6,sim,sim,nao
109757,ativo,small-seller,79,1991,12459,51204,32,124,nao,nao,nao
109758,ativo,struggling-seller,5,51,108,580,1,5,nao,nao,nao
109759,ativo,no-seller,37,1230,0,0,0,0,nao,nao,nao
109760,ativo,medium-seller,613,726,52695,120193,151,376,nao,nao,nao
109761,churnado,small-seller,11,62,16717,58289,44,144,nao,nao,nao
109762,ativo,no-seller,655,664,0,0,0,0,nao,nao,nao
109763,ativo,no-seller,70,73,0,0,0,0,sim,nao,nao
109764,ativo,struggling-seller,368,629,101,219,1,2,nao,sim,nao
109765,cancelado,no-seller,784,866,0,0,0,0,sim,nao,nao
109766,ativo,no-seller,23,162,0,0,0,0,nao,nao,nao
109767,ativo,tiny-seller,71,330,2451,7211,9,27,nao,sim,nao
109768,ativo,no-seller,32,155,0,0,0,0,sim,nao,nao
109769,ativo,no-seller,755,987,0,0,0,0,nao,nao,nao
109770,ativo,no-seller,296,342,0,0,0,0,nao,nao,nao
109771,ativo,no-seller,224,376,0,0,0,0,nao,nao,nao
109772,ativo,no-seller,26,70,0,0,0,0,nao,nao,nao
109773,cancelado,struggling-seller,541,1157,0,125,0,1,sim,nao,nao
109774,ativo,struggling-seller,39,198,325,891,2,5,nao,nao,nao
109775,ativo,no-seller,420,2010,0,0,0,0,sim,nao,nao
109776,ativo,no-seller,38,141,0,0,0,0,nao,sim,nao
109777,ativo,struggling-seller,181,226,136,556,1,4,nao,nao,nao
109778,ativo,struggling-seller,561,2727,175,560,1,3,nao,nao,nao
109779,ativo,no-seller,44,71,0,0,0,0,sim,nao,nao
109780,ativo,tiny-seller,424,836,1147,4117,7,24,nao,nao,nao
109781,ativo,no-seller,176,2172,0,0,0,0,nao,nao,sim
109782,ativo,no-seller,75,159,0,0,0,0,nao,sim,nao
109783,ativo,tiny-seller,47,67,2697,5660,8,18,nao,nao,nao
109784,ativo,no-seller,32,270,0,0,0,0,nao,nao,nao
109785,ativo,no-seller,692,2052,0,0,0,0,nao,nao,nao
109786,churnado,no-seller,228,1310,0,0,0,0,sim,nao,nao
109787,ativo,no-seller,0,102,0,0,0,0,nao,nao,sim
109788,ativo,struggling-seller,119,149,0,183,0,1,sim,nao,nao
109789,ativo,no-seller,320,1313,0,0,0,0,nao,nao,nao
109790,ativo,tiny-seller,333,1829,2403,7769,9,30,nao,nao,nao
109791,ativo,struggling-seller,493,1278,0,270,0,1,nao,nao,nao
109792,ativo,small-seller,41,1032,7304,27392,26,92,nao,nao,nao
109793,ativo,tiny-seller,104,109,2636,7279,10,28,nao,nao,nao
109794,ativo,no-seller,192,327,0,0,0,0,sim,nao,nao
109795,ativo,no-seller,134,208,0,0,0,0,nao,nao,nao
109796,ativo,tiny-seller,309,2448,523,1876,3,11,sim,nao,nao
109797,ativo,tiny-seller,790,1008,2276,9390,7,26,sim,nao,nao
109798,ativo,no-seller,271,398,0,0,0,0,nao,nao,nao
109799,ativo,no-seller,68,259,0,0,0,0,nao,sim,nao
109800,ativo,struggling-seller,36,88,348,738,2,4,nao,nao,nao
109801,ativo,no-seller,389,619,0,0,0,0,sim,nao,nao
109802,ativo,no-seller,92,107,0,0,0,0,sim,sim,nao
109803,ativo,small-seller,250,290,16175,43813,38,100,sim,nao,nao
109804,ativo,no-seller,274,2085,0,0,0,0,sim,nao,nao
109805,ativo,tiny-seller,280,446,1556,3812,9,22,nao,nao,nao
109806,ativo,tiny-seller,33,37,1024,2933,3,9,sim,nao,nao
109807,ativo,struggling-seller,63,154,213,421,1,2,nao,nao,nao
109808,ativo,tiny-seller,26,114,1415,3722,7,18,sim,nao,nao
109809,ativo,no-seller,43,75,0,0,0,0,nao,nao,nao
109810,ativo,no-seller,8,55,0,0,0,0,nao,nao,nao
109811,ativo,no-seller,258,1968,0,0,0,0,nao,nao,nao
109812,ativo,struggling-seller,582,2361,485,1148,2,5,nao,nao,nao
109813,ativo,small-seller,492,581,12070,40143,39,137,nao,sim,sim
109814,ativo,struggling-seller,442,2855,499,1276,2,5,nao,nao,sim
109815,ativo,struggling-seller,73,168,227,529,2,5,nao,sim,nao
109816,ativo,tiny-seller,232,309,2115,6149,8,25,nao,nao,nao
109817,ativo,tiny-seller,513,872,2124,5430,11,26,nao,nao,nao
109818,trial,struggling-seller,376,389,0,121,0,1,nao,nao,nao
109819,ativo,small-seller,85,165,13611,41392,30,99,nao,nao,nao
109820,ativo,no-seller,331,591,0,0,0,0,nao,nao,nao
109821,ativo,no-seller,710,2340,0,0,0,0,nao,nao,sim
109822,ativo,tiny-seller,155,162,1925,4258,6,14,nao,sim,nao
109823,ativo,no-seller,74,1054,0,0,0,0,sim,nao,sim
109824,ativo,no-seller,646,1376,0,0,0,0,nao,nao,nao
109825,ativo,tiny-seller,709,715,2739,8590,7,22,nao,nao,nao
109826,ativo,no-seller,63,1738,0,0,0,0,nao,nao,sim
109827,ativo,no-seller,34,140,0,0,0,0,nao,nao,nao
109828,ativo,no-seller,369,1305,0,0,0,0,nao,nao,nao
109829,ativo,no-seller,53,75,0,0,0,0,nao,nao,nao
109830,ativo,tiny-seller,18,409,1175,4297,5,18,nao,nao,nao
109831,ativo,no-seller,390,536,0,0,0,0,sim,nao,nao
109832,ativo,no-seller,62,139,0,0,0,0,sim,nao,nao
109833,ativo,struggling-seller,579,1391,0,111,0,1,sim,nao,sim
109834,ativo,no-seller,379,624,0,0,0,0,nao,nao,nao
109835,ativo,no-seller,63,476,0,0,0,0,nao,nao,nao
109836,ativo,small-seller,15,156,4123,12609,11,31,nao,nao,nao
109837,ativo,no-seller,84,2596,0,0,0,0,nao,nao,nao
109838,ativo,no-seller,185,323,0,0,0,0,sim,nao,nao
109839,ativo,no-seller,328,1864,0,0,0,0,nao,nao,nao
109840,ativo,struggling-seller,143,200,90,297,1,3,nao,nao,nao
109841,ativo,no-seller,88,218,0,0,0,0,nao,nao,sim
109842,ativo,no-seller,661,854,0,0,0,0,nao,nao,nao
109843,trial,no-seller,319,459,0,0,0,0,nao,nao,nao
109844,ativo,no-seller,17,45,0,0,0,0,nao,nao,nao
109845,ativo,tiny-seller,738,2565,1649,6320,6,21,sim,nao,nao
109846,ativo,no-seller,556,2700,0,0,0,0,nao,nao,nao
109847,trial,no-seller,685,3030,0,0,0,0,nao,nao,nao
109848,ativo,struggling-seller,480,1623,0,226,0,1,nao,nao,sim
109849,ativo,small-seller,2,34,26923,60343,60,141,nao,nao,nao
109850,ativo,no-seller,7,342,0,0,0,0,sim,nao,nao
109851,ativo,medium-seller,67,376,88618,253789,261,704,nao,nao,nao
109852,ativo,no-seller,147,331,0,0,0,0,nao,nao,nao
109853,ativo,no-seller,80,330,0,0,0,0,nao,nao,nao
109854,ativo,struggling-seller,159,983,153,462,2,6,nao,nao,sim
109855,ativo,no-seller,300,2377,0,0,0,0,nao,nao,nao
109856,ativo,no-seller,79,506,0,0,0,0,sim,nao,nao
109857,ativo,no-seller,189,336,0,0,0,0,nao,nao,nao
109858,ativo,no-seller,10,255,0,0,0,0,sim,nao,nao
109859,churnado,no-seller,237,1359,0,0,0,0,nao,nao,nao
109860,ativo,no-seller,8,75,0,0,0,0,nao,nao,nao
109861,ativo,tiny-seller,358,511,842,2398,5,13,nao,nao,nao
109862,ativo,no-seller,274,322,0,0,0,0,nao,nao,nao
109863,churnado,no-seller,356,447,0,0,0,0,nao,nao,nao
109864,ativo,tiny-seller,374,390,992,3516,3,11,nao,nao,nao
109865,trial,no-seller,261,514,0,0,0,0,sim,nao,nao
109866,ativo,no-seller,17,783,0,0,0,0,nao,nao,nao
109867,ativo,no-seller,259,1905,0,0,0,0,nao,nao,nao
109868,ativo,struggling-seller,207,597,332,969,2,6,nao,nao,nao
109869,churnado,struggling-seller,6,51,137,453,1,3,nao,sim,nao
109870,trial,small-seller,658,1932,12668,30044,28,71,nao,sim,nao
109871,churnado,no-seller,83,83,0,0,0,0,sim,sim,nao
109872,ativo,struggling-seller,45,69,453,858,2,4,sim,nao,nao
109873,ativo,struggling-seller,251,3203,143,303,1,2,nao,nao,nao
109874,ativo,struggling-seller,144,184,181,435,2,5,sim,nao,nao
109875,ativo,no-seller,144,609,0,0,0,0,sim,nao,nao
109876,ativo,no-seller,62,99,0,0,0,0,nao,nao,nao
109877,ativo,tiny-seller,125,259,4494,10539,12,30,nao,nao,nao
109878,ativo,no-seller,113,523,0,0,0,0,nao,nao,nao
109879,ativo,tiny-seller,52,1471,2531,7861,10,28,nao,nao,nao
109880,ativo,struggling-seller,117,2113,88,273,1,3,nao,nao,nao
109881,ativo,no-seller,213,223,0,0,0,0,nao,nao,nao
109882,ativo,tiny-seller,79,243,1379,4723,4,15,nao,nao,nao
109883,ativo,no-seller,127,173,0,0,0,0,nao,nao,nao
109884,ativo,no-seller,42,347,0,0,0,0,nao,nao,nao
109885,ativo,small-seller,278,1325,6116,21923,29,103,nao,nao,nao
109886,ativo,no-seller,346,486,0,0,0,0,nao,nao,nao
109887,ativo,no-seller,133,431,0,0,0,0,nao,nao,nao
109888,ativo,no-seller,129,2911,0,0,0,0,nao,nao,nao
109889,ativo,no-seller,136,590,0,0,0,0,sim,nao,nao
109890,ativo,no-seller,197,2545,0,0,0,0,nao,nao,sim
109891,ativo,no-seller,586,862,0,0,0,0,nao,nao,nao
109892,ativo,no-seller,33,102,0,0,0,0,nao,sim,nao
109893,ativo,small-seller,610,924,10131,36865,32,105,nao,nao,nao
109894,ativo,small-seller,354,432,30292,72142,59,146,nao,sim,nao
109895,ativo,no-seller,120,311,0,0,0,0,nao,nao,sim
109896,ativo,no-seller,82,189,0,0,0,0,nao,nao,nao
109897,ativo,struggling-seller,3,413,0,88,0,1,nao,nao,sim
109898,ativo,no-seller,99,1179,0,0,0,0,nao,nao,nao
109899,ativo,small-seller,373,379,4550,12561,24,63,nao,sim,nao
109900,ativo,no-seller,44,70,0,0,0,0,sim,sim,nao
109901,ativo,small-seller,669,1659,8046,23986,35,112,nao,nao,nao
109902,ativo,tiny-seller,55,432,3511,8473,11,28,nao,nao,nao
109903,ativo,struggling-seller,716,2027,165,346,1,2,nao,sim,nao
109904,churnado,medium-seller,46,172,21271,51854,76,178,sim,nao,nao
109905,ativo,no-seller,20,126,0,0,0,0,nao,sim,nao
109906,ativo,no-seller,86,1938,0,0,0,0,nao,nao,nao
109907,ativo,no-seller,339,2088,0,0,0,0,nao,nao,nao
109908,ativo,no-seller,214,934,0,0,0,0,nao,nao,nao
109909,ativo,tiny-seller,281,1334,1506,4589,7,20,nao,nao,nao
109910,ativo,small-seller,54,65,20838,56268,54,142,nao,nao,nao
109911,cancelado,tiny-seller,460,723,1227,4107,9,28,sim,nao,nao
109912,cancelado,no-seller,616,3127,0,0,0,0,sim,nao,nao
109913,ativo,no-seller,291,291,0,0,0,0,nao,nao,nao
109914,ativo,no-seller,25,64,0,0,0,0,nao,nao,nao
109915,ativo,small-seller,28,78,6432,21014,27,87,nao,nao,nao
109916,ativo,no-seller,377,822,0,0,0,0,nao,nao,nao
109917,ativo,no-seller,665,1371,0,0,0,0,sim,nao,nao
109918,ativo,struggling-seller,276,322,271,505,2,4,nao,nao,nao
109919,ativo,no-seller,145,1612,0,0,0,0,sim,nao,nao
109920,ativo,no-seller,459,517,0,0,0,0,nao,nao,nao
109921,ativo,struggling-seller,196,248,306,877,2,6,nao,nao,sim
109922,ativo,no-seller,291,1218,0,0,0,0,nao,nao,nao
109923,ativo,top-seller,226,731,1334688,4602676,1311,4768,sim,nao,nao
109924,ativo,top-seller,55,214,753865,2842932,1313,4943,nao,nao,nao
109925,ativo,top-seller,312,391,533925,1148542,674,1555,nao,nao,nao
109926,ativo,medium-seller,249,378,20181,82255,64,247,nao,nao,nao
109927,ativo,struggling-seller,436,2033,200,829,1,4,nao,sim,nao
109928,ativo,no-seller,116,230,0,0,0,0,sim,nao,nao
109929,ativo,struggling-seller,27,36,0,129,0,1,nao,nao,nao
109930,ativo,no-seller,15,484,0,0,0,0,nao,nao,nao
109931,ativo,no-seller,62,168,0,0,0,0,nao,nao,sim
109932,ativo,no-seller,629,1759,0,0,0,0,sim,sim,nao
109933,ativo,no-seller,266,391,0,0,0,0,nao,nao,nao
109934,ativo,no-seller,144,2358,0,0,0,0,nao,sim,nao
109935,ativo,small-seller,435,1081,20505,48392,35,88,nao,nao,nao
109936,ativo,struggling-seller,9,45,156,746,1,5,nao,nao,nao
109937,ativo,struggling-seller,7,55,129,530,1,4,nao,nao,nao
109938,ativo,struggling-seller,24,577,261,618,2,5,nao,nao,sim
109939,ativo,small-seller,25,515,7230,20784,14,39,nao,nao,nao
109940,ativo,no-seller,466,2879,0,0,0,0,nao,nao,nao
109941,ativo,struggling-seller,591,1060,405,1201,2,6,nao,nao,nao
109942,trial,no-seller,373,567,0,0,0,0,nao,nao,nao
109943,ativo,struggling-seller,794,2732,186,513,1,3,nao,nao,nao
109944,ativo,struggling-seller,190,228,254,744,2,6,nao,nao,nao
109945,ativo,tiny-seller,133,444,742,2169,3,9,sim,nao,nao
109946,ativo,medium-seller,770,3159,118652,281632,254,603,nao,nao,nao
109947,ativo,no-seller,145,2151,0,0,0,0,nao,sim,sim
109948,ativo,struggling-seller,482,3104,566,1081,2,4,nao,nao,nao
109949,ativo,medium-seller,105,149,116710,386175,215,668,nao,nao,nao
109950,ativo,struggling-seller,721,2509,167,720,1,4,nao,nao,nao
109951,ativo,struggling-seller,77,281,204,474,2,5,nao,nao,sim
109952,ativo,small-seller,121,226,11610,27735,38,94,nao,nao,nao
109953,ativo,no-seller,142,142,0,0,0,0,nao,nao,nao
109954,ativo,no-seller,656,968,0,0,0,0,nao,nao,nao
109955,ativo,struggling-seller,136,192,414,1052,2,5,nao,nao,nao
109956,ativo,no-seller,57,91,0,0,0,0,nao,nao,nao
109957,ativo,tiny-seller,35,60,1944,4819,10,24,nao,nao,nao
109958,ativo,struggling-seller,28,119,225,438,1,2,nao,nao,nao
109959,ativo,tiny-seller,450,1473,728,2830,4,15,nao,nao,nao
109960,ativo,no-seller,42,47,0,0,0,0,nao,nao,nao
109961,ativo,medium-seller,177,667,25812,54829,74,170,nao,nao,nao
109962,ativo,no-seller,149,2755,0,0,0,0,nao,nao,nao
109963,ativo,no-seller,125,235,0,0,0,0,nao,nao,nao
109964,ativo,no-seller,1,39,0,0,0,0,nao,nao,nao
109965,ativo,no-seller,42,103,0,0,0,0,nao,nao,nao
109966,trial,struggling-seller,34,44,175,355,1,2,nao,nao,nao
109967,ativo,no-seller,76,166,0,0,0,0,nao,sim,nao
109968,ativo,no-seller,624,1788,0,0,0,0,sim,nao,nao
109969,ativo,small-seller,422,2990,16795,41494,37,100,nao,nao,nao
109970,trial,tiny-seller,171,207,1474,5457,5,18,nao,nao,nao
109971,ativo,no-seller,180,216,0,0,0,0,sim,nao,nao
109972,ativo,no-seller,218,1290,0,0,0,0,nao,nao,nao
109973,ativo,no-seller,4,71,0,0,0,0,nao,nao,nao
109974,ativo,tiny-seller,726,806,1305,3415,4,11,nao,nao,nao
109975,ativo,no-seller,312,1320,0,0,0,0,nao,nao,nao
109976,ativo,struggling-seller,375,1841,285,733,2,5,nao,sim,nao
109977,ativo,struggling-seller,140,3406,117,515,1,4,nao,nao,nao
109978,ativo,no-seller,47,492,0,0,0,0,nao,nao,nao
109979,ativo,no-seller,114,414,0,0,0,0,nao,nao,nao
109980,ativo,struggling-seller,145,221,82,252,1,3,sim,nao,nao
109981,ativo,no-seller,181,869,0,0,0,0,nao,nao,sim
109982,ativo,no-seller,34,3015,0,0,0,0,nao,nao,sim
109983,ativo,no-seller,35,142,0,0,0,0,nao,nao,nao
109984,ativo,tiny-seller,326,678,1382,3248,7,18,sim,nao,nao
109985,ativo,struggling-seller,765,1232,114,418,1,4,nao,nao,nao
109986,ativo,struggling-seller,295,337,0,272,0,1,nao,nao,nao
109987,ativo,tiny-seller,20,50,817,2831,4,14,nao,nao,nao
109988,ativo,no-seller,685,1112,0,0,0,0,nao,nao,nao
109989,ativo,no-seller,198,1124,0,0,0,0,sim,nao,nao
109990,ativo,struggling-seller,269,2914,174,821,1,5,nao,nao,nao
109991,ativo,tiny-seller,275,2005,1178,2743,6,14,nao,nao,nao
109992,ativo,no-seller,681,974,0,0,0,0,sim,nao,nao
109993,ativo,no-seller,378,1094,0,0,0,0,nao,nao,nao
109994,ativo,tiny-seller,779,960,3256,10919,9,28,nao,nao,nao
109995,ativo,no-seller,63,215,0,0,0,0,nao,nao,nao
109996,ativo,struggling-seller,208,1132,153,605,1,4,nao,nao,nao
109997,ativo,no-seller,408,1630,0,0,0,0,nao,nao,sim
109998,ativo,struggling-seller,404,1360,199,582,1,3,sim,nao,nao
109999,ativo,no-seller,373,596,0,0,0,0,nao,nao,nao
110000,ativo,struggling-seller,417,1719,505,1188,2,5,nao,nao,nao
